# Blender 4.4.0
# www.blender.org
mtllib 15var_rasputin_120iD.mtl
o XO1
v -0.187471 -1.168289 1.764621
v -0.309536 -0.741106 1.764621
v -0.187471 -1.168289 1.412037
v -0.309536 -0.741106 1.412037
v 0.106641 -1.168289 1.764621
v -0.015424 -0.741106 1.764621
v 0.106641 -1.168289 1.412037
v -0.015424 -0.741106 1.412037
v -0.290943 -0.716505 1.742332
v -0.290943 -0.716505 1.434326
v -0.034017 -0.716505 1.434326
v -0.034017 -0.716505 1.742332
v -0.309536 -0.735979 1.764621
v -0.309536 -0.735979 1.412037
v -0.015424 -0.735979 1.412037
v -0.015424 -0.735979 1.764621
v -0.290943 -0.650683 1.742332
v -0.290943 -0.650683 1.434326
v -0.034017 -0.650683 1.434326
v -0.034017 -0.650683 1.742332
v -0.290943 -0.649630 1.742332
v -0.238943 -0.574102 1.679993
v -0.290303 -0.637815 1.741564
v -0.288398 -0.626290 1.739280
v -0.285275 -0.615341 1.735537
v -0.281012 -0.605236 1.730426
v -0.275713 -0.596223 1.724073
v -0.269508 -0.588526 1.716635
v -0.262550 -0.582334 1.708294
v -0.255012 -0.577798 1.699257
v -0.247077 -0.575032 1.689745
v -0.238943 -0.574102 1.496665
v -0.290943 -0.649630 1.434326
v -0.247077 -0.575032 1.486913
v -0.255012 -0.577798 1.477401
v -0.262550 -0.582334 1.468363
v -0.269508 -0.588526 1.460023
v -0.275713 -0.596223 1.452584
v -0.281012 -0.605236 1.446231
v -0.285275 -0.615341 1.441120
v -0.288398 -0.626290 1.437377
v -0.290303 -0.637815 1.435093
v -0.086017 -0.574102 1.496665
v -0.034017 -0.649630 1.434326
v -0.077882 -0.575032 1.486913
v -0.069948 -0.577798 1.477401
v -0.062409 -0.582334 1.468363
v -0.055452 -0.588526 1.460023
v -0.049247 -0.596223 1.452584
v -0.043948 -0.605236 1.446231
v -0.039684 -0.615341 1.441120
v -0.036562 -0.626290 1.437377
v -0.034657 -0.637815 1.435093
v -0.086017 -0.574102 1.679993
v -0.034017 -0.649630 1.742332
v -0.077882 -0.575032 1.689745
v -0.069948 -0.577798 1.699257
v -0.062409 -0.582334 1.708294
v -0.055452 -0.588526 1.716635
v -0.049247 -0.596223 1.724073
v -0.043948 -0.605236 1.730426
v -0.039684 -0.615341 1.735537
v -0.036562 -0.626290 1.739280
v -0.034657 -0.637815 1.741564
v -0.315120 -0.741106 1.764621
v -0.315120 -0.741106 1.412037
v -0.315120 -0.735979 1.764621
v -0.315120 -0.735979 1.412037
v -0.309536 -0.949266 1.764621
v -0.309536 -0.949266 1.412037
v -0.315120 -0.949266 1.764621
v -0.315120 -0.949266 1.412037
v -0.309536 -1.045329 1.764621
v -0.309536 -1.045329 1.412037
v -0.315120 -1.045329 1.764621
v -0.315120 -1.045329 1.412037
v -0.179977 -0.741106 1.764621
v -0.179977 -0.741106 1.412037
v -0.179977 -0.949266 1.764621
v -0.179977 -0.949266 1.412037
v -0.190295 -0.949266 1.764621
v -0.190295 -0.949266 1.412037
v -0.190295 -1.045329 1.764621
v -0.190295 -1.045329 1.412037
v -0.098811 -1.169216 1.007227
v -0.043742 -1.169216 1.012649
v 0.009211 -1.169216 1.028707
v 0.058012 -1.169216 1.054783
v 0.100787 -1.169216 1.089876
v 0.135891 -1.169216 1.132637
v 0.161976 -1.169216 1.181422
v 0.178039 -1.169216 1.234357
v 0.183463 -1.169216 1.289408
v 0.178039 -1.169216 1.344459
v 0.161976 -1.169216 1.397394
v 0.135891 -1.169216 1.446179
v 0.100787 -1.169216 1.488940
v 0.058012 -1.164675 1.515774
v 0.009211 -1.164675 1.541850
v -0.043742 -1.164675 1.557908
v -0.098811 -1.169216 1.571589
v -0.153879 -1.169216 1.566167
v -0.206832 -1.169216 1.550109
v -0.255633 -1.169216 1.524033
v -0.298408 -1.169216 1.488940
v -0.333512 -1.169216 1.446179
v -0.359597 -1.169216 1.397394
v -0.375660 -1.169216 1.344459
v -0.381084 -1.169216 1.289408
v -0.375660 -1.169216 1.234357
v -0.359597 -1.169216 1.181422
v -0.333512 -1.169216 1.132637
v -0.298408 -1.169216 1.089876
v -0.255633 -1.169216 1.054783
v -0.206832 -1.169216 1.028707
v -0.153879 -1.169216 1.012649
v -0.095396 -1.174708 0.977891
v -0.017197 -1.174708 0.986040
v 0.057996 -1.174708 1.010176
v 0.127294 -1.174708 1.049371
v 0.188035 -1.174708 1.102118
v 0.237883 -1.174708 1.166390
v 0.274924 -1.174708 1.239718
v 0.297734 -1.174708 1.319283
v 0.305436 -1.174708 1.402028
v 0.297734 -1.174708 1.484773
v 0.274924 -1.174708 1.564338
v 0.237883 -1.174708 1.637666
v 0.188035 -1.174708 1.701938
v 0.127294 -1.174708 1.754685
v 0.057996 -1.174708 1.793880
v -0.017197 -1.174708 1.818016
v -0.095396 -1.174708 1.826165
v -0.173594 -1.174708 1.818016
v -0.248787 -1.174708 1.793880
v -0.318085 -1.174708 1.754685
v -0.378826 -1.174708 1.701938
v -0.428675 -1.174708 1.637666
v -0.465715 -1.174708 1.564338
v -0.488525 -1.174708 1.484773
v -0.496227 -1.174708 1.402028
v -0.488525 -1.174708 1.319283
v -0.465715 -1.174708 1.239718
v -0.428675 -1.174708 1.166390
v -0.378826 -1.174708 1.102118
v -0.318085 -1.174708 1.049371
v -0.248787 -1.174708 1.010176
v -0.173594 -1.174708 0.986040
v -0.095396 -1.077540 0.977891
v -0.017197 -1.077540 0.986040
v 0.057996 -1.077540 1.010176
v 0.127294 -1.077540 1.049371
v 0.188035 -1.077540 1.102118
v 0.237883 -1.077540 1.166390
v 0.274924 -1.077540 1.239718
v 0.297734 -1.077540 1.319283
v 0.305436 -1.077540 1.402028
v 0.297734 -1.077540 1.484773
v 0.274924 -1.077540 1.564338
v 0.237883 -1.077540 1.637666
v 0.188035 -1.077540 1.701938
v 0.127294 -1.077540 1.754685
v 0.057996 -1.077540 1.793880
v -0.017197 -1.077540 1.818016
v -0.095396 -1.077540 1.826165
v -0.173594 -1.077540 1.818016
v -0.248787 -1.077540 1.793880
v -0.318085 -1.077540 1.754685
v -0.378826 -1.077540 1.701938
v -0.428675 -1.077540 1.637666
v -0.465715 -1.077540 1.564338
v -0.488525 -1.077540 1.484773
v -0.496227 -1.077540 1.402028
v -0.488525 -1.077540 1.319283
v -0.465715 -1.077540 1.239718
v -0.428675 -1.077540 1.166390
v -0.378826 -1.077540 1.102118
v -0.318085 -1.077540 1.049371
v -0.248787 -1.077540 1.010176
v -0.173594 -1.077540 0.986040
v 0.052909 -0.640630 1.351756
v 0.033280 -1.042447 1.364678
v 0.052909 -0.640630 1.152753
v 0.033280 -1.042447 1.139831
v 0.355216 -0.640630 1.351756
v 0.374845 -1.042447 1.364678
v 0.355216 -0.640630 1.152753
v 0.374845 -1.042447 1.139831
v 0.033280 -0.728088 1.139831
v 0.033280 -0.640630 1.364678
v 0.374845 -0.728088 1.139831
v 0.374845 -0.640630 1.364678
v 0.033280 -0.640630 1.139831
v 0.033280 -0.640630 1.364678
v 0.374845 -0.640630 1.139831
v 0.374845 -0.640630 1.364678
v 0.033280 -0.640630 1.139831
v 0.033280 -0.640630 1.364678
v 0.374845 -0.640630 1.139831
v 0.374845 -0.640630 1.364678
v 0.033280 -0.640630 1.139831
v 0.033280 -0.640630 1.364678
v 0.374845 -0.640630 1.139831
v 0.374845 -0.640630 1.364678
v 0.052909 -0.640413 1.152753
v 0.073229 -0.628291 1.166128
v 0.053036 -0.638517 1.152836
v 0.053414 -0.636667 1.153084
v 0.054032 -0.634910 1.153492
v 0.054877 -0.633288 1.154048
v 0.055927 -0.631841 1.154739
v 0.057157 -0.630606 1.155549
v 0.058536 -0.629612 1.156456
v 0.060029 -0.628884 1.157440
v 0.061602 -0.628440 1.158475
v 0.073229 -0.628291 1.338380
v 0.052909 -0.640413 1.351756
v 0.061602 -0.628440 1.346034
v 0.060029 -0.628884 1.347069
v 0.058536 -0.629612 1.348053
v 0.057157 -0.630606 1.348960
v 0.055927 -0.631841 1.349770
v 0.054877 -0.633288 1.350461
v 0.054032 -0.634910 1.351017
v 0.053414 -0.636667 1.351425
v 0.053036 -0.638517 1.351673
v 0.355216 -0.640413 1.152753
v 0.334896 -0.628291 1.166128
v 0.355089 -0.638517 1.152836
v 0.354711 -0.636667 1.153084
v 0.354093 -0.634910 1.153492
v 0.353248 -0.633288 1.154048
v 0.352198 -0.631841 1.154739
v 0.350968 -0.630606 1.155549
v 0.349589 -0.629612 1.156456
v 0.348096 -0.628884 1.157440
v 0.346523 -0.628440 1.158475
v 0.355216 -0.640413 1.351756
v 0.334896 -0.628291 1.338380
v 0.355089 -0.638517 1.351673
v 0.354711 -0.636667 1.351425
v 0.354093 -0.634910 1.351017
v 0.353248 -0.633288 1.350461
v 0.352198 -0.631841 1.349770
v 0.350968 -0.630606 1.348960
v 0.349589 -0.629612 1.348053
v 0.348096 -0.628884 1.347069
v 0.346523 -0.628440 1.346034
v 0.063214 -0.628291 1.159536
v 0.063214 -0.628291 1.344973
v 0.344911 -0.628291 1.159536
v 0.344911 -0.628291 1.344973
v 0.073229 -0.619440 1.166128
v 0.073229 -0.619440 1.338380
v 0.334896 -0.619440 1.166128
v 0.334896 -0.619440 1.338380
v 0.073229 -0.590808 1.166128
v 0.125393 -0.529442 1.200467
v 0.073871 -0.581208 1.166551
v 0.075782 -0.571845 1.167809
v 0.078914 -0.562948 1.169871
v 0.083191 -0.554738 1.172687
v 0.088507 -0.547416 1.176186
v 0.094732 -0.541162 1.180283
v 0.101711 -0.536131 1.184878
v 0.109273 -0.532446 1.189856
v 0.117233 -0.530198 1.195096
v 0.125393 -0.529442 1.304042
v 0.073229 -0.590808 1.338380
v 0.117233 -0.530198 1.309413
v 0.109273 -0.532446 1.314653
v 0.101711 -0.536131 1.319631
v 0.094732 -0.541162 1.324225
v 0.088507 -0.547416 1.328323
v 0.083191 -0.554738 1.331822
v 0.078914 -0.562948 1.334638
v 0.075782 -0.571845 1.336700
v 0.073871 -0.581208 1.337958
v 0.334896 -0.590808 1.166128
v 0.282732 -0.529442 1.200467
v 0.334254 -0.581208 1.166551
v 0.332343 -0.571845 1.167809
v 0.329211 -0.562948 1.169871
v 0.324934 -0.554738 1.172687
v 0.319618 -0.547416 1.176186
v 0.313393 -0.541162 1.180283
v 0.306414 -0.536131 1.184878
v 0.298852 -0.532446 1.189856
v 0.290892 -0.530198 1.195096
v 0.334896 -0.590808 1.338380
v 0.282732 -0.529442 1.304042
v 0.334254 -0.581208 1.337958
v 0.332343 -0.571845 1.336700
v 0.329211 -0.562948 1.334638
v 0.324934 -0.554738 1.331822
v 0.319618 -0.547416 1.328323
v 0.313393 -0.541162 1.324225
v 0.306414 -0.536131 1.319631
v 0.298852 -0.532446 1.314653
v 0.290892 -0.530198 1.309413
v 0.033280 -1.042447 1.086393
v 0.033280 -0.728088 1.086393
v 0.374845 -0.728088 1.086393
v 0.374845 -1.042447 1.086393
v 0.033280 -1.042447 1.034554
v 0.033280 -0.864389 1.034554
v 0.374845 -0.864389 1.034554
v 0.374845 -1.042447 1.034554
v 0.374845 -0.728088 1.089474
v 0.033280 -0.728088 1.089474
v 0.374845 -0.640630 1.089474
v 0.033280 -0.640630 1.089474
v -0.012749 -1.079411 0.917910
v 0.092386 -1.079411 0.927212
v 0.193481 -1.079411 0.954761
v 0.286651 -1.079411 0.999498
v 0.368315 -1.079411 1.059705
v 0.368315 -1.079411 1.744352
v 0.286651 -1.079411 1.804558
v 0.193481 -1.079411 1.849295
v 0.092386 -1.079411 1.876844
v -0.012749 -1.079411 1.886147
v -0.117885 -1.079411 1.876844
v -0.218980 -1.079411 1.849295
v -0.312149 -1.079411 1.804558
v -0.393813 -1.079411 1.744352
v -0.460833 -1.079411 1.670990
v -0.510633 -1.079411 1.587292
v -0.541300 -1.079411 1.496475
v -0.551655 -1.079411 1.402028
v -0.541300 -1.079411 1.307581
v -0.510633 -1.079411 1.216764
v -0.460833 -1.079411 1.133066
v -0.393813 -1.079411 1.059705
v -0.312149 -1.079411 0.999498
v -0.218980 -1.079411 0.954761
v -0.117885 -1.079411 0.927212
v -0.012749 -1.037394 0.917910
v 0.092386 -1.037394 0.927212
v 0.193481 -1.037394 0.954761
v 0.286651 -1.037394 0.999498
v 0.368315 -1.037394 1.059705
v 0.368315 -1.037394 1.744352
v 0.286651 -1.037394 1.804558
v 0.193481 -1.037394 1.849295
v 0.092386 -1.037394 1.876844
v -0.012749 -1.037394 1.886147
v -0.117885 -1.037394 1.876844
v -0.218980 -1.037394 1.849295
v -0.312149 -1.037394 1.804558
v -0.393813 -1.037394 1.744352
v -0.460833 -1.037394 1.670990
v -0.510633 -1.037394 1.587292
v -0.541300 -1.037394 1.496475
v -0.551655 -1.037394 1.402028
v -0.541300 -1.037394 1.307581
v -0.510633 -1.037394 1.216764
v -0.460833 -1.037394 1.133066
v -0.393813 -1.037394 1.059705
v -0.312149 -1.037394 0.999498
v -0.218980 -1.037394 0.954761
v -0.117885 -1.037394 0.927212
v 0.428809 -1.079411 1.125923
v 0.428809 -1.037394 1.125923
v 0.428809 -1.079411 1.678133
v 0.428809 -1.037394 1.678133
v 0.386771 -0.767559 1.465293
v 0.386771 -0.794367 1.467934
v 0.386771 -0.820145 1.475753
v 0.386771 -0.843901 1.488451
v 0.386771 -0.864724 1.505540
v 0.386771 -0.881813 1.526363
v 0.386771 -0.894511 1.550120
v 0.386771 -0.902331 1.575898
v 0.386771 -0.904971 1.602705
v 0.386771 -0.902331 1.629513
v 0.386771 -0.894511 1.655291
v 0.386771 -0.881813 1.679047
v 0.386771 -0.864724 1.699870
v 0.386771 -0.843901 1.716959
v 0.386771 -0.820145 1.729658
v 0.386771 -0.794367 1.737477
v 0.386771 -0.767559 1.740117
v 0.386771 -0.740752 1.737477
v 0.386771 -0.714974 1.729658
v 0.386771 -0.691217 1.716959
v 0.386771 -0.670394 1.699870
v 0.386771 -0.653305 1.679047
v 0.386771 -0.640607 1.655291
v 0.386771 -0.632788 1.629513
v 0.386771 -0.630147 1.602705
v 0.386771 -0.632788 1.575898
v 0.386771 -0.640607 1.550120
v 0.386771 -0.653305 1.526363
v 0.386771 -0.670394 1.505540
v 0.386771 -0.691217 1.488451
v 0.386771 -0.714974 1.475753
v 0.386771 -0.740752 1.467934
v 0.419676 -0.789605 1.491875
v 0.419676 -0.767559 1.489704
v 0.419676 -0.830339 1.508748
v 0.419676 -0.810803 1.498306
v 0.419676 -0.861516 1.539925
v 0.419676 -0.847463 1.522801
v 0.419676 -0.878389 1.580660
v 0.419676 -0.871959 1.559462
v 0.419676 -0.878389 1.624751
v 0.419676 -0.880561 1.602705
v 0.419676 -0.861516 1.665486
v 0.419676 -0.871959 1.645949
v 0.419676 -0.830339 1.696663
v 0.419676 -0.847463 1.682609
v 0.419676 -0.789605 1.713535
v 0.419676 -0.810803 1.707105
v 0.419676 -0.745514 1.713535
v 0.419676 -0.767559 1.715707
v 0.419676 -0.704779 1.696663
v 0.419676 -0.724316 1.707105
v 0.419676 -0.673602 1.665486
v 0.419676 -0.687655 1.682609
v 0.419676 -0.656729 1.624751
v 0.419676 -0.663160 1.645949
v 0.419676 -0.656729 1.580660
v 0.419676 -0.654558 1.602705
v 0.419676 -0.673602 1.539925
v 0.419676 -0.663160 1.559462
v 0.419676 -0.704779 1.508748
v 0.419676 -0.687655 1.522801
v 0.419676 -0.745514 1.491875
v 0.419676 -0.724316 1.498306
v 0.395581 -0.792053 1.479567
v 0.359518 -0.794367 1.467934
v 0.395137 -0.792415 1.477747
v 0.393816 -0.792768 1.475972
v 0.391650 -0.793104 1.474286
v 0.388693 -0.793413 1.472729
v 0.385018 -0.793689 1.471341
v 0.380715 -0.793925 1.470156
v 0.375890 -0.794115 1.469202
v 0.370662 -0.794254 1.468503
v 0.365160 -0.794339 1.468077
v 0.359518 -0.767559 1.465293
v 0.395581 -0.767559 1.477155
v 0.365160 -0.767559 1.465439
v 0.370662 -0.767559 1.465874
v 0.375890 -0.767559 1.466586
v 0.380715 -0.767559 1.467559
v 0.385018 -0.767559 1.468768
v 0.388693 -0.767559 1.470183
v 0.391650 -0.767559 1.471770
v 0.393816 -0.767559 1.473490
v 0.395137 -0.767559 1.475299
v 0.395581 -0.815605 1.486712
v 0.359518 -0.820145 1.475753
v 0.395137 -0.816315 1.484998
v 0.393816 -0.817008 1.483325
v 0.391650 -0.817666 1.481737
v 0.388693 -0.818273 1.480271
v 0.385018 -0.818815 1.478963
v 0.380715 -0.819278 1.477846
v 0.375890 -0.819650 1.476948
v 0.370662 -0.819922 1.476290
v 0.365160 -0.820089 1.475888
v 0.395581 -0.837311 1.498314
v 0.359518 -0.843901 1.488451
v 0.395137 -0.838342 1.496771
v 0.393816 -0.839348 1.495266
v 0.391650 -0.840303 1.493837
v 0.388693 -0.841185 1.492517
v 0.385018 -0.841971 1.491340
v 0.380715 -0.842643 1.490335
v 0.375890 -0.843183 1.489526
v 0.370662 -0.843579 1.488934
v 0.365160 -0.843820 1.488573
v 0.395581 -0.856337 1.513928
v 0.359518 -0.864724 1.505540
v 0.395137 -0.857649 1.512616
v 0.393816 -0.858929 1.511336
v 0.391650 -0.860145 1.510120
v 0.388693 -0.861267 1.508998
v 0.385018 -0.862268 1.507997
v 0.380715 -0.863122 1.507142
v 0.375890 -0.863810 1.506455
v 0.370662 -0.864314 1.505951
v 0.365160 -0.864621 1.505644
v 0.395581 -0.871951 1.532953
v 0.359518 -0.881813 1.526363
v 0.395137 -0.873494 1.531922
v 0.393816 -0.874998 1.530917
v 0.391650 -0.876428 1.529962
v 0.388693 -0.877748 1.529080
v 0.385018 -0.878925 1.528293
v 0.380715 -0.879930 1.527622
v 0.375890 -0.880738 1.527082
v 0.370662 -0.881330 1.526686
v 0.365160 -0.881692 1.526444
v 0.395581 -0.883553 1.554659
v 0.359518 -0.894511 1.550120
v 0.395137 -0.885267 1.553949
v 0.393816 -0.886939 1.553257
v 0.391650 -0.888528 1.552598
v 0.388693 -0.889994 1.551991
v 0.385018 -0.891302 1.551450
v 0.380715 -0.892419 1.550987
v 0.375890 -0.893317 1.550615
v 0.370662 -0.893975 1.550342
v 0.365160 -0.894377 1.550176
v 0.395581 -0.890697 1.578212
v 0.359518 -0.902331 1.575898
v 0.395137 -0.892517 1.577850
v 0.393816 -0.894292 1.577497
v 0.391650 -0.895979 1.577161
v 0.388693 -0.897535 1.576851
v 0.385018 -0.898924 1.576575
v 0.380715 -0.900109 1.576340
v 0.375890 -0.901063 1.576150
v 0.370662 -0.901762 1.576011
v 0.365160 -0.902188 1.575926
v 0.395581 -0.893110 1.602705
v 0.359518 -0.904971 1.602705
v 0.395137 -0.894965 1.602705
v 0.393816 -0.896775 1.602705
v 0.391650 -0.898495 1.602705
v 0.388693 -0.900082 1.602705
v 0.385018 -0.901497 1.602705
v 0.380715 -0.902706 1.602705
v 0.375890 -0.903678 1.602705
v 0.370662 -0.904391 1.602705
v 0.365160 -0.904825 1.602705
v 0.395581 -0.890697 1.627199
v 0.359518 -0.902331 1.629513
v 0.395137 -0.892517 1.627561
v 0.393816 -0.894292 1.627914
v 0.391650 -0.895979 1.628250
v 0.388693 -0.897535 1.628559
v 0.385018 -0.898924 1.628835
v 0.380715 -0.900109 1.629071
v 0.375890 -0.901063 1.629261
v 0.370662 -0.901762 1.629400
v 0.365160 -0.902188 1.629485
v 0.395581 -0.883553 1.650751
v 0.359518 -0.894511 1.655291
v 0.395137 -0.885267 1.651461
v 0.393816 -0.886939 1.652154
v 0.391650 -0.888528 1.652812
v 0.388693 -0.889994 1.653419
v 0.385018 -0.891302 1.653961
v 0.380715 -0.892419 1.654424
v 0.375890 -0.893317 1.654796
v 0.370662 -0.893975 1.655069
v 0.365160 -0.894377 1.655235
v 0.395581 -0.871951 1.672457
v 0.359518 -0.881813 1.679047
v 0.395137 -0.873494 1.673488
v 0.393816 -0.874998 1.674494
v 0.391650 -0.876428 1.675449
v 0.388693 -0.877748 1.676331
v 0.385018 -0.878925 1.677117
v 0.380715 -0.879930 1.677789
v 0.375890 -0.880738 1.678329
v 0.370662 -0.881330 1.678725
v 0.365160 -0.881692 1.678966
v 0.395581 -0.856337 1.691483
v 0.359518 -0.864724 1.699870
v 0.395137 -0.857649 1.692795
v 0.393816 -0.858929 1.694075
v 0.391650 -0.860145 1.695291
v 0.388693 -0.861267 1.696413
v 0.385018 -0.862268 1.697414
v 0.380715 -0.863122 1.698268
v 0.375890 -0.863810 1.698956
v 0.370662 -0.864314 1.699460
v 0.365160 -0.864621 1.699767
v 0.395581 -0.837311 1.707097
v 0.359518 -0.843901 1.716959
v 0.395137 -0.838342 1.708640
v 0.393816 -0.839348 1.710144
v 0.391650 -0.840303 1.711574
v 0.388693 -0.841185 1.712894
v 0.385018 -0.841971 1.714071
v 0.380715 -0.842643 1.715076
v 0.375890 -0.843183 1.715884
v 0.370662 -0.843579 1.716477
v 0.365160 -0.843820 1.716838
v 0.395581 -0.815605 1.718699
v 0.359518 -0.820145 1.729658
v 0.395137 -0.816315 1.720413
v 0.393816 -0.817008 1.722085
v 0.391650 -0.817666 1.723674
v 0.388693 -0.818273 1.725140
v 0.385018 -0.818815 1.726448
v 0.380715 -0.819278 1.727565
v 0.375890 -0.819650 1.728463
v 0.370662 -0.819922 1.729121
v 0.365160 -0.820089 1.729523
v 0.395581 -0.792053 1.725843
v 0.359518 -0.794367 1.737477
v 0.395137 -0.792415 1.727663
v 0.393816 -0.792768 1.729438
v 0.391650 -0.793104 1.731125
v 0.388693 -0.793413 1.732681
v 0.385018 -0.793689 1.734070
v 0.380715 -0.793925 1.735255
v 0.375890 -0.794115 1.736209
v 0.370662 -0.794254 1.736908
v 0.365160 -0.794339 1.737334
v 0.395581 -0.767559 1.728256
v 0.359518 -0.767559 1.740117
v 0.395137 -0.767559 1.730111
v 0.393816 -0.767559 1.731921
v 0.391650 -0.767559 1.733641
v 0.388693 -0.767559 1.735228
v 0.385018 -0.767559 1.736643
v 0.380715 -0.767559 1.737852
v 0.375890 -0.767559 1.738824
v 0.370662 -0.767559 1.739537
v 0.365160 -0.767559 1.739971
v 0.395581 -0.743066 1.725843
v 0.359518 -0.740752 1.737477
v 0.395137 -0.742704 1.727663
v 0.393816 -0.742351 1.729438
v 0.391650 -0.742015 1.731125
v 0.388693 -0.741705 1.732681
v 0.385018 -0.741429 1.734070
v 0.380715 -0.741194 1.735255
v 0.375890 -0.741004 1.736209
v 0.370662 -0.740865 1.736908
v 0.365160 -0.740780 1.737334
v 0.395581 -0.719513 1.718699
v 0.359518 -0.714974 1.729658
v 0.395137 -0.718803 1.720413
v 0.393816 -0.718111 1.722085
v 0.391650 -0.717453 1.723674
v 0.388693 -0.716845 1.725140
v 0.385018 -0.716304 1.726448
v 0.380715 -0.715841 1.727565
v 0.375890 -0.715469 1.728463
v 0.370662 -0.715196 1.729121
v 0.365160 -0.715030 1.729523
v 0.395581 -0.697807 1.707097
v 0.359518 -0.691217 1.716959
v 0.395137 -0.696776 1.708640
v 0.393816 -0.695771 1.710144
v 0.391650 -0.694816 1.711574
v 0.388693 -0.693934 1.712894
v 0.385018 -0.693147 1.714071
v 0.380715 -0.692476 1.715076
v 0.375890 -0.691936 1.715884
v 0.370662 -0.691540 1.716477
v 0.365160 -0.691298 1.716838
v 0.395581 -0.678782 1.691483
v 0.359518 -0.670394 1.699870
v 0.395137 -0.677470 1.692795
v 0.393816 -0.676190 1.694075
v 0.391650 -0.674974 1.695291
v 0.388693 -0.673852 1.696413
v 0.385018 -0.672851 1.697414
v 0.380715 -0.671996 1.698268
v 0.375890 -0.671309 1.698956
v 0.370662 -0.670805 1.699460
v 0.365160 -0.670498 1.699767
v 0.395581 -0.663168 1.672457
v 0.359518 -0.653305 1.679047
v 0.395137 -0.661625 1.673488
v 0.393816 -0.660120 1.674494
v 0.391650 -0.658690 1.675449
v 0.388693 -0.657371 1.676331
v 0.385018 -0.656194 1.677117
v 0.380715 -0.655189 1.677789
v 0.375890 -0.654380 1.678329
v 0.370662 -0.653788 1.678725
v 0.365160 -0.653427 1.678966
v 0.395581 -0.651566 1.650751
v 0.359518 -0.640607 1.655291
v 0.395137 -0.649852 1.651461
v 0.393816 -0.648179 1.652154
v 0.391650 -0.646591 1.652812
v 0.388693 -0.645125 1.653419
v 0.385018 -0.643817 1.653961
v 0.380715 -0.642700 1.654424
v 0.375890 -0.641802 1.654796
v 0.370662 -0.641144 1.655069
v 0.365160 -0.640742 1.655235
v 0.395581 -0.644421 1.627199
v 0.359518 -0.632788 1.629513
v 0.395137 -0.642601 1.627561
v 0.393816 -0.640826 1.627914
v 0.391650 -0.639140 1.628250
v 0.388693 -0.637583 1.628559
v 0.385018 -0.636195 1.628835
v 0.380715 -0.635010 1.629071
v 0.375890 -0.634056 1.629261
v 0.370662 -0.633357 1.629400
v 0.365160 -0.632931 1.629485
v 0.395581 -0.642009 1.602705
v 0.359518 -0.630147 1.602705
v 0.395137 -0.640153 1.602705
v 0.393816 -0.638344 1.602705
v 0.391650 -0.636624 1.602705
v 0.388693 -0.635037 1.602705
v 0.385018 -0.633622 1.602705
v 0.380715 -0.632413 1.602705
v 0.375890 -0.631440 1.602705
v 0.370662 -0.630728 1.602705
v 0.365160 -0.630293 1.602705
v 0.395581 -0.644421 1.578212
v 0.359518 -0.632788 1.575898
v 0.395137 -0.642601 1.577850
v 0.393816 -0.640826 1.577497
v 0.391650 -0.639140 1.577161
v 0.388693 -0.637583 1.576851
v 0.385018 -0.636195 1.576575
v 0.380715 -0.635010 1.576340
v 0.375890 -0.634056 1.576150
v 0.370662 -0.633357 1.576011
v 0.365160 -0.632931 1.575926
v 0.395581 -0.651566 1.554659
v 0.359518 -0.640607 1.550120
v 0.395137 -0.649852 1.553949
v 0.393816 -0.648179 1.553257
v 0.391650 -0.646591 1.552598
v 0.388693 -0.645125 1.551991
v 0.385018 -0.643817 1.551450
v 0.380715 -0.642700 1.550987
v 0.375890 -0.641802 1.550615
v 0.370662 -0.641144 1.550342
v 0.365160 -0.640742 1.550176
v 0.395581 -0.663168 1.532953
v 0.359518 -0.653305 1.526363
v 0.395137 -0.661625 1.531922
v 0.393816 -0.660120 1.530917
v 0.391650 -0.658690 1.529962
v 0.388693 -0.657371 1.529080
v 0.385018 -0.656194 1.528293
v 0.380715 -0.655189 1.527622
v 0.375890 -0.654380 1.527082
v 0.370662 -0.653788 1.526686
v 0.365160 -0.653427 1.526444
v 0.395581 -0.678782 1.513928
v 0.359518 -0.670394 1.505540
v 0.395137 -0.677470 1.512616
v 0.393816 -0.676190 1.511336
v 0.391650 -0.674974 1.510120
v 0.388693 -0.673852 1.508998
v 0.385018 -0.672851 1.507997
v 0.380715 -0.671996 1.507142
v 0.375890 -0.671309 1.506455
v 0.370662 -0.670805 1.505951
v 0.365160 -0.670498 1.505644
v 0.395581 -0.697807 1.498314
v 0.359518 -0.691217 1.488451
v 0.395137 -0.696776 1.496771
v 0.393816 -0.695771 1.495266
v 0.391650 -0.694816 1.493837
v 0.388693 -0.693934 1.492517
v 0.385018 -0.693147 1.491340
v 0.380715 -0.692476 1.490335
v 0.375890 -0.691936 1.489526
v 0.370662 -0.691540 1.488934
v 0.365160 -0.691298 1.488573
v 0.395581 -0.719513 1.486712
v 0.359518 -0.714974 1.475753
v 0.395137 -0.718803 1.484998
v 0.393816 -0.718111 1.483325
v 0.391650 -0.717453 1.481737
v 0.388693 -0.716845 1.480271
v 0.385018 -0.716304 1.478963
v 0.380715 -0.715841 1.477846
v 0.375890 -0.715469 1.476948
v 0.370662 -0.715196 1.476290
v 0.365160 -0.715030 1.475888
v 0.395581 -0.743066 1.479567
v 0.359518 -0.740752 1.467934
v 0.395137 -0.742704 1.477747
v 0.393816 -0.742351 1.475972
v 0.391650 -0.742015 1.474286
v 0.388693 -0.741705 1.472729
v 0.385018 -0.741429 1.471341
v 0.380715 -0.741194 1.470156
v 0.375890 -0.741004 1.469202
v 0.370662 -0.740865 1.468503
v 0.365160 -0.740780 1.468077
v 0.404623 -0.745514 1.491875
v 0.366471 -0.743066 1.479567
v 0.404154 -0.745131 1.489950
v 0.402756 -0.744757 1.488072
v 0.400465 -0.744402 1.486288
v 0.397337 -0.744075 1.484641
v 0.393449 -0.743783 1.483172
v 0.388896 -0.743533 1.481918
v 0.383792 -0.743333 1.480909
v 0.378261 -0.743186 1.480170
v 0.372439 -0.743096 1.479719
v 0.366471 -0.719513 1.486712
v 0.404623 -0.724316 1.498306
v 0.372439 -0.719572 1.486855
v 0.378261 -0.719748 1.487279
v 0.383792 -0.720037 1.487976
v 0.388896 -0.720430 1.488926
v 0.393449 -0.720920 1.490108
v 0.397337 -0.721493 1.491491
v 0.400465 -0.722135 1.493042
v 0.402756 -0.722832 1.494723
v 0.404154 -0.723564 1.496492
v 0.404623 -0.704779 1.508748
v 0.366471 -0.697807 1.498314
v 0.404154 -0.703689 1.507116
v 0.402756 -0.702625 1.505524
v 0.400465 -0.701614 1.504011
v 0.397337 -0.700681 1.502615
v 0.393449 -0.699849 1.501370
v 0.388896 -0.699139 1.500307
v 0.383792 -0.698567 1.499451
v 0.378261 -0.698148 1.498825
v 0.372439 -0.697893 1.498442
v 0.404623 -0.687655 1.522801
v 0.366471 -0.678782 1.513928
v 0.404154 -0.686267 1.521413
v 0.402756 -0.684913 1.520059
v 0.400465 -0.683627 1.518773
v 0.397337 -0.682440 1.517586
v 0.393449 -0.681381 1.516527
v 0.388896 -0.680477 1.515622
v 0.383792 -0.679749 1.514895
v 0.378261 -0.679216 1.514362
v 0.372439 -0.678891 1.514037
v 0.404623 -0.673602 1.539925
v 0.366471 -0.663168 1.532953
v 0.404154 -0.671970 1.538835
v 0.402756 -0.670378 1.537771
v 0.400465 -0.668865 1.536760
v 0.397337 -0.667469 1.535827
v 0.393449 -0.666224 1.534995
v 0.388896 -0.665161 1.534285
v 0.383792 -0.664305 1.533713
v 0.378261 -0.663679 1.533295
v 0.372439 -0.663296 1.533039
v 0.404623 -0.663160 1.559462
v 0.366471 -0.651566 1.554659
v 0.404154 -0.661346 1.558710
v 0.402756 -0.659577 1.557978
v 0.400465 -0.657896 1.557281
v 0.397337 -0.656345 1.556639
v 0.393449 -0.654962 1.556066
v 0.388896 -0.653780 1.555576
v 0.383792 -0.652830 1.555183
v 0.378261 -0.652133 1.554894
v 0.372439 -0.651709 1.554718
v 0.404623 -0.656729 1.580660
v 0.366471 -0.644421 1.578212
v 0.404154 -0.654804 1.580277
v 0.402756 -0.652926 1.579903
v 0.400465 -0.651142 1.579548
v 0.397337 -0.649495 1.579221
v 0.393449 -0.648026 1.578929
v 0.388896 -0.646772 1.578679
v 0.383792 -0.645763 1.578479
v 0.378261 -0.645024 1.578331
v 0.372439 -0.644573 1.578242
v 0.404623 -0.654558 1.602705
v 0.366471 -0.642009 1.602705
v 0.404154 -0.652595 1.602705
v 0.402756 -0.650680 1.602705
v 0.400465 -0.648861 1.602705
v 0.397337 -0.647182 1.602705
v 0.393449 -0.645684 1.602705
v 0.388896 -0.644406 1.602705
v 0.383792 -0.643377 1.602705
v 0.378261 -0.642623 1.602705
v 0.372439 -0.642163 1.602705
v 0.404623 -0.656729 1.624751
v 0.366471 -0.644421 1.627199
v 0.404154 -0.654804 1.625134
v 0.402756 -0.652926 1.625507
v 0.400465 -0.651142 1.625862
v 0.397337 -0.649495 1.626190
v 0.393449 -0.648026 1.626482
v 0.388896 -0.646772 1.626732
v 0.383792 -0.645763 1.626932
v 0.378261 -0.645024 1.627079
v 0.372439 -0.644573 1.627169
v 0.404623 -0.663160 1.645949
v 0.366471 -0.651566 1.650751
v 0.404154 -0.661346 1.646700
v 0.402756 -0.659577 1.647433
v 0.400465 -0.657896 1.648129
v 0.397337 -0.656345 1.648772
v 0.393449 -0.654962 1.649345
v 0.388896 -0.653780 1.649834
v 0.383792 -0.652830 1.650228
v 0.378261 -0.652133 1.650516
v 0.372439 -0.651709 1.650692
v 0.404623 -0.673602 1.665486
v 0.366471 -0.663168 1.672457
v 0.404154 -0.671970 1.666576
v 0.402756 -0.670378 1.667640
v 0.400465 -0.668865 1.668651
v 0.397337 -0.667469 1.669583
v 0.393449 -0.666224 1.670415
v 0.388896 -0.665161 1.671126
v 0.383792 -0.664305 1.671697
v 0.378261 -0.663679 1.672116
v 0.372439 -0.663296 1.672372
v 0.404623 -0.687655 1.682609
v 0.366471 -0.678782 1.691483
v 0.404154 -0.686267 1.683998
v 0.402756 -0.684913 1.685351
v 0.400465 -0.683627 1.686638
v 0.397337 -0.682440 1.687825
v 0.393449 -0.681381 1.688884
v 0.388896 -0.680477 1.689788
v 0.383792 -0.679749 1.690516
v 0.378261 -0.679216 1.691049
v 0.372439 -0.678891 1.691374
v 0.404623 -0.704779 1.696663
v 0.366471 -0.697807 1.707097
v 0.404154 -0.703689 1.698295
v 0.402756 -0.702625 1.699887
v 0.400465 -0.701614 1.701400
v 0.397337 -0.700681 1.702796
v 0.393449 -0.699849 1.704041
v 0.388896 -0.699139 1.705104
v 0.383792 -0.698567 1.705959
v 0.378261 -0.698148 1.706586
v 0.372439 -0.697893 1.706968
v 0.404623 -0.724316 1.707105
v 0.366471 -0.719513 1.718699
v 0.404154 -0.723564 1.708919
v 0.402756 -0.722832 1.710688
v 0.400465 -0.722135 1.712368
v 0.397337 -0.721493 1.713920
v 0.393449 -0.720920 1.715303
v 0.388896 -0.720430 1.716485
v 0.383792 -0.720037 1.717435
v 0.378261 -0.719748 1.718131
v 0.372439 -0.719572 1.718556
v 0.404623 -0.745514 1.713535
v 0.366471 -0.743066 1.725843
v 0.404154 -0.745131 1.715461
v 0.402756 -0.744757 1.717339
v 0.400465 -0.744402 1.719123
v 0.397337 -0.744075 1.720770
v 0.393449 -0.743783 1.722238
v 0.388896 -0.743533 1.723493
v 0.383792 -0.743333 1.724502
v 0.378261 -0.743186 1.725241
v 0.372439 -0.743096 1.725692
v 0.404623 -0.767559 1.715707
v 0.366471 -0.767559 1.728256
v 0.404154 -0.767559 1.717670
v 0.402756 -0.767559 1.719585
v 0.400465 -0.767559 1.721404
v 0.397337 -0.767559 1.723083
v 0.393449 -0.767559 1.724580
v 0.388896 -0.767559 1.725859
v 0.383792 -0.767559 1.726888
v 0.378261 -0.767559 1.727642
v 0.372439 -0.767559 1.728101
v 0.404623 -0.789605 1.713535
v 0.366471 -0.792053 1.725843
v 0.404154 -0.789988 1.715461
v 0.402756 -0.790361 1.717339
v 0.400465 -0.790716 1.719123
v 0.397337 -0.791044 1.720770
v 0.393449 -0.791336 1.722238
v 0.388896 -0.791585 1.723493
v 0.383792 -0.791786 1.724502
v 0.378261 -0.791933 1.725241
v 0.372439 -0.792023 1.725692
v 0.366471 -0.815605 1.718699
v 0.404623 -0.810803 1.707105
v 0.372439 -0.815546 1.718556
v 0.378261 -0.815370 1.718131
v 0.383792 -0.815082 1.717435
v 0.388896 -0.814688 1.716485
v 0.393449 -0.814199 1.715303
v 0.397337 -0.813626 1.713920
v 0.400465 -0.812983 1.712368
v 0.402756 -0.812287 1.710688
v 0.404154 -0.811554 1.708919
v 0.404623 -0.830339 1.696663
v 0.366471 -0.837311 1.707097
v 0.404154 -0.831430 1.698295
v 0.402756 -0.832494 1.699887
v 0.400465 -0.833505 1.701400
v 0.397337 -0.834437 1.702796
v 0.393449 -0.835269 1.704041
v 0.388896 -0.835980 1.705104
v 0.383792 -0.836551 1.705959
v 0.378261 -0.836970 1.706586
v 0.372439 -0.837226 1.706968
v 0.366471 -0.856337 1.691483
v 0.404623 -0.847463 1.682609
v 0.372439 -0.856228 1.691374
v 0.378261 -0.855903 1.691049
v 0.383792 -0.855370 1.690516
v 0.388896 -0.854642 1.689788
v 0.393449 -0.853738 1.688884
v 0.397337 -0.852679 1.687825
v 0.400465 -0.851492 1.686638
v 0.402756 -0.850205 1.685351
v 0.404154 -0.848851 1.683998
v 0.404623 -0.861516 1.665486
v 0.366471 -0.871951 1.672457
v 0.404154 -0.863149 1.666576
v 0.402756 -0.864741 1.667640
v 0.400465 -0.866253 1.668651
v 0.397337 -0.867650 1.669583
v 0.393449 -0.868895 1.670415
v 0.388896 -0.869958 1.671126
v 0.383792 -0.870813 1.671697
v 0.378261 -0.871440 1.672116
v 0.372439 -0.871822 1.672372
v 0.404623 -0.871959 1.645949
v 0.366471 -0.883553 1.650751
v 0.404154 -0.873773 1.646700
v 0.402756 -0.875542 1.647433
v 0.400465 -0.877222 1.648129
v 0.397337 -0.878774 1.648772
v 0.393449 -0.880157 1.649345
v 0.388896 -0.881339 1.649834
v 0.383792 -0.882289 1.650228
v 0.378261 -0.882985 1.650516
v 0.372439 -0.883410 1.650692
v 0.404623 -0.878389 1.624751
v 0.366471 -0.890697 1.627199
v 0.404154 -0.880315 1.625134
v 0.402756 -0.882193 1.625507
v 0.400465 -0.883977 1.625862
v 0.397337 -0.885624 1.626190
v 0.393449 -0.887092 1.626482
v 0.388896 -0.888347 1.626732
v 0.383792 -0.889356 1.626932
v 0.378261 -0.890095 1.627079
v 0.372439 -0.890546 1.627169
v 0.404623 -0.880561 1.602705
v 0.366471 -0.893110 1.602705
v 0.404154 -0.882524 1.602705
v 0.402756 -0.884439 1.602705
v 0.400465 -0.886258 1.602705
v 0.397337 -0.887937 1.602705
v 0.393449 -0.889434 1.602705
v 0.388896 -0.890713 1.602705
v 0.383792 -0.891742 1.602705
v 0.378261 -0.892496 1.602705
v 0.372439 -0.892955 1.602705
v 0.404623 -0.878389 1.580660
v 0.366471 -0.890697 1.578212
v 0.404154 -0.880315 1.580277
v 0.402756 -0.882193 1.579903
v 0.400465 -0.883977 1.579548
v 0.397337 -0.885624 1.579221
v 0.393449 -0.887092 1.578929
v 0.388896 -0.888347 1.578679
v 0.383792 -0.889356 1.578479
v 0.378261 -0.890095 1.578331
v 0.372439 -0.890546 1.578242
v 0.404623 -0.871959 1.559462
v 0.366471 -0.883553 1.554659
v 0.404154 -0.873773 1.558710
v 0.402756 -0.875542 1.557978
v 0.400465 -0.877222 1.557281
v 0.397337 -0.878774 1.556639
v 0.393449 -0.880157 1.556066
v 0.388896 -0.881339 1.555576
v 0.383792 -0.882289 1.555183
v 0.378261 -0.882985 1.554894
v 0.372439 -0.883410 1.554718
v 0.404623 -0.861516 1.539925
v 0.366471 -0.871951 1.532953
v 0.404154 -0.863149 1.538835
v 0.402756 -0.864741 1.537771
v 0.400465 -0.866253 1.536760
v 0.397337 -0.867650 1.535827
v 0.393449 -0.868895 1.534995
v 0.388896 -0.869958 1.534285
v 0.383792 -0.870813 1.533713
v 0.378261 -0.871440 1.533295
v 0.372439 -0.871822 1.533039
v 0.404623 -0.847463 1.522801
v 0.366471 -0.856337 1.513928
v 0.404154 -0.848851 1.521413
v 0.402756 -0.850205 1.520059
v 0.400465 -0.851492 1.518773
v 0.397337 -0.852679 1.517586
v 0.393449 -0.853738 1.516527
v 0.388896 -0.854642 1.515622
v 0.383792 -0.855370 1.514895
v 0.378261 -0.855903 1.514362
v 0.372439 -0.856228 1.514037
v 0.404623 -0.830339 1.508748
v 0.366471 -0.837311 1.498314
v 0.404154 -0.831430 1.507116
v 0.402756 -0.832494 1.505524
v 0.400465 -0.833505 1.504011
v 0.397337 -0.834437 1.502615
v 0.393449 -0.835269 1.501370
v 0.388896 -0.835980 1.500307
v 0.383792 -0.836551 1.499451
v 0.378261 -0.836970 1.498825
v 0.372439 -0.837226 1.498442
v 0.366471 -0.815605 1.486712
v 0.404623 -0.810803 1.498306
v 0.372439 -0.815546 1.486855
v 0.378261 -0.815370 1.487279
v 0.383792 -0.815082 1.487976
v 0.388896 -0.814688 1.488926
v 0.393449 -0.814199 1.490108
v 0.397337 -0.813626 1.491491
v 0.400465 -0.812983 1.493042
v 0.402756 -0.812287 1.494723
v 0.404154 -0.811554 1.496492
v 0.404623 -0.789605 1.491875
v 0.366471 -0.792053 1.479567
v 0.404154 -0.789988 1.489950
v 0.402756 -0.790361 1.488072
v 0.400465 -0.790716 1.486288
v 0.397337 -0.791044 1.484641
v 0.393449 -0.791336 1.483172
v 0.388896 -0.791585 1.481918
v 0.383792 -0.791786 1.480909
v 0.378261 -0.791933 1.480170
v 0.372439 -0.792023 1.479719
v 0.404623 -0.767559 1.489704
v 0.366471 -0.767559 1.477155
v 0.404154 -0.767559 1.487741
v 0.402756 -0.767559 1.485826
v 0.400465 -0.767559 1.484007
v 0.397337 -0.767559 1.482328
v 0.393449 -0.767559 1.480830
v 0.388896 -0.767559 1.479552
v 0.383792 -0.767559 1.478523
v 0.378261 -0.767559 1.477769
v 0.372439 -0.767559 1.477309
v 0.442690 -0.724316 1.498306
v 0.455223 -0.725893 1.502114
v 0.444651 -0.724335 1.498353
v 0.446563 -0.724393 1.498492
v 0.448380 -0.724488 1.498721
v 0.450057 -0.724617 1.499033
v 0.451552 -0.724778 1.499421
v 0.452829 -0.724966 1.499876
v 0.453857 -0.725177 1.500385
v 0.454609 -0.725406 1.500937
v 0.455068 -0.725646 1.501518
v 0.455223 -0.746318 1.495918
v 0.442690 -0.745514 1.491875
v 0.455068 -0.746192 1.495286
v 0.454609 -0.746070 1.494669
v 0.453857 -0.745953 1.494083
v 0.452829 -0.745845 1.493542
v 0.451552 -0.745749 1.493060
v 0.450057 -0.745667 1.492647
v 0.448380 -0.745602 1.492316
v 0.446563 -0.745553 1.492073
v 0.444651 -0.745524 1.491925
v 0.442690 -0.704779 1.508748
v 0.455223 -0.707069 1.512176
v 0.444651 -0.704807 1.508790
v 0.446563 -0.704891 1.508916
v 0.448380 -0.705029 1.509122
v 0.450057 -0.705217 1.509403
v 0.451552 -0.705450 1.509752
v 0.452829 -0.705723 1.510161
v 0.453857 -0.706030 1.510620
v 0.454609 -0.706362 1.511117
v 0.455068 -0.706711 1.511639
v 0.442690 -0.663160 1.559462
v 0.455223 -0.666968 1.561039
v 0.444651 -0.663207 1.559481
v 0.446563 -0.663346 1.559539
v 0.448380 -0.663575 1.559634
v 0.450057 -0.663887 1.559763
v 0.451552 -0.664275 1.559924
v 0.452829 -0.664730 1.560112
v 0.453857 -0.665239 1.560323
v 0.454609 -0.665791 1.560552
v 0.455068 -0.666372 1.560792
v 0.455223 -0.677030 1.542215
v 0.442690 -0.673602 1.539925
v 0.455068 -0.676494 1.541857
v 0.454609 -0.675971 1.541508
v 0.453857 -0.675474 1.541176
v 0.452829 -0.675015 1.540869
v 0.451552 -0.674606 1.540596
v 0.450057 -0.674257 1.540363
v 0.448380 -0.673976 1.540175
v 0.446563 -0.673770 1.540037
v 0.444651 -0.673644 1.539953
v 0.442690 -0.673602 1.665486
v 0.455223 -0.677030 1.663195
v 0.444651 -0.673644 1.665457
v 0.446563 -0.673770 1.665373
v 0.448380 -0.673976 1.665236
v 0.450057 -0.674257 1.665048
v 0.451552 -0.674606 1.664815
v 0.452829 -0.675015 1.664541
v 0.453857 -0.675474 1.664235
v 0.454609 -0.675971 1.663903
v 0.455068 -0.676494 1.663554
v 0.455223 -0.666968 1.644372
v 0.442690 -0.663160 1.645949
v 0.455068 -0.666372 1.644618
v 0.454609 -0.665791 1.644859
v 0.453857 -0.665239 1.645088
v 0.452829 -0.664730 1.645299
v 0.451552 -0.664275 1.645487
v 0.450057 -0.663887 1.645648
v 0.448380 -0.663575 1.645777
v 0.446563 -0.663346 1.645872
v 0.444651 -0.663207 1.645930
v 0.442690 -0.878389 1.580660
v 0.455223 -0.874346 1.581464
v 0.444651 -0.878340 1.580670
v 0.446563 -0.878191 1.580699
v 0.448380 -0.877949 1.580748
v 0.450057 -0.877617 1.580814
v 0.451552 -0.877205 1.580895
v 0.452829 -0.876723 1.580991
v 0.453857 -0.876182 1.581099
v 0.454609 -0.875596 1.581216
v 0.455068 -0.874979 1.581338
v 0.455223 -0.876438 1.602705
v 0.442690 -0.880561 1.602705
v 0.455068 -0.877083 1.602705
v 0.454609 -0.877712 1.602705
v 0.453857 -0.878310 1.602705
v 0.452829 -0.878861 1.602705
v 0.451552 -0.879353 1.602705
v 0.450057 -0.879773 1.602705
v 0.448380 -0.880111 1.602705
v 0.446563 -0.880359 1.602705
v 0.444651 -0.880510 1.602705
v 0.442690 -0.871959 1.559462
v 0.455223 -0.868150 1.561039
v 0.444651 -0.871912 1.559481
v 0.446563 -0.871773 1.559539
v 0.448380 -0.871544 1.559634
v 0.450057 -0.871232 1.559763
v 0.451552 -0.870843 1.559924
v 0.452829 -0.870389 1.560112
v 0.453857 -0.869879 1.560323
v 0.454609 -0.869327 1.560552
v 0.455068 -0.868746 1.560792
v 0.442690 -0.878389 1.624751
v 0.455223 -0.874346 1.623947
v 0.444651 -0.878340 1.624741
v 0.446563 -0.878191 1.624712
v 0.448380 -0.877949 1.624663
v 0.450057 -0.877617 1.624597
v 0.451552 -0.877205 1.624515
v 0.452829 -0.876723 1.624419
v 0.453857 -0.876182 1.624312
v 0.454609 -0.875596 1.624195
v 0.455068 -0.874979 1.624072
v 0.455223 -0.868150 1.644372
v 0.442690 -0.871959 1.645949
v 0.455068 -0.868746 1.644618
v 0.454609 -0.869327 1.644859
v 0.453857 -0.869879 1.645088
v 0.452829 -0.870389 1.645299
v 0.451552 -0.870843 1.645487
v 0.450057 -0.871232 1.645648
v 0.448380 -0.871544 1.645777
v 0.446563 -0.871773 1.645872
v 0.444651 -0.871912 1.645930
v 0.442690 -0.810803 1.707105
v 0.455223 -0.809226 1.703297
v 0.444651 -0.810784 1.707058
v 0.446563 -0.810726 1.706919
v 0.448380 -0.810631 1.706690
v 0.450057 -0.810502 1.706378
v 0.451552 -0.810341 1.705989
v 0.452829 -0.810153 1.705535
v 0.453857 -0.809942 1.705026
v 0.454609 -0.809713 1.704473
v 0.455068 -0.809472 1.703892
v 0.455223 -0.788801 1.709492
v 0.442690 -0.789605 1.713535
v 0.455068 -0.788926 1.710125
v 0.454609 -0.789049 1.710742
v 0.453857 -0.789166 1.711328
v 0.452829 -0.789273 1.711869
v 0.451552 -0.789369 1.712351
v 0.450057 -0.789451 1.712763
v 0.448380 -0.789517 1.713095
v 0.446563 -0.789565 1.713338
v 0.444651 -0.789595 1.713486
v 0.442690 -0.861516 1.665486
v 0.455223 -0.858089 1.663195
v 0.444651 -0.861474 1.665457
v 0.446563 -0.861349 1.665373
v 0.448380 -0.861143 1.665236
v 0.450057 -0.860862 1.665048
v 0.451552 -0.860513 1.664815
v 0.452829 -0.860104 1.664541
v 0.453857 -0.859645 1.664235
v 0.454609 -0.859148 1.663903
v 0.455068 -0.858625 1.663554
v 0.455223 -0.844548 1.679694
v 0.442690 -0.847463 1.682609
v 0.455068 -0.845004 1.680151
v 0.454609 -0.845449 1.680595
v 0.453857 -0.845872 1.681018
v 0.452829 -0.846262 1.681408
v 0.451552 -0.846610 1.681756
v 0.450057 -0.846907 1.682053
v 0.448380 -0.847146 1.682292
v 0.446563 -0.847321 1.682467
v 0.444651 -0.847427 1.682573
v 0.442690 -0.656729 1.580660
v 0.455223 -0.660772 1.581464
v 0.444651 -0.656779 1.580670
v 0.446563 -0.656927 1.580699
v 0.448380 -0.657170 1.580748
v 0.450057 -0.657501 1.580814
v 0.451552 -0.657913 1.580895
v 0.452829 -0.658396 1.580991
v 0.453857 -0.658937 1.581099
v 0.454609 -0.659523 1.581216
v 0.455068 -0.660140 1.581338
v 0.455223 -0.690570 1.525716
v 0.442690 -0.687655 1.522801
v 0.455068 -0.690114 1.525260
v 0.454609 -0.689669 1.524815
v 0.453857 -0.689247 1.524393
v 0.452829 -0.688857 1.524003
v 0.451552 -0.688509 1.523655
v 0.450057 -0.688212 1.523358
v 0.448380 -0.687973 1.523119
v 0.446563 -0.687798 1.522944
v 0.444651 -0.687691 1.522837
v 0.442690 -0.830339 1.696663
v 0.455223 -0.828049 1.693235
v 0.444651 -0.830311 1.696620
v 0.446563 -0.830227 1.696495
v 0.448380 -0.830090 1.696289
v 0.450057 -0.829902 1.696008
v 0.451552 -0.829669 1.695659
v 0.452829 -0.829395 1.695250
v 0.453857 -0.829089 1.694791
v 0.454609 -0.828757 1.694294
v 0.455068 -0.828408 1.693771
v 0.442690 -0.830339 1.508748
v 0.455223 -0.828049 1.512176
v 0.444651 -0.830311 1.508790
v 0.446563 -0.830227 1.508916
v 0.448380 -0.830090 1.509122
v 0.450057 -0.829902 1.509403
v 0.451552 -0.829669 1.509752
v 0.452829 -0.829395 1.510161
v 0.453857 -0.829089 1.510620
v 0.454609 -0.828757 1.511117
v 0.455068 -0.828408 1.511639
v 0.455223 -0.844548 1.525716
v 0.442690 -0.847463 1.522801
v 0.455068 -0.845004 1.525260
v 0.454609 -0.845449 1.524815
v 0.453857 -0.845872 1.524393
v 0.452829 -0.846262 1.524003
v 0.451552 -0.846610 1.523655
v 0.450057 -0.846907 1.523358
v 0.448380 -0.847146 1.523119
v 0.446563 -0.847321 1.522944
v 0.444651 -0.847427 1.522837
v 0.442690 -0.810803 1.498306
v 0.455223 -0.809226 1.502114
v 0.444651 -0.810784 1.498353
v 0.446563 -0.810726 1.498492
v 0.448380 -0.810631 1.498721
v 0.450057 -0.810502 1.499033
v 0.451552 -0.810341 1.499421
v 0.452829 -0.810153 1.499876
v 0.453857 -0.809942 1.500385
v 0.454609 -0.809713 1.500937
v 0.455068 -0.809472 1.501518
v 0.442690 -0.724316 1.707105
v 0.455223 -0.725893 1.703297
v 0.444651 -0.724335 1.707058
v 0.446563 -0.724393 1.706919
v 0.448380 -0.724488 1.706690
v 0.450057 -0.724617 1.706378
v 0.451552 -0.724778 1.705989
v 0.452829 -0.724966 1.705535
v 0.453857 -0.725177 1.705026
v 0.454609 -0.725406 1.704473
v 0.455068 -0.725646 1.703892
v 0.455223 -0.707069 1.693235
v 0.442690 -0.704779 1.696663
v 0.455068 -0.706711 1.693771
v 0.454609 -0.706362 1.694294
v 0.453857 -0.706030 1.694791
v 0.452829 -0.705723 1.695250
v 0.451552 -0.705450 1.695659
v 0.450057 -0.705217 1.696008
v 0.448380 -0.705029 1.696289
v 0.446563 -0.704891 1.696495
v 0.444651 -0.704807 1.696620
v 0.442690 -0.767559 1.715707
v 0.455223 -0.767559 1.711584
v 0.444651 -0.767559 1.715656
v 0.446563 -0.767559 1.715505
v 0.448380 -0.767559 1.715257
v 0.450057 -0.767559 1.714919
v 0.451552 -0.767559 1.714499
v 0.452829 -0.767559 1.714007
v 0.453857 -0.767559 1.713456
v 0.454609 -0.767559 1.712858
v 0.455068 -0.767559 1.712229
v 0.455223 -0.746318 1.709492
v 0.442690 -0.745514 1.713535
v 0.455068 -0.746192 1.710125
v 0.454609 -0.746070 1.710742
v 0.453857 -0.745953 1.711328
v 0.452829 -0.745845 1.711869
v 0.451552 -0.745749 1.712351
v 0.450057 -0.745667 1.712763
v 0.448380 -0.745602 1.713095
v 0.446563 -0.745553 1.713338
v 0.444651 -0.745524 1.713486
v 0.442690 -0.767559 1.489704
v 0.455223 -0.767559 1.493826
v 0.444651 -0.767559 1.489755
v 0.446563 -0.767559 1.489906
v 0.448380 -0.767559 1.490153
v 0.450057 -0.767559 1.490491
v 0.451552 -0.767559 1.490911
v 0.452829 -0.767559 1.491403
v 0.453857 -0.767559 1.491955
v 0.454609 -0.767559 1.492552
v 0.455068 -0.767559 1.493181
v 0.455223 -0.788801 1.495918
v 0.442690 -0.789605 1.491875
v 0.455068 -0.788926 1.495286
v 0.454609 -0.789049 1.494669
v 0.453857 -0.789166 1.494083
v 0.452829 -0.789273 1.493542
v 0.451552 -0.789369 1.493060
v 0.450057 -0.789451 1.492647
v 0.448380 -0.789517 1.492316
v 0.446563 -0.789565 1.492073
v 0.444651 -0.789595 1.491925
v 0.455223 -0.660772 1.623947
v 0.442690 -0.656729 1.624751
v 0.455068 -0.660140 1.624072
v 0.454609 -0.659523 1.624195
v 0.453857 -0.658937 1.624312
v 0.452829 -0.658396 1.624419
v 0.451552 -0.657913 1.624515
v 0.450057 -0.657501 1.624597
v 0.448380 -0.657170 1.624663
v 0.446563 -0.656927 1.624712
v 0.444651 -0.656779 1.624741
v 0.442690 -0.654558 1.602705
v 0.455223 -0.658680 1.602705
v 0.444651 -0.654609 1.602705
v 0.446563 -0.654760 1.602705
v 0.448380 -0.655007 1.602705
v 0.450057 -0.655345 1.602705
v 0.451552 -0.655765 1.602705
v 0.452829 -0.656257 1.602705
v 0.453857 -0.656809 1.602705
v 0.454609 -0.657406 1.602705
v 0.455068 -0.658035 1.602705
v 0.455223 -0.858089 1.542215
v 0.442690 -0.861516 1.539925
v 0.455068 -0.858625 1.541857
v 0.454609 -0.859148 1.541508
v 0.453857 -0.859645 1.541176
v 0.452829 -0.860104 1.540869
v 0.451552 -0.860513 1.540596
v 0.450057 -0.860862 1.540363
v 0.448380 -0.861143 1.540175
v 0.446563 -0.861349 1.540037
v 0.444651 -0.861474 1.539953
v 0.455223 -0.690570 1.679694
v 0.442690 -0.687655 1.682609
v 0.455068 -0.690114 1.680151
v 0.454609 -0.689669 1.680595
v 0.453857 -0.689247 1.681018
v 0.452829 -0.688857 1.681408
v 0.451552 -0.688509 1.681756
v 0.450057 -0.688212 1.682053
v 0.448380 -0.687973 1.682292
v 0.446563 -0.687798 1.682467
v 0.444651 -0.687691 1.682573
v -0.356683 -0.767559 1.465293
v -0.356683 -0.794367 1.467934
v -0.356683 -0.820145 1.475753
v -0.356683 -0.843901 1.488451
v -0.356683 -0.864724 1.505540
v -0.356683 -0.881813 1.526363
v -0.356683 -0.894512 1.550120
v -0.356683 -0.902331 1.575898
v -0.356683 -0.904971 1.602705
v -0.356683 -0.902331 1.629513
v -0.356683 -0.894512 1.655291
v -0.356683 -0.881813 1.679047
v -0.356683 -0.864724 1.699870
v -0.356683 -0.843901 1.716959
v -0.356683 -0.820145 1.729658
v -0.356683 -0.794367 1.737477
v -0.356683 -0.767559 1.740117
v -0.356683 -0.740752 1.737477
v -0.356683 -0.714974 1.729658
v -0.356683 -0.691217 1.716959
v -0.356683 -0.670394 1.699870
v -0.356683 -0.653306 1.679047
v -0.356683 -0.640607 1.655291
v -0.356683 -0.632788 1.629513
v -0.356683 -0.630147 1.602705
v -0.356683 -0.632788 1.575898
v -0.356683 -0.640607 1.550120
v -0.356683 -0.653306 1.526363
v -0.356683 -0.670394 1.505540
v -0.356683 -0.691217 1.488451
v -0.356683 -0.714974 1.475753
v -0.356683 -0.740752 1.467934
vn -0.9615 -0.2747 -0.0000
vn -0.0000 -0.0000 -1.0000
vn 0.9615 0.2747 -0.0000
vn -0.0000 -0.0000 1.0000
vn -0.0000 -1.0000 -0.0000
vn 1.0000 -0.0000 -0.0000
vn -0.7233 0.6905 -0.0000
vn -0.0000 0.7531 -0.6580
vn 0.7233 0.6905 -0.0000
vn -0.0000 0.7531 0.6580
vn -1.0000 -0.0000 -0.0000
vn -0.0000 1.0000 -0.0000
vn -0.1136 0.9935 -0.0000
vn -0.3293 0.9442 -0.0000
vn -0.5155 0.8569 -0.0000
vn -0.6649 0.7470 -0.0000
vn -0.7785 0.6276 -0.0000
vn -0.8620 0.5069 -0.0000
vn -0.9214 0.3887 -0.0000
vn -0.9617 0.2742 -0.0000
vn -0.9866 0.1631 -0.0000
vn -0.9985 0.0541 -0.0000
vn -0.0000 0.9955 -0.0949
vn -0.0000 0.9602 -0.2793
vn -0.0000 0.8938 -0.4485
vn -0.0000 0.8029 -0.5961
vn -0.0000 0.6949 -0.7191
vn -0.0000 0.5762 -0.8173
vn -0.0000 0.4513 -0.8924
vn -0.0000 0.3235 -0.9462
vn -0.0000 0.1944 -0.9809
vn -0.0000 0.0648 -0.9979
vn 0.1136 0.9935 -0.0000
vn 0.3293 0.9442 -0.0000
vn 0.5155 0.8569 -0.0000
vn 0.6649 0.7470 -0.0000
vn 0.7785 0.6276 -0.0000
vn 0.8620 0.5069 -0.0000
vn 0.9214 0.3887 -0.0000
vn 0.9617 0.2742 -0.0000
vn 0.9866 0.1631 -0.0000
vn 0.9985 0.0541 -0.0000
vn -0.0000 0.9955 0.0949
vn -0.0000 0.9602 0.2793
vn -0.0000 0.8938 0.4485
vn -0.0000 0.8029 0.5961
vn -0.0000 0.6949 0.7191
vn -0.0000 0.5762 0.8173
vn -0.0000 0.4513 0.8924
vn -0.0000 0.3235 0.9462
vn -0.0000 0.1944 0.9809
vn -0.0000 0.0648 0.9979
vn -0.0011 1.0000 -0.0028
vn 0.1037 -0.0000 -0.9946
vn 0.3056 -0.0000 -0.9522
vn 0.4923 -0.0000 -0.8704
vn 0.6557 -0.0000 -0.7550
vn 0.7902 -0.0000 -0.6129
vn 0.8926 -0.0000 -0.4509
vn 0.9613 -0.0000 -0.2756
vn 0.9957 -0.0000 -0.0927
vn 0.9957 -0.0000 0.0927
vn 0.9613 -0.0000 0.2756
vn 0.8926 -0.0000 0.4509
vn 0.7902 -0.0000 0.6129
vn 0.6557 -0.0000 0.7550
vn 0.4923 -0.0000 0.8704
vn 0.3056 -0.0000 0.9522
vn 0.1037 -0.0000 0.9946
vn -0.1037 -0.0000 0.9946
vn -0.3056 -0.0000 0.9522
vn -0.4923 -0.0000 0.8704
vn -0.6557 -0.0000 0.7550
vn -0.7902 -0.0000 0.6129
vn -0.8926 -0.0000 0.4509
vn -0.9613 -0.0000 0.2756
vn -0.9957 -0.0000 0.0927
vn -0.9957 -0.0000 -0.0927
vn -0.9613 -0.0000 -0.2756
vn -0.8926 -0.0000 -0.4509
vn -0.7902 -0.0000 -0.6129
vn -0.6557 -0.0000 -0.7550
vn -0.4923 -0.0000 -0.8704
vn -0.3056 -0.0000 -0.9522
vn -0.1037 -0.0000 -0.9946
vn 0.0922 -0.9957 -0.0000
vn 0.2718 -0.9624 -0.0000
vn 0.4381 -0.8989 -0.0000
vn 0.5848 -0.8112 -0.0000
vn 0.7088 -0.7054 -0.0000
vn 0.8092 -0.5875 -0.0000
vn 0.8869 -0.4620 -0.0000
vn 0.9432 -0.3321 -0.0000
vn 0.9798 -0.2000 -0.0000
vn 0.9978 -0.0668 -0.0000
vn -0.0000 -0.9903 0.1392
vn -0.0000 -0.9190 0.3943
vn -0.0000 -0.8037 0.5950
vn -0.0000 -0.6743 0.7385
vn -0.0000 -0.5480 0.8364
vn -0.0000 -0.4312 0.9023
vn -0.0000 -0.3244 0.9459
vn -0.0000 -0.2258 0.9742
vn -0.0000 -0.1331 0.9911
vn -0.0000 -0.0440 0.9990
vn -0.0922 -0.9957 -0.0000
vn -0.2718 -0.9624 -0.0000
vn -0.4381 -0.8989 -0.0000
vn -0.5848 -0.8112 -0.0000
vn -0.7088 -0.7054 -0.0000
vn -0.8092 -0.5875 -0.0000
vn -0.8869 -0.4620 -0.0000
vn -0.9432 -0.3321 -0.0000
vn -0.9798 -0.2000 -0.0000
vn -0.9978 -0.0667 -0.0000
vn -0.0000 -0.9903 -0.1392
vn -0.0000 -0.9190 -0.3943
vn -0.0000 -0.8037 -0.5950
vn -0.0000 -0.6743 -0.7385
vn -0.0000 -0.5480 -0.8365
vn -0.0000 -0.4312 -0.9023
vn -0.0000 -0.3244 -0.9459
vn -0.0000 -0.2258 -0.9742
vn -0.0000 -0.1331 -0.9911
vn -0.0000 -0.0440 -0.9990
vn 0.4380 -0.8990 -0.0000
vn -0.0000 -0.9903 0.1393
vn -0.0000 -0.8038 0.5950
vn -0.0000 -0.6743 0.7384
vn -0.0000 -0.5480 0.8365
vn -0.4380 -0.8990 -0.0000
vn -0.9978 -0.0668 -0.0000
vn -0.0000 -0.9903 -0.1393
vn -0.0000 -0.6743 -0.7384
vn -0.0000 -0.3555 0.9347
vn 0.0881 -0.0000 -0.9961
vn 0.2629 -0.0000 -0.9648
vn 0.4329 -0.0000 -0.9015
vn 0.5934 -0.0000 -0.8049
vn 0.7383 -0.0000 -0.6745
vn 0.7383 -0.0000 0.6745
vn 0.5934 -0.0000 0.8049
vn 0.4329 -0.0000 0.9015
vn 0.2629 -0.0000 0.9648
vn 0.0881 -0.0000 0.9961
vn -0.0881 -0.0000 0.9961
vn -0.2629 -0.0000 0.9648
vn -0.4329 -0.0000 0.9015
vn -0.5934 -0.0000 0.8049
vn -0.7383 -0.0000 0.6745
vn -0.8594 -0.0000 0.5113
vn -0.9474 -0.0000 0.3199
vn -0.9940 -0.0000 0.1090
vn -0.9940 -0.0000 -0.1090
vn -0.9474 -0.0000 -0.3199
vn -0.8594 -0.0000 -0.5113
vn -0.7383 -0.0000 -0.6745
vn -0.5934 -0.0000 -0.8049
vn -0.4329 -0.0000 -0.9015
vn -0.2629 -0.0000 -0.9648
vn -0.0881 -0.0000 -0.9961
vn -0.0000 -0.0980 -0.9952
vn -0.0000 -0.2903 -0.9569
vn -0.0000 -0.4714 -0.8819
vn -0.0000 -0.6344 -0.7730
vn -0.0000 -0.7730 -0.6344
vn -0.0000 -0.8819 -0.4714
vn -0.0000 -0.9569 -0.2903
vn -0.0000 -0.9952 -0.0980
vn -0.0000 -0.9952 0.0980
vn -0.0000 -0.9569 0.2903
vn -0.0000 -0.8819 0.4714
vn -0.0000 -0.7730 0.6344
vn -0.0000 -0.6344 0.7730
vn -0.0000 -0.4714 0.8819
vn -0.0000 -0.2903 0.9569
vn -0.0000 -0.0980 0.9952
vn -0.0000 0.0980 0.9952
vn -0.0000 0.2903 0.9569
vn -0.0000 0.4714 0.8819
vn -0.0000 0.6344 0.7730
vn -0.0000 0.7730 0.6344
vn -0.0000 0.8819 0.4714
vn -0.0000 0.9569 0.2903
vn -0.0000 0.9952 0.0980
vn -0.0000 0.9952 -0.0980
vn -0.0000 0.9569 -0.2903
vn -0.0000 0.8819 -0.4714
vn -0.0000 0.7730 -0.6344
vn -0.0000 0.6344 -0.7730
vn -0.0000 0.4714 -0.8819
vn -0.0000 0.2903 -0.9569
vn -0.0000 0.0980 -0.9952
vn 0.0258 -0.0980 -0.9949
vn 0.0783 -0.0977 -0.9921
vn 0.1344 -0.0971 -0.9862
vn 0.1967 -0.0961 -0.9757
vn 0.2692 -0.0944 -0.9584
vn 0.3579 -0.0915 -0.9293
vn 0.4712 -0.0865 -0.8778
vn 0.6200 -0.0769 -0.7808
vn 0.8064 -0.0580 -0.5886
vn 0.9723 -0.0229 -0.2326
vn 0.0258 -0.2902 -0.9566
vn 0.0783 -0.2894 -0.9540
vn 0.1344 -0.2877 -0.9483
vn 0.1967 -0.2846 -0.9383
vn 0.2692 -0.2796 -0.9216
vn 0.3579 -0.2711 -0.8936
vn 0.4712 -0.2560 -0.8441
vn 0.6200 -0.2278 -0.7508
vn 0.8064 -0.1717 -0.5659
vn 0.9723 -0.0679 -0.2237
vn 0.0258 -0.4712 -0.8816
vn 0.0783 -0.4699 -0.8792
vn 0.1344 -0.4671 -0.8739
vn 0.1967 -0.4622 -0.8647
vn 0.2692 -0.4540 -0.8494
vn 0.3579 -0.4402 -0.8235
vn 0.4712 -0.4158 -0.7779
vn 0.6200 -0.3699 -0.6919
vn 0.8064 -0.2788 -0.5216
vn 0.9723 -0.1102 -0.2062
vn 0.0258 -0.6342 -0.7728
vn 0.0783 -0.6324 -0.7706
vn 0.1344 -0.6286 -0.7660
vn 0.1967 -0.6220 -0.7579
vn 0.2692 -0.6110 -0.7445
vn 0.3579 -0.5924 -0.7218
vn 0.4712 -0.5596 -0.6818
vn 0.6200 -0.4977 -0.6065
vn 0.8064 -0.3752 -0.4572
vn 0.9723 -0.1483 -0.1807
vn 0.0257 -0.7728 -0.6342
vn 0.0783 -0.7706 -0.6324
vn 0.1344 -0.7660 -0.6286
vn 0.1967 -0.7579 -0.6220
vn 0.2692 -0.7445 -0.6110
vn 0.3579 -0.7218 -0.5924
vn 0.4712 -0.6818 -0.5596
vn 0.6200 -0.6065 -0.4977
vn 0.8064 -0.4572 -0.3752
vn 0.9723 -0.1807 -0.1483
vn 0.0258 -0.8816 -0.4712
vn 0.0783 -0.8792 -0.4699
vn 0.1344 -0.8739 -0.4671
vn 0.1967 -0.8647 -0.4622
vn 0.2692 -0.8494 -0.4540
vn 0.3579 -0.8235 -0.4402
vn 0.4712 -0.7779 -0.4158
vn 0.6200 -0.6919 -0.3699
vn 0.8064 -0.5216 -0.2788
vn 0.9723 -0.2062 -0.1102
vn 0.0258 -0.9566 -0.2902
vn 0.0783 -0.9540 -0.2894
vn 0.1344 -0.9483 -0.2877
vn 0.1967 -0.9383 -0.2846
vn 0.2692 -0.9216 -0.2796
vn 0.3579 -0.8936 -0.2711
vn 0.4712 -0.8441 -0.2560
vn 0.6200 -0.7508 -0.2278
vn 0.8064 -0.5660 -0.1717
vn 0.9723 -0.2237 -0.0679
vn 0.0258 -0.9949 -0.0980
vn 0.0783 -0.9921 -0.0977
vn 0.1344 -0.9862 -0.0971
vn 0.1967 -0.9757 -0.0961
vn 0.2692 -0.9584 -0.0944
vn 0.3579 -0.9293 -0.0915
vn 0.4712 -0.8778 -0.0865
vn 0.6200 -0.7808 -0.0769
vn 0.8064 -0.5886 -0.0580
vn 0.9723 -0.2326 -0.0229
vn 0.0258 -0.9949 0.0980
vn 0.0783 -0.9921 0.0977
vn 0.1344 -0.9862 0.0971
vn 0.1967 -0.9757 0.0961
vn 0.2692 -0.9584 0.0944
vn 0.3579 -0.9293 0.0915
vn 0.4712 -0.8778 0.0865
vn 0.6200 -0.7808 0.0769
vn 0.8064 -0.5886 0.0580
vn 0.9723 -0.2326 0.0229
vn 0.0258 -0.9566 0.2902
vn 0.0783 -0.9540 0.2894
vn 0.1344 -0.9483 0.2877
vn 0.1967 -0.9383 0.2846
vn 0.2692 -0.9216 0.2796
vn 0.3579 -0.8936 0.2711
vn 0.4712 -0.8441 0.2560
vn 0.6200 -0.7508 0.2278
vn 0.8064 -0.5659 0.1717
vn 0.9723 -0.2237 0.0679
vn 0.0258 -0.8816 0.4712
vn 0.0783 -0.8792 0.4699
vn 0.1344 -0.8739 0.4671
vn 0.1967 -0.8647 0.4622
vn 0.2692 -0.8494 0.4540
vn 0.3579 -0.8235 0.4402
vn 0.4712 -0.7779 0.4158
vn 0.6200 -0.6919 0.3699
vn 0.8064 -0.5216 0.2788
vn 0.9723 -0.2062 0.1102
vn 0.0257 -0.7728 0.6342
vn 0.0783 -0.7706 0.6324
vn 0.1344 -0.7660 0.6286
vn 0.1967 -0.7579 0.6220
vn 0.2692 -0.7445 0.6110
vn 0.3579 -0.7218 0.5924
vn 0.4712 -0.6818 0.5596
vn 0.6200 -0.6065 0.4977
vn 0.8064 -0.4572 0.3752
vn 0.9723 -0.1807 0.1483
vn 0.0258 -0.6342 0.7728
vn 0.0783 -0.6324 0.7706
vn 0.1344 -0.6286 0.7660
vn 0.1967 -0.6220 0.7579
vn 0.2692 -0.6110 0.7445
vn 0.3579 -0.5924 0.7218
vn 0.4712 -0.5596 0.6818
vn 0.6200 -0.4977 0.6065
vn 0.8064 -0.3752 0.4572
vn 0.9723 -0.1483 0.1807
vn 0.0258 -0.4712 0.8816
vn 0.0783 -0.4699 0.8792
vn 0.1344 -0.4671 0.8739
vn 0.1967 -0.4622 0.8647
vn 0.2692 -0.4540 0.8494
vn 0.3579 -0.4402 0.8235
vn 0.4712 -0.4158 0.7779
vn 0.6200 -0.3699 0.6919
vn 0.8064 -0.2788 0.5216
vn 0.9723 -0.1102 0.2062
vn 0.0258 -0.2902 0.9566
vn 0.0783 -0.2894 0.9540
vn 0.1344 -0.2877 0.9483
vn 0.1967 -0.2846 0.9383
vn 0.2692 -0.2796 0.9216
vn 0.3579 -0.2711 0.8936
vn 0.4712 -0.2560 0.8441
vn 0.6200 -0.2278 0.7508
vn 0.8064 -0.1717 0.5659
vn 0.9723 -0.0679 0.2237
vn 0.0258 -0.0980 0.9949
vn 0.0783 -0.0977 0.9921
vn 0.1344 -0.0971 0.9862
vn 0.1967 -0.0961 0.9757
vn 0.2692 -0.0944 0.9584
vn 0.3579 -0.0915 0.9293
vn 0.4712 -0.0865 0.8778
vn 0.6200 -0.0769 0.7808
vn 0.8064 -0.0580 0.5886
vn 0.9723 -0.0229 0.2326
vn 0.0258 0.0980 0.9949
vn 0.0783 0.0977 0.9921
vn 0.1344 0.0971 0.9862
vn 0.1967 0.0961 0.9757
vn 0.2692 0.0944 0.9584
vn 0.3579 0.0915 0.9293
vn 0.4712 0.0865 0.8778
vn 0.6200 0.0769 0.7808
vn 0.8064 0.0580 0.5886
vn 0.9723 0.0229 0.2326
vn 0.0258 0.2902 0.9566
vn 0.0783 0.2894 0.9540
vn 0.1344 0.2877 0.9483
vn 0.1967 0.2846 0.9383
vn 0.2692 0.2796 0.9216
vn 0.3579 0.2711 0.8936
vn 0.4712 0.2560 0.8441
vn 0.6200 0.2278 0.7508
vn 0.8064 0.1717 0.5659
vn 0.9723 0.0679 0.2237
vn 0.0258 0.4712 0.8816
vn 0.0783 0.4699 0.8792
vn 0.1344 0.4671 0.8739
vn 0.1967 0.4622 0.8647
vn 0.2692 0.4540 0.8494
vn 0.3579 0.4402 0.8235
vn 0.4712 0.4158 0.7779
vn 0.6200 0.3699 0.6919
vn 0.8064 0.2788 0.5216
vn 0.9723 0.1102 0.2062
vn 0.0258 0.6342 0.7728
vn 0.0783 0.6324 0.7706
vn 0.1344 0.6286 0.7660
vn 0.1967 0.6220 0.7579
vn 0.2692 0.6110 0.7445
vn 0.3579 0.5924 0.7218
vn 0.4712 0.5596 0.6818
vn 0.6200 0.4977 0.6065
vn 0.8064 0.3752 0.4572
vn 0.9723 0.1483 0.1807
vn 0.0258 0.7728 0.6342
vn 0.0783 0.7706 0.6324
vn 0.1344 0.7660 0.6286
vn 0.1967 0.7579 0.6220
vn 0.2692 0.7445 0.6110
vn 0.3579 0.7218 0.5924
vn 0.4712 0.6818 0.5596
vn 0.6200 0.6065 0.4977
vn 0.8064 0.4572 0.3752
vn 0.9723 0.1807 0.1483
vn 0.0258 0.8816 0.4712
vn 0.0783 0.8792 0.4699
vn 0.1344 0.8739 0.4671
vn 0.1967 0.8647 0.4622
vn 0.2692 0.8494 0.4540
vn 0.3579 0.8235 0.4402
vn 0.4712 0.7779 0.4158
vn 0.6200 0.6919 0.3699
vn 0.8064 0.5216 0.2788
vn 0.9723 0.2062 0.1102
vn 0.0258 0.9566 0.2902
vn 0.0783 0.9540 0.2894
vn 0.1344 0.9483 0.2877
vn 0.1967 0.9383 0.2846
vn 0.2692 0.9216 0.2796
vn 0.3579 0.8936 0.2711
vn 0.4711 0.8441 0.2560
vn 0.6200 0.7508 0.2278
vn 0.8064 0.5660 0.1717
vn 0.9723 0.2237 0.0679
vn 0.0258 0.9949 0.0980
vn 0.0783 0.9921 0.0977
vn 0.1344 0.9862 0.0971
vn 0.1967 0.9757 0.0961
vn 0.2692 0.9584 0.0944
vn 0.3579 0.9293 0.0915
vn 0.4712 0.8778 0.0865
vn 0.6200 0.7808 0.0769
vn 0.8064 0.5886 0.0580
vn 0.9723 0.2326 0.0229
vn 0.0258 0.9949 -0.0980
vn 0.0783 0.9921 -0.0977
vn 0.1344 0.9862 -0.0971
vn 0.1967 0.9757 -0.0961
vn 0.2692 0.9584 -0.0944
vn 0.3579 0.9293 -0.0915
vn 0.4712 0.8778 -0.0865
vn 0.6200 0.7808 -0.0769
vn 0.8064 0.5886 -0.0580
vn 0.9723 0.2326 -0.0229
vn 0.0258 0.9566 -0.2902
vn 0.0783 0.9540 -0.2894
vn 0.1344 0.9483 -0.2877
vn 0.1967 0.9383 -0.2846
vn 0.2692 0.9216 -0.2796
vn 0.3579 0.8936 -0.2711
vn 0.4712 0.8441 -0.2560
vn 0.6200 0.7508 -0.2277
vn 0.8064 0.5660 -0.1717
vn 0.9723 0.2237 -0.0679
vn 0.0258 0.8816 -0.4712
vn 0.0783 0.8792 -0.4699
vn 0.1344 0.8739 -0.4671
vn 0.1967 0.8647 -0.4622
vn 0.2692 0.8494 -0.4540
vn 0.3579 0.8235 -0.4402
vn 0.4712 0.7779 -0.4158
vn 0.6200 0.6919 -0.3698
vn 0.8064 0.5216 -0.2788
vn 0.9723 0.2062 -0.1102
vn 0.0258 0.7728 -0.6342
vn 0.0783 0.7706 -0.6324
vn 0.1344 0.7660 -0.6286
vn 0.1967 0.7579 -0.6220
vn 0.2692 0.7445 -0.6110
vn 0.3579 0.7218 -0.5924
vn 0.4711 0.6818 -0.5596
vn 0.6200 0.6065 -0.4977
vn 0.8064 0.4572 -0.3752
vn 0.9723 0.1807 -0.1483
vn 0.0258 0.6342 -0.7728
vn 0.0783 0.6324 -0.7706
vn 0.1344 0.6286 -0.7660
vn 0.1967 0.6220 -0.7579
vn 0.2692 0.6110 -0.7445
vn 0.3579 0.5924 -0.7218
vn 0.4712 0.5596 -0.6818
vn 0.6200 0.4977 -0.6065
vn 0.8064 0.3752 -0.4572
vn 0.9723 0.1483 -0.1807
vn 0.0258 0.4712 -0.8816
vn 0.0783 0.4699 -0.8792
vn 0.1344 0.4671 -0.8739
vn 0.1967 0.4622 -0.8647
vn 0.2692 0.4540 -0.8494
vn 0.3579 0.4402 -0.8235
vn 0.4712 0.4158 -0.7779
vn 0.6200 0.3698 -0.6919
vn 0.8064 0.2788 -0.5216
vn 0.9723 0.1102 -0.2062
vn 0.0258 0.2902 -0.9566
vn 0.0783 0.2894 -0.9540
vn 0.1344 0.2877 -0.9483
vn 0.1967 0.2846 -0.9383
vn 0.2692 0.2796 -0.9216
vn 0.3579 0.2711 -0.8936
vn 0.4712 0.2560 -0.8441
vn 0.6200 0.2278 -0.7508
vn 0.8064 0.1717 -0.5659
vn 0.9723 0.0679 -0.2237
vn 0.0258 0.0980 -0.9949
vn 0.0783 0.0977 -0.9921
vn 0.1344 0.0971 -0.9862
vn 0.1967 0.0961 -0.9757
vn 0.2692 0.0944 -0.9584
vn 0.3579 0.0915 -0.9293
vn 0.4712 0.0865 -0.8778
vn 0.6200 0.0769 -0.7808
vn 0.8064 0.0580 -0.5886
vn 0.9723 0.0229 -0.2326
vn 0.1967 0.2846 -0.9382
vn 0.0257 0.6342 -0.7728
vn 0.1343 0.9862 -0.0971
vn 0.8064 0.5659 0.1717
vn 0.4712 0.8441 0.2560
vn 0.0257 0.9566 0.2902
vn 0.0257 0.7728 0.6342
vn 0.6200 0.3698 0.6919
vn 0.9723 0.0229 0.2327
vn 0.1967 -0.2846 0.9382
vn 0.2693 -0.6110 0.7445
vn 0.6200 -0.6919 0.3698
vn 0.1967 -0.9382 -0.2846
vn 0.2693 -0.7445 -0.6110
vn 0.0258 -0.7728 -0.6342
vn 0.6200 -0.3699 -0.6920
vn 0.1343 0.9862 0.0971
vn 0.2693 0.8494 0.4540
vn 0.6200 -0.6919 -0.3698
vn 0.2693 -0.6110 -0.7445
vn 0.9723 0.0229 -0.2327
vn 0.6200 0.3699 -0.6919
vn 0.6200 -0.3698 0.6919
vn 0.2693 -0.7445 0.6110
vn 0.0258 -0.7728 0.6342
vn 0.4711 0.5596 0.6818
vn 0.1967 -0.2846 -0.9382
vn 0.4712 0.6818 -0.5596
vn 0.8064 -0.5660 0.1717
vn 0.1967 -0.9382 0.2846
vn 0.1967 0.2846 0.9382
vn 0.9723 -0.0229 -0.2327
vn 0.8064 0.5659 -0.1717
vn 0.6200 0.7508 -0.2278
vn 0.0257 0.9566 -0.2902
vn 0.9723 -0.0229 0.2327
vn 0.8064 0.1717 -0.5660
vn 0.4711 0.2560 -0.8441
vn 0.4711 0.4158 -0.7779
vn 0.0783 0.4700 -0.8792
vn 0.9723 0.2062 -0.1103
vn 0.4711 0.7779 -0.4158
vn 0.0783 0.8792 -0.4700
vn 0.9723 0.2062 0.1103
vn 0.6200 0.6919 0.3698
vn 0.4711 0.7779 0.4158
vn 0.0783 0.8792 0.4700
vn 0.9723 -0.2327 -0.0229
vn 0.4711 -0.8778 -0.0865
vn 0.1343 -0.9862 -0.0971
vn 0.0784 -0.9921 -0.0977
vn 0.9723 -0.2238 -0.0679
vn 0.8064 -0.5659 -0.1717
vn 0.4711 -0.8441 -0.2560
vn 0.0257 -0.9566 -0.2902
vn 0.9723 -0.2238 0.0679
vn 0.4711 -0.8441 0.2560
vn 0.8064 -0.1717 0.5660
vn 0.4712 -0.2561 0.8441
vn 0.9723 -0.1808 0.1484
vn 0.6200 -0.6065 0.4978
vn 0.4711 -0.6818 0.5596
vn 0.0784 -0.7706 0.6324
vn 0.4711 0.8441 -0.2561
vn 0.0784 0.9540 -0.2894
vn 0.9723 0.1808 -0.1484
vn 0.4711 -0.4158 0.7779
vn 0.2693 -0.4540 0.8493
vn 0.0784 -0.4700 0.8792
vn 0.4711 -0.4158 -0.7779
vn 0.0784 -0.4700 -0.8792
vn 0.9723 -0.2062 0.1103
vn 0.4711 -0.7779 0.4158
vn 0.0784 -0.8792 0.4700
vn 0.4711 0.4158 0.7779
vn 0.2693 0.4540 0.8493
vn 0.0783 0.4700 0.8792
vn 0.9723 -0.2327 0.0229
vn 0.4711 -0.8778 0.0865
vn 0.1343 -0.9862 0.0971
vn 0.0784 -0.9921 0.0977
vn 0.4711 0.0865 0.8778
vn 0.2693 0.0944 0.9584
vn 0.4711 -0.0865 -0.8778
vn 0.2693 -0.0944 -0.9584
vn 0.8064 -0.1717 -0.5660
vn 0.4711 -0.2561 -0.8441
vn 0.4711 0.8441 0.2561
vn 0.0784 0.9540 0.2894
vn 0.4711 0.0865 -0.8778
vn 0.2693 0.0944 -0.9584
vn 0.9723 0.2327 -0.0229
vn 0.8064 0.5885 -0.0580
vn 0.4711 0.8778 -0.0865
vn 0.1967 0.9758 -0.0961
vn 0.0784 0.9921 -0.0977
vn 0.0257 0.9949 -0.0980
vn 0.2693 0.6110 -0.7444
vn 0.0784 0.6324 -0.7706
vn 0.9723 -0.1808 -0.1483
vn 0.4711 -0.6818 -0.5596
vn 0.0784 -0.7706 -0.6324
vn 0.9723 0.2327 0.0229
vn 0.8064 0.5885 0.0580
vn 0.4711 0.8778 0.0865
vn 0.1967 0.9758 0.0961
vn 0.0784 0.9921 0.0977
vn 0.0257 0.9949 0.0980
vn 0.9723 -0.2062 -0.1103
vn 0.4711 -0.7779 -0.4158
vn 0.0784 -0.8792 -0.4700
vn 0.2693 0.6110 0.7444
vn 0.4711 -0.0865 0.8778
vn 0.2693 -0.0944 0.9584
vn 0.9723 0.1808 0.1483
vn 0.4711 0.6818 0.5596
vn 0.8064 0.1717 0.5660
vn 0.4711 0.2560 0.8441
vt 0.375000 0.000000
vt 0.625000 0.000000
vt 0.625000 0.250000
vt 0.375000 0.250000
vt 0.625000 0.500000
vt 0.375000 0.500000
vt 0.625000 0.750000
vt 0.375000 0.750000
vt 0.625000 1.000000
vt 0.375000 1.000000
vt 0.125000 0.500000
vt 0.125000 0.750000
vt 0.640804 0.734196
vt 0.640804 0.515804
vt 0.859196 0.734196
vt 0.859196 0.515804
vt 0.875000 0.500000
vt 0.875000 0.750000
vt 0.859196 0.515804
vt 0.640804 0.734196
vt 0.640804 0.515804
vt 0.685005 0.560005
vt 0.814995 0.560005
vt 0.814995 0.689995
vt 0.685005 0.689995
vt 0.821909 0.553091
vt 0.821909 0.696909
vt 0.828654 0.546347
vt 0.828654 0.703653
vt 0.835062 0.539939
vt 0.835062 0.710061
vt 0.840975 0.534025
vt 0.840975 0.715975
vt 0.852723 0.522277
vt 0.852723 0.727723
vt 0.854975 0.520025
vt 0.854975 0.729975
vt 0.856787 0.518213
vt 0.856787 0.731787
vt 0.858114 0.516886
vt 0.858114 0.733114
vt 0.858924 0.516076
vt 0.858924 0.733924
vt 0.859196 0.734196
vt 0.678091 0.553091
vt 0.671346 0.546347
vt 0.664939 0.539939
vt 0.659025 0.534025
vt 0.647277 0.522277
vt 0.645025 0.520025
vt 0.643213 0.518213
vt 0.641886 0.516886
vt 0.641076 0.516076
vt 0.678091 0.696909
vt 0.671346 0.703654
vt 0.664939 0.710062
vt 0.659025 0.715976
vt 0.647277 0.727723
vt 0.645025 0.729975
vt 0.643213 0.731787
vt 0.641886 0.733114
vt 0.641076 0.733924
vt 0.786303 0.056829
vt 0.823353 0.068037
vt 0.857498 0.086238
vt 0.887427 0.110732
vt 0.911989 0.140578
vt 0.930240 0.174628
vt 0.941479 0.211576
vt 0.945274 0.250000
vt 0.941479 0.288424
vt 0.930240 0.325371
vt 0.911989 0.359423
vt 0.887427 0.389268
vt 0.857498 0.413762
vt 0.823353 0.431963
vt 0.786303 0.443171
vt 0.747772 0.446955
vt 0.709241 0.443171
vt 0.672191 0.431963
vt 0.638046 0.413762
vt 0.608117 0.389268
vt 0.583555 0.359422
vt 0.565304 0.325372
vt 0.554065 0.288424
vt 0.550270 0.250000
vt 0.554065 0.211576
vt 0.565304 0.174628
vt 0.583555 0.140578
vt 0.608117 0.110732
vt 0.638046 0.086238
vt 0.672191 0.068037
vt 0.709241 0.056829
vt 0.747772 0.053045
vt 0.968750 0.500000
vt 1.000000 0.500000
vt 1.000000 0.571163
vt 0.968750 0.571163
vt 0.937500 0.500000
vt 0.937500 0.571163
vt 0.906250 0.500000
vt 0.906250 0.571163
vt 0.875000 0.571163
vt 0.843750 0.571163
vt 0.843750 0.500000
vt 0.812500 0.571163
vt 0.812500 0.500000
vt 0.781250 0.571163
vt 0.781250 0.500000
vt 0.750000 0.571163
vt 0.750000 0.500000
vt 0.718750 0.571163
vt 0.718750 0.500000
vt 0.687500 0.571163
vt 0.687500 0.500000
vt 0.656250 0.571163
vt 0.656250 0.500000
vt 0.625000 0.571163
vt 0.593750 0.571163
vt 0.593750 0.500000
vt 0.562500 0.571163
vt 0.562500 0.500000
vt 0.531250 0.571163
vt 0.531250 0.500000
vt 0.500000 0.571163
vt 0.500000 0.500000
vt 0.468750 0.571163
vt 0.468750 0.500000
vt 0.437500 0.571163
vt 0.437500 0.500000
vt 0.406250 0.571163
vt 0.406250 0.500000
vt 0.375000 0.571163
vt 0.343750 0.500000
vt 0.343750 0.571163
vt 0.312500 0.500000
vt 0.312500 0.571163
vt 0.281250 0.500000
vt 0.281250 0.571163
vt 0.250000 0.500000
vt 0.250000 0.571163
vt 0.218750 0.500000
vt 0.218750 0.571163
vt 0.187500 0.500000
vt 0.187500 0.571163
vt 0.156250 0.500000
vt 0.156250 0.571163
vt 0.125000 0.571163
vt 0.093750 0.500000
vt 0.093750 0.571163
vt 0.062500 0.500000
vt 0.062500 0.571163
vt 0.031250 0.500000
vt 0.031250 0.571163
vt 0.000000 0.500000
vt 0.000000 0.571163
vt 0.703178 0.485388
vt 0.750000 0.490000
vt 0.796822 0.485388
vt 0.841844 0.471731
vt 0.883337 0.449553
vt 0.919706 0.419706
vt 0.949553 0.383337
vt 0.971731 0.341844
vt 0.985388 0.296822
vt 0.990000 0.250000
vt 0.985388 0.203178
vt 0.971731 0.158156
vt 0.949553 0.116663
vt 0.919706 0.080294
vt 0.883337 0.050447
vt 0.841844 0.028269
vt 0.796822 0.014612
vt 0.750000 0.010000
vt 0.703178 0.014612
vt 0.658156 0.028269
vt 0.616663 0.050447
vt 0.580294 0.080294
vt 0.550447 0.116663
vt 0.528269 0.158156
vt 0.514612 0.203178
vt 0.510000 0.250000
vt 0.514612 0.296822
vt 0.528269 0.341844
vt 0.550447 0.383337
vt 0.580294 0.419706
vt 0.616663 0.449553
vt 0.658156 0.471731
vt 0.360633 0.735633
vt 0.139367 0.735633
vt 0.139367 0.514367
vt 0.360633 0.514367
vt 0.146909 0.521909
vt 0.146909 0.728091
vt 0.145730 0.729270
vt 0.145730 0.520730
vt 0.144579 0.730421
vt 0.144579 0.519579
vt 0.143485 0.731515
vt 0.143485 0.518485
vt 0.142476 0.732524
vt 0.142476 0.517476
vt 0.140472 0.734528
vt 0.140472 0.515472
vt 0.140088 0.734912
vt 0.140088 0.515087
vt 0.139778 0.735222
vt 0.139778 0.514778
vt 0.139552 0.735448
vt 0.139552 0.514552
vt 0.139414 0.735586
vt 0.139414 0.514414
vt 0.353091 0.521909
vt 0.354270 0.520730
vt 0.355421 0.519579
vt 0.356515 0.518485
vt 0.357524 0.517476
vt 0.359528 0.515472
vt 0.359912 0.515088
vt 0.360222 0.514778
vt 0.360448 0.514552
vt 0.360586 0.514414
vt 0.353091 0.728091
vt 0.354270 0.729270
vt 0.355421 0.730421
vt 0.356515 0.731515
vt 0.357524 0.732524
vt 0.359528 0.734528
vt 0.359912 0.734913
vt 0.360222 0.735222
vt 0.360448 0.735448
vt 0.360586 0.735586
vt 0.345760 0.720760
vt 0.154240 0.720760
vt 0.154240 0.529240
vt 0.345760 0.529240
vt 0.192420 0.567420
vt 0.307580 0.567420
vt 0.307580 0.682580
vt 0.192420 0.682580
vt 0.186447 0.688553
vt 0.186447 0.561447
vt 0.180621 0.694378
vt 0.180621 0.555622
vt 0.175086 0.699914
vt 0.175086 0.550086
vt 0.169978 0.705022
vt 0.169978 0.544978
vt 0.159831 0.715169
vt 0.159831 0.534831
vt 0.157886 0.717115
vt 0.157886 0.532886
vt 0.156320 0.718680
vt 0.156320 0.531320
vt 0.155174 0.719826
vt 0.155174 0.530174
vt 0.154475 0.720525
vt 0.154475 0.529475
vt 0.313553 0.561447
vt 0.319378 0.555622
vt 0.324914 0.550086
vt 0.330022 0.544978
vt 0.340169 0.534831
vt 0.342114 0.532886
vt 0.343680 0.531320
vt 0.344826 0.530174
vt 0.345525 0.529475
vt 0.313553 0.688553
vt 0.319378 0.694379
vt 0.324914 0.699914
vt 0.330022 0.705022
vt 0.340169 0.715169
vt 0.342114 0.717115
vt 0.343680 0.718680
vt 0.344826 0.719826
vt 0.345525 0.720525
vt 0.846793 0.500000
vt 0.846793 0.571163
vt 0.653207 0.500000
vt 0.653207 0.571163
vt 0.946647 0.386878
vt 0.946647 0.113122
vt 0.909597 0.137671
vt 0.909597 0.362329
vt 0.595114 0.019088
vt 0.589861 0.019088
vt 0.589862 0.095926
vt 0.595114 0.095926
vt 1.000000 0.557248
vt 1.000000 1.000000
vt 0.968750 1.000000
vt 0.968750 0.557248
vt 0.937500 1.000000
vt 0.937500 0.557248
vt 0.906250 1.000000
vt 0.906250 0.557248
vt 0.875000 1.000000
vt 0.875000 0.557248
vt 0.843750 1.000000
vt 0.843750 0.557248
vt 0.812500 1.000000
vt 0.812500 0.557248
vt 0.781250 1.000000
vt 0.781250 0.557248
vt 0.750000 1.000000
vt 0.750000 0.557248
vt 0.718750 1.000000
vt 0.718750 0.557248
vt 0.687500 1.000000
vt 0.687500 0.557248
vt 0.656250 1.000000
vt 0.656250 0.557248
vt 0.625000 0.557248
vt 0.593750 1.000000
vt 0.593750 0.557248
vt 0.562500 1.000000
vt 0.562500 0.557248
vt 0.531250 1.000000
vt 0.531250 0.557248
vt 0.500000 1.000000
vt 0.500000 0.557248
vt 0.468750 1.000000
vt 0.468750 0.557248
vt 0.437500 1.000000
vt 0.437500 0.557248
vt 0.406250 1.000000
vt 0.406250 0.557248
vt 0.375000 0.557248
vt 0.343750 1.000000
vt 0.343750 0.557248
vt 0.312500 1.000000
vt 0.312500 0.557248
vt 0.281250 1.000000
vt 0.281250 0.557248
vt 0.250000 1.000000
vt 0.250000 0.557248
vt 0.218750 1.000000
vt 0.218750 0.557248
vt 0.187500 1.000000
vt 0.187500 0.557248
vt 0.156250 1.000000
vt 0.156250 0.557248
vt 0.125000 1.000000
vt 0.125000 0.557248
vt 0.093750 1.000000
vt 0.093750 0.557248
vt 0.062500 1.000000
vt 0.062500 0.557248
vt 0.375000 1.000000
vt 0.343750 1.000000
vt 0.031250 1.000000
vt 0.031250 0.557248
vt 0.000000 1.000000
vt 0.000000 0.557248
vt 0.968750 1.000000
vt 0.093750 1.000000
vt 0.062500 1.000000
vt 0.781250 1.000000
vt 0.500000 1.000000
vt 0.468750 1.000000
vt 0.187500 1.000000
vt 0.906250 1.000000
vt 0.875000 1.000000
vt 0.625000 1.000000
vt 0.593750 1.000000
vt 0.031250 1.000000
vt 0.718750 1.000000
vt 0.437500 1.000000
vt 0.843750 1.000000
vt 0.281250 1.000000
vt 0.250000 0.469283
vt 0.207220 0.465069
vt 0.207220 0.465069
vt 0.250000 0.469283
vt 0.687500 1.000000
vt 0.406250 1.000000
vt 0.125000 1.000000
vt 0.531250 1.000000
vt 0.250000 1.000000
vt 0.432327 0.128173
vt 0.452591 0.166084
vt 0.452591 0.166084
vt 0.432327 0.128173
vt 0.000000 1.000000
vt 1.000000 1.000000
vt 0.999983 1.000000
vt 0.968767 1.000000
vt 0.999934 1.000000
vt 0.968816 1.000000
vt 0.999853 1.000000
vt 0.968897 1.000000
vt 0.999742 1.000000
vt 0.969008 1.000000
vt 0.999605 1.000000
vt 0.969145 1.000000
vt 0.296230 0.485447
vt 0.250592 0.489942
vt 0.250000 0.481460
vt 0.295156 0.477013
vt 0.250000 0.478688
vt 0.294615 0.474294
vt 0.250000 0.475685
vt 0.294029 0.471349
vt 0.250000 0.472524
vt 0.293412 0.468248
vt 0.292780 0.465069
vt 0.968733 1.000000
vt 0.937517 1.000000
vt 0.968684 1.000000
vt 0.937566 1.000000
vt 0.968603 1.000000
vt 0.937647 1.000000
vt 0.968492 1.000000
vt 0.937757 1.000000
vt 0.968355 1.000000
vt 0.937895 1.000000
vt 0.341275 0.471904
vt 0.297391 0.485216
vt 0.338576 0.463841
vt 0.337515 0.461280
vt 0.336366 0.458506
vt 0.335156 0.455585
vt 0.333916 0.452591
vt 0.937484 1.000000
vt 0.906266 1.000000
vt 0.937434 1.000000
vt 0.906316 1.000000
vt 0.937353 1.000000
vt 0.906397 1.000000
vt 0.937243 1.000000
vt 0.906508 1.000000
vt 0.937105 1.000000
vt 0.906645 1.000000
vt 0.382812 0.449833
vt 0.342369 0.471451
vt 0.378592 0.442452
vt 0.377052 0.440147
vt 0.375384 0.437650
vt 0.373628 0.435022
vt 0.371827 0.432327
vt 0.906233 1.000000
vt 0.875017 1.000000
vt 0.906184 1.000000
vt 0.875066 1.000000
vt 0.906103 1.000000
vt 0.875147 1.000000
vt 0.905992 1.000000
vt 0.875258 1.000000
vt 0.905855 1.000000
vt 0.875395 1.000000
vt 0.419246 0.420083
vt 0.383797 0.449175
vt 0.413667 0.413667
vt 0.411707 0.411707
vt 0.409583 0.409583
vt 0.407348 0.407348
vt 0.405056 0.405056
vt 0.874983 1.000000
vt 0.843767 1.000000
vt 0.874934 1.000000
vt 0.843816 1.000000
vt 0.874853 1.000000
vt 0.843897 1.000000
vt 0.874743 1.000000
vt 0.844008 1.000000
vt 0.874605 1.000000
vt 0.844145 1.000000
vt 0.449175 0.383797
vt 0.420083 0.419246
vt 0.442452 0.378592
vt 0.440147 0.377052
vt 0.437650 0.375384
vt 0.435022 0.373628
vt 0.432327 0.371827
vt 0.843733 1.000000
vt 0.812517 1.000000
vt 0.843684 1.000000
vt 0.812566 1.000000
vt 0.843603 1.000000
vt 0.812647 1.000000
vt 0.843492 1.000000
vt 0.812758 1.000000
vt 0.843355 1.000000
vt 0.812895 1.000000
vt 0.471451 0.342369
vt 0.449833 0.382812
vt 0.463841 0.338576
vt 0.461280 0.337515
vt 0.458506 0.336366
vt 0.455585 0.335156
vt 0.452591 0.333916
vt 0.812483 1.000000
vt 0.781267 1.000000
vt 0.812434 1.000000
vt 0.781316 1.000000
vt 0.812353 1.000000
vt 0.781397 1.000000
vt 0.812242 1.000000
vt 0.781508 1.000000
vt 0.812105 1.000000
vt 0.781645 1.000000
vt 0.485216 0.297391
vt 0.471904 0.341275
vt 0.477013 0.295156
vt 0.474294 0.294615
vt 0.471348 0.294029
vt 0.468248 0.293412
vt 0.465069 0.292780
vt 0.781234 1.000000
vt 0.750017 1.000000
vt 0.781184 1.000000
vt 0.750066 1.000000
vt 0.781103 1.000000
vt 0.750147 1.000000
vt 0.780992 1.000000
vt 0.750258 1.000000
vt 0.780855 1.000000
vt 0.750395 1.000000
vt 0.489942 0.250592
vt 0.485447 0.296230
vt 0.481460 0.250000
vt 0.478688 0.250000
vt 0.475685 0.250000
vt 0.472524 0.250000
vt 0.469283 0.250000
vt 0.749984 1.000000
vt 0.718767 1.000000
vt 0.749934 1.000000
vt 0.718816 1.000000
vt 0.749853 1.000000
vt 0.718897 1.000000
vt 0.749742 1.000000
vt 0.719008 1.000000
vt 0.749605 1.000000
vt 0.719145 1.000000
vt 0.485447 0.203770
vt 0.489942 0.249408
vt 0.477013 0.204844
vt 0.474294 0.205385
vt 0.471348 0.205971
vt 0.468248 0.206588
vt 0.465069 0.207220
vt 0.718733 1.000000
vt 0.687517 1.000000
vt 0.718684 1.000000
vt 0.687566 1.000000
vt 0.718603 1.000000
vt 0.687647 1.000000
vt 0.718492 1.000000
vt 0.687758 1.000000
vt 0.718355 1.000000
vt 0.687895 1.000000
vt 0.471904 0.158725
vt 0.485216 0.202609
vt 0.463841 0.161424
vt 0.461280 0.162485
vt 0.458506 0.163634
vt 0.455585 0.164844
vt 0.687483 1.000000
vt 0.656267 1.000000
vt 0.687434 1.000000
vt 0.656316 1.000000
vt 0.687353 1.000000
vt 0.656397 1.000000
vt 0.687243 1.000000
vt 0.656508 1.000000
vt 0.687105 1.000000
vt 0.656645 1.000000
vt 0.449833 0.117188
vt 0.471451 0.157631
vt 0.442452 0.121408
vt 0.440147 0.122948
vt 0.437650 0.124616
vt 0.435022 0.126372
vt 0.656233 1.000000
vt 0.625017 1.000000
vt 0.656184 1.000000
vt 0.625066 1.000000
vt 0.656103 1.000000
vt 0.625147 1.000000
vt 0.655992 1.000000
vt 0.625258 1.000000
vt 0.655855 1.000000
vt 0.625395 1.000000
vt 0.420083 0.080754
vt 0.449175 0.116203
vt 0.413667 0.086333
vt 0.411707 0.088293
vt 0.409583 0.090417
vt 0.407348 0.092652
vt 0.405056 0.094944
vt 0.624983 1.000000
vt 0.593767 1.000000
vt 0.624934 1.000000
vt 0.593816 1.000000
vt 0.624853 1.000000
vt 0.593897 1.000000
vt 0.624742 1.000000
vt 0.594008 1.000000
vt 0.624605 1.000000
vt 0.594145 1.000000
vt 0.383797 0.050825
vt 0.419246 0.079917
vt 0.378592 0.057548
vt 0.377052 0.059853
vt 0.375384 0.062350
vt 0.373628 0.064978
vt 0.371827 0.067673
vt 0.593734 1.000000
vt 0.562517 1.000000
vt 0.593684 1.000000
vt 0.562566 1.000000
vt 0.593603 1.000000
vt 0.562647 1.000000
vt 0.593492 1.000000
vt 0.562758 1.000000
vt 0.593355 1.000000
vt 0.562895 1.000000
vt 0.342369 0.028549
vt 0.382812 0.050167
vt 0.338576 0.036159
vt 0.337515 0.038720
vt 0.336366 0.041494
vt 0.335156 0.044415
vt 0.333916 0.047409
vt 0.562483 1.000000
vt 0.531267 1.000000
vt 0.562434 1.000000
vt 0.531316 1.000000
vt 0.562353 1.000000
vt 0.531397 1.000000
vt 0.562242 1.000000
vt 0.531508 1.000000
vt 0.562105 1.000000
vt 0.531645 1.000000
vt 0.297391 0.014784
vt 0.341275 0.028096
vt 0.295156 0.022987
vt 0.294615 0.025706
vt 0.294029 0.028652
vt 0.293412 0.031752
vt 0.292780 0.034931
vt 0.531233 1.000000
vt 0.500017 1.000000
vt 0.531184 1.000000
vt 0.500066 1.000000
vt 0.531103 1.000000
vt 0.500147 1.000000
vt 0.530992 1.000000
vt 0.500258 1.000000
vt 0.530855 1.000000
vt 0.500395 1.000000
vt 0.250592 0.010058
vt 0.296230 0.014553
vt 0.250000 0.018540
vt 0.250000 0.021312
vt 0.250000 0.024315
vt 0.250000 0.027476
vt 0.250000 0.030717
vt 0.499983 1.000000
vt 0.468767 1.000000
vt 0.499934 1.000000
vt 0.468816 1.000000
vt 0.499853 1.000000
vt 0.468897 1.000000
vt 0.499742 1.000000
vt 0.469008 1.000000
vt 0.499605 1.000000
vt 0.469145 1.000000
vt 0.203770 0.014553
vt 0.249408 0.010058
vt 0.204844 0.022987
vt 0.205385 0.025706
vt 0.205971 0.028652
vt 0.206588 0.031752
vt 0.207220 0.034931
vt 0.468733 1.000000
vt 0.437517 1.000000
vt 0.468684 1.000000
vt 0.437566 1.000000
vt 0.468603 1.000000
vt 0.437647 1.000000
vt 0.468492 1.000000
vt 0.437758 1.000000
vt 0.468355 1.000000
vt 0.437895 1.000000
vt 0.158725 0.028096
vt 0.202609 0.014784
vt 0.161424 0.036159
vt 0.162485 0.038720
vt 0.163634 0.041494
vt 0.164844 0.044415
vt 0.166084 0.047409
vt 0.437484 1.000000
vt 0.406267 1.000000
vt 0.437434 1.000000
vt 0.406316 1.000000
vt 0.437353 1.000000
vt 0.406397 1.000000
vt 0.437242 1.000000
vt 0.406508 1.000000
vt 0.437105 1.000000
vt 0.406645 1.000000
vt 0.117188 0.050167
vt 0.157631 0.028549
vt 0.121408 0.057548
vt 0.122948 0.059853
vt 0.124616 0.062350
vt 0.126372 0.064978
vt 0.128173 0.067673
vt 0.406233 1.000000
vt 0.375017 1.000000
vt 0.406184 1.000000
vt 0.375066 1.000000
vt 0.406103 1.000000
vt 0.375147 1.000000
vt 0.405992 1.000000
vt 0.375258 1.000000
vt 0.405855 1.000000
vt 0.375395 1.000000
vt 0.080754 0.079917
vt 0.116203 0.050825
vt 0.086333 0.086333
vt 0.088293 0.088293
vt 0.090417 0.090417
vt 0.092652 0.092652
vt 0.094944 0.094944
vt 0.374983 1.000000
vt 0.343767 1.000000
vt 0.374934 1.000000
vt 0.343816 1.000000
vt 0.374853 1.000000
vt 0.343897 1.000000
vt 0.374742 1.000000
vt 0.344008 1.000000
vt 0.374605 1.000000
vt 0.344145 1.000000
vt 0.050825 0.116203
vt 0.079917 0.080754
vt 0.057548 0.121408
vt 0.059853 0.122948
vt 0.062350 0.124616
vt 0.064978 0.126372
vt 0.067673 0.128173
vt 0.343733 1.000000
vt 0.312517 1.000000
vt 0.343684 1.000000
vt 0.312566 1.000000
vt 0.343603 1.000000
vt 0.312647 1.000000
vt 0.343492 1.000000
vt 0.312758 1.000000
vt 0.343355 1.000000
vt 0.312895 1.000000
vt 0.028549 0.157631
vt 0.050167 0.117188
vt 0.036159 0.161424
vt 0.038720 0.162485
vt 0.041494 0.163634
vt 0.044415 0.164844
vt 0.047409 0.166084
vt 0.312483 1.000000
vt 0.281267 1.000000
vt 0.312434 1.000000
vt 0.281316 1.000000
vt 0.312353 1.000000
vt 0.281397 1.000000
vt 0.312242 1.000000
vt 0.281508 1.000000
vt 0.312105 1.000000
vt 0.281645 1.000000
vt 0.014784 0.202609
vt 0.028096 0.158725
vt 0.022987 0.204844
vt 0.025706 0.205385
vt 0.028652 0.205971
vt 0.031752 0.206588
vt 0.034931 0.207220
vt 0.281233 1.000000
vt 0.250017 1.000000
vt 0.281184 1.000000
vt 0.250066 1.000000
vt 0.281103 1.000000
vt 0.250147 1.000000
vt 0.280992 1.000000
vt 0.250258 1.000000
vt 0.280855 1.000000
vt 0.250395 1.000000
vt 0.010058 0.249408
vt 0.014553 0.203770
vt 0.018540 0.250000
vt 0.021312 0.250000
vt 0.024315 0.250000
vt 0.027476 0.250000
vt 0.030717 0.250000
vt 0.249983 1.000000
vt 0.218767 1.000000
vt 0.249934 1.000000
vt 0.218816 1.000000
vt 0.249853 1.000000
vt 0.218897 1.000000
vt 0.249742 1.000000
vt 0.219008 1.000000
vt 0.249605 1.000000
vt 0.219145 1.000000
vt 0.014553 0.296230
vt 0.010058 0.250592
vt 0.022987 0.295156
vt 0.025706 0.294615
vt 0.028652 0.294029
vt 0.031752 0.293412
vt 0.034931 0.292780
vt 0.218733 1.000000
vt 0.187517 1.000000
vt 0.218684 1.000000
vt 0.187566 1.000000
vt 0.218603 1.000000
vt 0.187647 1.000000
vt 0.218492 1.000000
vt 0.187758 1.000000
vt 0.218355 1.000000
vt 0.187895 1.000000
vt 0.028096 0.341275
vt 0.014784 0.297391
vt 0.036159 0.338576
vt 0.038720 0.337515
vt 0.041494 0.336366
vt 0.044415 0.335156
vt 0.047409 0.333916
vt 0.187483 1.000000
vt 0.156267 1.000000
vt 0.187434 1.000000
vt 0.156316 1.000000
vt 0.187353 1.000000
vt 0.156397 1.000000
vt 0.187242 1.000000
vt 0.156508 1.000000
vt 0.187105 1.000000
vt 0.156645 1.000000
vt 0.050167 0.382812
vt 0.028549 0.342369
vt 0.057548 0.378592
vt 0.059853 0.377052
vt 0.062350 0.375384
vt 0.064978 0.373628
vt 0.067673 0.371827
vt 0.156233 1.000000
vt 0.125017 1.000000
vt 0.156184 1.000000
vt 0.125066 1.000000
vt 0.156103 1.000000
vt 0.125147 1.000000
vt 0.155992 1.000000
vt 0.125258 1.000000
vt 0.155855 1.000000
vt 0.125395 1.000000
vt 0.079917 0.419246
vt 0.050825 0.383797
vt 0.086333 0.413667
vt 0.088293 0.411707
vt 0.090417 0.409583
vt 0.092652 0.407348
vt 0.094944 0.405056
vt 0.124983 1.000000
vt 0.093767 1.000000
vt 0.124934 1.000000
vt 0.093816 1.000000
vt 0.124853 1.000000
vt 0.093897 1.000000
vt 0.124742 1.000000
vt 0.094008 1.000000
vt 0.124605 1.000000
vt 0.094145 1.000000
vt 0.116203 0.449175
vt 0.080754 0.420083
vt 0.121408 0.442452
vt 0.122948 0.440147
vt 0.124616 0.437650
vt 0.126372 0.435022
vt 0.128173 0.432327
vt 0.093733 1.000000
vt 0.062517 1.000000
vt 0.093684 1.000000
vt 0.062566 1.000000
vt 0.093603 1.000000
vt 0.062647 1.000000
vt 0.093492 1.000000
vt 0.062758 1.000000
vt 0.093355 1.000000
vt 0.062895 1.000000
vt 0.157631 0.471451
vt 0.117188 0.449833
vt 0.161424 0.463841
vt 0.162485 0.461280
vt 0.163634 0.458506
vt 0.164844 0.455585
vt 0.166084 0.452591
vt 0.062483 1.000000
vt 0.031267 1.000000
vt 0.062434 1.000000
vt 0.031316 1.000000
vt 0.062353 1.000000
vt 0.031397 1.000000
vt 0.062242 1.000000
vt 0.031508 1.000000
vt 0.062105 1.000000
vt 0.031645 1.000000
vt 0.202609 0.485216
vt 0.158725 0.471904
vt 0.204844 0.477013
vt 0.205385 0.474294
vt 0.205971 0.471349
vt 0.206588 0.468248
vt 0.031233 1.000000
vt 0.000017 1.000000
vt 0.031184 1.000000
vt 0.000066 1.000000
vt 0.031103 1.000000
vt 0.000147 1.000000
vt 0.030992 1.000000
vt 0.000258 1.000000
vt 0.030855 1.000000
vt 0.000395 1.000000
vt 0.249408 0.489942
vt 0.203770 0.485447
vt 0.371827 0.432327
vt 0.405056 0.405056
vt 0.047409 0.333916
vt 0.067673 0.371827
vt 0.128173 0.067673
vt 0.094944 0.094944
vt 0.405056 0.094944
vt 0.371827 0.067673
vt 0.432327 0.371827
vt 0.452591 0.333916
vt 0.094944 0.405056
vt 0.128173 0.432327
vt 0.067673 0.128173
vt 0.047409 0.166084
vt 0.333916 0.047409
vt 0.292780 0.034931
vt 0.465069 0.292780
vt 0.469283 0.250000
vt 0.292780 0.465069
vt 0.034931 0.207220
vt 0.030717 0.250000
vt 0.250000 0.030717
vt 0.207220 0.034931
vt 0.465069 0.207220
vt 0.333916 0.452591
vt 0.034931 0.292780
vt 0.166084 0.047409
vt 0.166084 0.452591
vt 0.288504 0.443573
vt 0.250000 0.447365
vt 0.250000 0.447365
vt 0.250000 0.052635
vt 0.288504 0.056427
vt 0.174472 0.432342
vt 0.211496 0.443573
vt 0.210827 0.446936
vt 0.173160 0.435509
vt 0.210175 0.450216
vt 0.171880 0.438599
vt 0.209555 0.453332
vt 0.170664 0.441535
vt 0.208983 0.456208
vt 0.169542 0.444244
vt 0.207232 0.465009
vt 0.166108 0.452534
vt 0.207228 0.465030
vt 0.166100 0.452554
vt 0.207225 0.465047
vt 0.166093 0.452570
vt 0.207222 0.465059
vt 0.166088 0.452582
vt 0.207221 0.465067
vt 0.166085 0.452589
vt 0.110442 0.389558
vt 0.140350 0.414103
vt 0.138445 0.416954
vt 0.108017 0.391983
vt 0.136587 0.419735
vt 0.105653 0.394347
vt 0.134822 0.422377
vt 0.103406 0.396594
vt 0.133193 0.424815
vt 0.101332 0.398668
vt 0.128207 0.432276
vt 0.094987 0.405013
vt 0.128195 0.432294
vt 0.094972 0.405028
vt 0.128186 0.432308
vt 0.094960 0.405040
vt 0.128179 0.432319
vt 0.094951 0.405049
vt 0.128174 0.432325
vt 0.094945 0.405055
vt 0.067659 0.325528
vt 0.085897 0.359650
vt 0.083046 0.361555
vt 0.064491 0.326840
vt 0.080265 0.363413
vt 0.061401 0.328120
vt 0.077623 0.365178
vt 0.058465 0.329336
vt 0.075185 0.366808
vt 0.055756 0.330458
vt 0.067724 0.371793
vt 0.047466 0.333892
vt 0.067706 0.371805
vt 0.047446 0.333901
vt 0.067692 0.371814
vt 0.047430 0.333907
vt 0.067682 0.371821
vt 0.047419 0.333912
vt 0.067675 0.371826
vt 0.047411 0.333915
vt 0.052635 0.250000
vt 0.056427 0.288504
vt 0.053064 0.289173
vt 0.049206 0.250000
vt 0.049784 0.289825
vt 0.045862 0.250000
vt 0.046668 0.290445
vt 0.042684 0.250000
vt 0.043792 0.291017
vt 0.039752 0.250000
vt 0.034991 0.292768
vt 0.030779 0.250000
vt 0.034970 0.292772
vt 0.030757 0.250000
vt 0.034953 0.292775
vt 0.030740 0.250000
vt 0.034941 0.292778
vt 0.030727 0.250000
vt 0.034933 0.292779
vt 0.030720 0.250000
vt 0.067659 0.174472
vt 0.056427 0.211496
vt 0.053064 0.210827
vt 0.064491 0.173160
vt 0.049784 0.210175
vt 0.061401 0.171880
vt 0.046668 0.209555
vt 0.058465 0.170664
vt 0.043792 0.208983
vt 0.055756 0.169542
vt 0.034991 0.207232
vt 0.047466 0.166108
vt 0.034970 0.207228
vt 0.047446 0.166099
vt 0.034953 0.207225
vt 0.047430 0.166093
vt 0.034941 0.207222
vt 0.047419 0.166088
vt 0.034933 0.207221
vt 0.047411 0.166085
vt 0.110442 0.110442
vt 0.085897 0.140350
vt 0.083046 0.138445
vt 0.108017 0.108017
vt 0.080265 0.136587
vt 0.105653 0.105653
vt 0.077623 0.134822
vt 0.103406 0.103406
vt 0.075185 0.133193
vt 0.101332 0.101332
vt 0.067724 0.128207
vt 0.094987 0.094987
vt 0.067706 0.128195
vt 0.094972 0.094972
vt 0.067692 0.128186
vt 0.094960 0.094960
vt 0.067682 0.128179
vt 0.094951 0.094951
vt 0.067675 0.128174
vt 0.094945 0.094945
vt 0.174472 0.067659
vt 0.140350 0.085897
vt 0.138445 0.083046
vt 0.173160 0.064491
vt 0.136587 0.080265
vt 0.171880 0.061401
vt 0.134822 0.077623
vt 0.170664 0.058465
vt 0.133193 0.075185
vt 0.169542 0.055756
vt 0.128207 0.067724
vt 0.166108 0.047466
vt 0.128195 0.067706
vt 0.166099 0.047446
vt 0.128186 0.067692
vt 0.166093 0.047430
vt 0.128179 0.067681
vt 0.166088 0.047419
vt 0.128174 0.067675
vt 0.166085 0.047411
vt 0.211496 0.056427
vt 0.210827 0.053064
vt 0.250000 0.049206
vt 0.210175 0.049784
vt 0.250000 0.045862
vt 0.209555 0.046668
vt 0.250000 0.042684
vt 0.208983 0.043792
vt 0.250000 0.039752
vt 0.207232 0.034991
vt 0.250000 0.030779
vt 0.207228 0.034970
vt 0.250000 0.030757
vt 0.207225 0.034953
vt 0.250000 0.030740
vt 0.207222 0.034941
vt 0.250000 0.030727
vt 0.207221 0.034933
vt 0.250000 0.030720
vt 0.325528 0.067659
vt 0.289173 0.053064
vt 0.326840 0.064491
vt 0.289825 0.049784
vt 0.328120 0.061401
vt 0.290445 0.046668
vt 0.329336 0.058465
vt 0.291017 0.043792
vt 0.330458 0.055756
vt 0.292768 0.034991
vt 0.333892 0.047466
vt 0.292772 0.034970
vt 0.333901 0.047446
vt 0.292776 0.034953
vt 0.333907 0.047430
vt 0.292778 0.034941
vt 0.333912 0.047419
vt 0.292779 0.034933
vt 0.333915 0.047411
vt 0.389558 0.110442
vt 0.359650 0.085897
vt 0.361555 0.083046
vt 0.391983 0.108017
vt 0.363413 0.080265
vt 0.394347 0.105653
vt 0.365178 0.077623
vt 0.396594 0.103406
vt 0.366808 0.075185
vt 0.398668 0.101332
vt 0.371793 0.067724
vt 0.405013 0.094987
vt 0.371805 0.067706
vt 0.405028 0.094972
vt 0.371814 0.067692
vt 0.405040 0.094960
vt 0.371821 0.067682
vt 0.405049 0.094951
vt 0.371826 0.067675
vt 0.405055 0.094945
vt 0.432342 0.174472
vt 0.414103 0.140350
vt 0.416954 0.138445
vt 0.435509 0.173160
vt 0.419735 0.136587
vt 0.438599 0.171880
vt 0.422377 0.134822
vt 0.441535 0.170664
vt 0.424815 0.133193
vt 0.444244 0.169542
vt 0.432276 0.128207
vt 0.452534 0.166108
vt 0.432294 0.128195
vt 0.452554 0.166099
vt 0.432308 0.128186
vt 0.452570 0.166093
vt 0.432319 0.128179
vt 0.452582 0.166088
vt 0.432325 0.128174
vt 0.452589 0.166085
vt 0.447365 0.250000
vt 0.443573 0.211496
vt 0.446936 0.210827
vt 0.450794 0.250000
vt 0.450216 0.210175
vt 0.454138 0.250000
vt 0.453332 0.209555
vt 0.457315 0.250000
vt 0.456208 0.208983
vt 0.460248 0.250000
vt 0.465009 0.207232
vt 0.469221 0.250000
vt 0.465030 0.207228
vt 0.469243 0.250000
vt 0.465047 0.207224
vt 0.469260 0.250000
vt 0.465059 0.207222
vt 0.469273 0.250000
vt 0.465067 0.207221
vt 0.469280 0.250000
vt 0.432341 0.325528
vt 0.443573 0.288504
vt 0.446936 0.289173
vt 0.435509 0.326840
vt 0.450216 0.289825
vt 0.438599 0.328120
vt 0.453332 0.290445
vt 0.441535 0.329336
vt 0.456208 0.291017
vt 0.444244 0.330458
vt 0.465009 0.292768
vt 0.452534 0.333892
vt 0.465030 0.292772
vt 0.452554 0.333901
vt 0.465047 0.292776
vt 0.452570 0.333907
vt 0.465059 0.292778
vt 0.452581 0.333912
vt 0.465067 0.292779
vt 0.452589 0.333915
vt 0.389558 0.389558
vt 0.414103 0.359650
vt 0.416954 0.361555
vt 0.391983 0.391983
vt 0.419735 0.363413
vt 0.394347 0.394347
vt 0.422377 0.365178
vt 0.396594 0.396594
vt 0.424815 0.366807
vt 0.398668 0.398668
vt 0.432276 0.371793
vt 0.405013 0.405013
vt 0.432294 0.371805
vt 0.405028 0.405028
vt 0.432308 0.371814
vt 0.405040 0.405040
vt 0.432319 0.371821
vt 0.405049 0.405049
vt 0.432325 0.371826
vt 0.405055 0.405055
vt 0.325528 0.432342
vt 0.359650 0.414103
vt 0.361555 0.416954
vt 0.326840 0.435509
vt 0.363413 0.419735
vt 0.328120 0.438599
vt 0.365178 0.422377
vt 0.329336 0.441535
vt 0.366807 0.424815
vt 0.330458 0.444244
vt 0.371793 0.432276
vt 0.333892 0.452534
vt 0.371805 0.432294
vt 0.333901 0.452554
vt 0.371814 0.432308
vt 0.333907 0.452570
vt 0.371821 0.432319
vt 0.333912 0.452581
vt 0.371826 0.432325
vt 0.333915 0.452589
vt 0.250000 0.450794
vt 0.250000 0.454138
vt 0.250000 0.457315
vt 0.250000 0.460248
vt 0.250000 0.469221
vt 0.250000 0.469243
vt 0.250000 0.469260
vt 0.250000 0.469273
vt 0.250000 0.469280
vt 0.289173 0.446936
vt 0.289825 0.450216
vt 0.290445 0.453332
vt 0.291017 0.456208
vt 0.292768 0.465009
vt 0.292772 0.465030
vt 0.292776 0.465047
vt 0.292778 0.465059
vt 0.292780 0.465067
vt 0.140350 0.414103
vt 0.174472 0.432342
vt 0.110442 0.389558
vt 0.443573 0.211496
vt 0.067659 0.174472
vt 0.056427 0.288504
vt 0.288504 0.056427
vt 0.056427 0.211496
vt 0.063489 0.212901
vt 0.074310 0.177227
vt 0.091883 0.144350
vt 0.115533 0.115533
vt 0.144350 0.091883
vt 0.177227 0.074310
vt 0.212901 0.063489
vt 0.250000 0.059835
vt 0.287099 0.063489
vt 0.322773 0.074310
vt 0.355650 0.091883
vt 0.384467 0.115533
vt 0.408117 0.144350
vt 0.425690 0.177227
vt 0.436511 0.212901
vt 0.440165 0.250000
vt 0.436511 0.287099
vt 0.425690 0.322773
vt 0.408117 0.355650
vt 0.384467 0.384467
vt 0.355650 0.408117
vt 0.322773 0.425690
vt 0.287099 0.436511
vt 0.250000 0.440165
vt 0.212901 0.436511
vt 0.177227 0.425690
vt 0.144350 0.408116
vt 0.115533 0.384467
vt 0.091883 0.355650
vt 0.074310 0.322773
vt 0.063489 0.287099
vt 0.059835 0.250000
vt 0.211496 0.056427
vt 0.212681 0.437616
vt 0.176796 0.426731
vt 0.212467 0.438694
vt 0.176376 0.427745
vt 0.212263 0.439717
vt 0.175976 0.428710
vt 0.212075 0.440662
vt 0.175607 0.429600
vt 0.211500 0.443553
vt 0.174479 0.432323
vt 0.211499 0.443560
vt 0.174477 0.432329
vt 0.211498 0.443565
vt 0.174475 0.432335
vt 0.211497 0.443570
vt 0.174473 0.432338
vt 0.211496 0.443572
vt 0.174472 0.432341
vt 0.143724 0.409053
vt 0.143114 0.409966
vt 0.142534 0.410834
vt 0.141999 0.411635
vt 0.140361 0.414086
vt 0.140357 0.414092
vt 0.140354 0.414097
vt 0.140352 0.414100
vt 0.140350 0.414102
vt 0.090947 0.356276
vt 0.073270 0.323204
vt 0.090034 0.356886
vt 0.072255 0.323625
vt 0.089166 0.357466
vt 0.071290 0.324024
vt 0.088365 0.358001
vt 0.070401 0.324393
vt 0.085914 0.359639
vt 0.067677 0.325521
vt 0.085908 0.359643
vt 0.067671 0.325523
vt 0.085903 0.359646
vt 0.067666 0.325525
vt 0.085900 0.359648
vt 0.067662 0.325527
vt 0.085898 0.359650
vt 0.067659 0.325528
vt 0.073270 0.176796
vt 0.090947 0.143724
vt 0.072255 0.176375
vt 0.090034 0.143114
vt 0.071290 0.175976
vt 0.089166 0.142534
vt 0.070400 0.175607
vt 0.088365 0.141999
vt 0.067677 0.174479
vt 0.085914 0.140361
vt 0.067671 0.174477
vt 0.085908 0.140357
vt 0.067665 0.174475
vt 0.085903 0.140354
vt 0.067662 0.174473
vt 0.085900 0.140352
vt 0.067659 0.174472
vt 0.085898 0.140350
vt 0.441292 0.250000
vt 0.437616 0.287319
vt 0.442390 0.250000
vt 0.438693 0.287533
vt 0.443434 0.250000
vt 0.439717 0.287737
vt 0.444397 0.250000
vt 0.440662 0.287925
vt 0.447345 0.250000
vt 0.443553 0.288500
vt 0.447352 0.250000
vt 0.443560 0.288501
vt 0.447357 0.250000
vt 0.443565 0.288503
vt 0.447362 0.250000
vt 0.443569 0.288503
vt 0.447364 0.250000
vt 0.443572 0.288504
vt 0.426730 0.323204
vt 0.427745 0.323624
vt 0.428710 0.324024
vt 0.429600 0.324392
vt 0.432323 0.325521
vt 0.432329 0.325523
vt 0.432335 0.325525
vt 0.432338 0.325527
vt 0.432341 0.325528
vt 0.426730 0.176796
vt 0.437616 0.212681
vt 0.427745 0.176376
vt 0.438693 0.212467
vt 0.428710 0.175976
vt 0.439717 0.212263
vt 0.429600 0.175607
vt 0.440662 0.212075
vt 0.432323 0.174479
vt 0.443553 0.211500
vt 0.432329 0.174477
vt 0.443560 0.211499
vt 0.432335 0.174475
vt 0.443565 0.211497
vt 0.432338 0.174473
vt 0.443569 0.211497
vt 0.432341 0.174472
vt 0.443572 0.211496
vt 0.287319 0.062384
vt 0.323204 0.073270
vt 0.287533 0.061307
vt 0.323625 0.072255
vt 0.287737 0.060283
vt 0.324024 0.071290
vt 0.287925 0.059338
vt 0.324393 0.070400
vt 0.288500 0.056447
vt 0.325521 0.067677
vt 0.288502 0.056440
vt 0.325523 0.067671
vt 0.288503 0.056435
vt 0.325525 0.067665
vt 0.288503 0.056431
vt 0.325527 0.067662
vt 0.288504 0.056428
vt 0.325528 0.067659
vt 0.385264 0.114737
vt 0.409053 0.143724
vt 0.386040 0.113960
vt 0.409966 0.143114
vt 0.386778 0.113222
vt 0.410834 0.142534
vt 0.387460 0.112540
vt 0.411635 0.141999
vt 0.389544 0.110456
vt 0.414086 0.140361
vt 0.389549 0.110451
vt 0.414092 0.140357
vt 0.389553 0.110447
vt 0.414097 0.140354
vt 0.389556 0.110444
vt 0.414100 0.140352
vt 0.389558 0.110442
vt 0.414102 0.140350
vt 0.062384 0.287319
vt 0.061307 0.287533
vt 0.060283 0.287737
vt 0.059338 0.287925
vt 0.056447 0.288500
vt 0.056440 0.288502
vt 0.056435 0.288503
vt 0.056431 0.288503
vt 0.056428 0.288504
vt 0.114737 0.385264
vt 0.113960 0.386040
vt 0.113222 0.386779
vt 0.112540 0.387460
vt 0.110456 0.389544
vt 0.110451 0.389549
vt 0.110447 0.389553
vt 0.110444 0.389556
vt 0.110443 0.389558
vt 0.356276 0.090947
vt 0.356886 0.090034
vt 0.357466 0.089166
vt 0.358001 0.088365
vt 0.359639 0.085914
vt 0.359643 0.085908
vt 0.359646 0.085903
vt 0.359648 0.085900
vt 0.359650 0.085898
vt 0.385264 0.385264
vt 0.356276 0.409053
vt 0.386040 0.386040
vt 0.356886 0.409967
vt 0.386778 0.386778
vt 0.357466 0.410834
vt 0.387459 0.387460
vt 0.358001 0.411635
vt 0.389544 0.389544
vt 0.359639 0.414086
vt 0.389549 0.389549
vt 0.359643 0.414092
vt 0.389553 0.389553
vt 0.359646 0.414097
vt 0.389556 0.389556
vt 0.359648 0.414100
vt 0.389557 0.389558
vt 0.359650 0.414102
vt 0.323204 0.426730
vt 0.323624 0.427745
vt 0.324024 0.428710
vt 0.324393 0.429600
vt 0.325521 0.432323
vt 0.325523 0.432329
vt 0.325525 0.432335
vt 0.325527 0.432338
vt 0.325528 0.432341
vt 0.143724 0.090947
vt 0.176796 0.073270
vt 0.143114 0.090034
vt 0.176376 0.072255
vt 0.142534 0.089166
vt 0.175976 0.071290
vt 0.141999 0.088365
vt 0.175607 0.070400
vt 0.140361 0.085914
vt 0.174479 0.067677
vt 0.140357 0.085908
vt 0.174477 0.067671
vt 0.140354 0.085903
vt 0.174475 0.067666
vt 0.140352 0.085900
vt 0.174473 0.067662
vt 0.140350 0.085898
vt 0.174472 0.067659
vt 0.212681 0.062384
vt 0.250000 0.058709
vt 0.212467 0.061307
vt 0.250000 0.057610
vt 0.212263 0.060283
vt 0.250000 0.056566
vt 0.212075 0.059338
vt 0.250000 0.055603
vt 0.211500 0.056447
vt 0.250000 0.052655
vt 0.211499 0.056440
vt 0.250000 0.052648
vt 0.211498 0.056435
vt 0.250000 0.052643
vt 0.211497 0.056431
vt 0.250000 0.052638
vt 0.211496 0.056428
vt 0.250000 0.052636
vt 0.287319 0.437616
vt 0.250000 0.441292
vt 0.287533 0.438693
vt 0.250000 0.442390
vt 0.287737 0.439717
vt 0.250000 0.443434
vt 0.287925 0.440662
vt 0.250000 0.444397
vt 0.288500 0.443553
vt 0.250000 0.447345
vt 0.288502 0.443560
vt 0.250000 0.447352
vt 0.288503 0.443565
vt 0.250000 0.447358
vt 0.288503 0.443570
vt 0.250000 0.447362
vt 0.288504 0.443572
vt 0.250000 0.447364
vt 0.062384 0.212681
vt 0.061307 0.212467
vt 0.060283 0.212263
vt 0.059338 0.212075
vt 0.056447 0.211500
vt 0.056440 0.211499
vt 0.056435 0.211498
vt 0.056431 0.211497
vt 0.056428 0.211496
vt 0.058709 0.250000
vt 0.057610 0.250000
vt 0.056566 0.250000
vt 0.055603 0.250000
vt 0.052655 0.250000
vt 0.052648 0.250000
vt 0.052643 0.250000
vt 0.052638 0.250000
vt 0.052636 0.250000
vt 0.409053 0.356276
vt 0.409967 0.356886
vt 0.410834 0.357466
vt 0.411635 0.358001
vt 0.414086 0.359639
vt 0.414092 0.359643
vt 0.414097 0.359646
vt 0.414100 0.359648
vt 0.414102 0.359650
vt 0.114737 0.114737
vt 0.113960 0.113960
vt 0.113222 0.113222
vt 0.112540 0.112540
vt 0.110456 0.110456
vt 0.110451 0.110451
vt 0.110447 0.110447
vt 0.110444 0.110444
vt 0.110442 0.110442
vt 0.375000 0.608877
vt 0.375000 0.607900
vt 0.375000 0.607570
vt 0.375000 0.610464
vt 0.375000 0.612600
vt 0.375000 0.615203
vt 0.375000 0.618173
vt 0.375000 0.621395
vt 0.375000 0.624746
vt 0.375000 0.628097
vt 0.375000 0.631319
vt 0.375000 0.634289
vt 0.375000 0.636892
vt 0.375000 0.639028
vt 0.375000 0.640615
vt 0.375000 0.641593
vt 0.375000 0.641923
s 0
f 1/1/1 2/2/1 4/3/1 3/4/1
f 3/4/2 4/3/2 8/5/2 7/6/2
f 7/6/3 8/5/3 6/7/3 5/8/3
f 5/8/4 6/7/4 2/9/4 1/10/4
f 3/11/5 7/6/5 5/8/5 1/12/5
f 2/9/4 13/9/4 67/9/4 65/9/4
f 12/13/6 11/14/6 19/14/6 20/13/6
f 2/9/4 6/7/4 16/7/4 13/9/4
f 8/5/2 4/3/2 14/3/2 15/5/2
f 6/7/6 8/5/6 15/5/6 16/7/6
f 9/15/7 10/16/7 14/17/7 13/18/7
f 10/16/8 11/14/8 15/5/8 14/17/8
f 11/14/9 12/13/9 16/7/9 15/5/9
f 12/13/10 9/15/10 13/18/10 16/7/10
f 19/14/2 18/16/2 33/19/2 44/14/2
f 10/16/11 9/15/11 17/15/11 18/16/11
f 9/15/4 12/13/4 20/13/4 17/15/4
f 11/14/2 10/16/2 18/16/2 19/14/2
f 17/15/4 20/13/4 55/20/4 21/15/4
f 20/13/6 19/14/6 44/21/6 55/13/6
f 43/22/12 32/23/12 22/24/12 54/25/12
f 22/24/13 32/23/13 34/26/13 31/27/13
f 31/27/14 34/26/14 35/28/14 30/29/14
f 30/29/15 35/28/15 36/30/15 29/31/15
f 29/31/16 36/30/16 37/32/16 28/33/16
f 28/33/17 37/32/17 38/34/17 27/35/17
f 27/35/18 38/34/18 39/36/18 26/37/18
f 26/37/19 39/36/19 40/38/19 25/39/19
f 25/39/20 40/38/20 41/40/20 24/41/20
f 24/41/21 41/40/21 42/42/21 23/43/21
f 23/43/22 42/42/22 33/16/22 21/44/22
f 32/23/23 43/22/23 45/45/23 34/26/23
f 34/26/24 45/45/24 46/46/24 35/28/24
f 35/28/25 46/46/25 47/47/25 36/30/25
f 36/30/26 47/47/26 48/48/26 37/32/26
f 37/32/27 48/48/27 49/49/27 38/34/27
f 38/34/28 49/49/28 50/50/28 39/36/28
f 39/36/29 50/50/29 51/51/29 40/38/29
f 40/38/30 51/51/30 52/52/30 41/40/30
f 41/40/31 52/52/31 53/53/31 42/42/31
f 42/42/32 53/53/32 44/14/32 33/19/32
f 43/22/33 54/25/33 56/54/33 45/45/33
f 45/45/34 56/54/34 57/55/34 46/46/34
f 46/46/35 57/55/35 58/56/35 47/47/35
f 47/47/36 58/56/36 59/57/36 48/48/36
f 48/48/37 59/57/37 60/58/37 49/49/37
f 49/49/38 60/58/38 61/59/38 50/50/38
f 50/50/39 61/59/39 62/60/39 51/51/39
f 51/51/40 62/60/40 63/61/40 52/52/40
f 52/52/41 63/61/41 64/62/41 53/53/41
f 53/53/42 64/62/42 55/13/42 44/21/42
f 54/25/43 22/24/43 31/27/43 56/54/43
f 56/54/44 31/27/44 30/29/44 57/55/44
f 57/55/45 30/29/45 29/31/45 58/56/45
f 58/56/46 29/31/46 28/33/46 59/57/46
f 59/57/47 28/33/47 27/35/47 60/58/47
f 60/58/48 27/35/48 26/37/48 61/59/48
f 61/59/49 26/37/49 25/39/49 62/60/49
f 62/60/50 25/39/50 24/41/50 63/61/50
f 63/61/51 24/41/51 23/43/51 64/62/51
f 64/62/52 23/43/52 21/15/52 55/20/52
f 18/16/11 17/15/11 21/44/11 33/16/11
f 66/3/11 65/2/11 67/2/11 68/3/11
f 13/18/12 14/17/12 68/17/12 67/18/12
f 14/3/2 4/3/2 66/3/2 68/3/2
f 65/2/11 66/3/11 72/3/11 71/2/11
f 72/3/2 70/3/2 74/3/2 76/3/2
f 66/3/2 4/3/2 70/3/2 72/3/2
f 2/9/4 65/9/4 71/9/4 69/9/4
f 2/9/4 69/9/4 79/9/4 77/9/4
f 74/3/5 73/2/5 75/2/5 76/3/5
f 71/2/11 72/3/11 76/3/11 75/2/11
f 69/9/4 71/9/4 75/9/4 73/9/4
f 74/3/2 70/3/2 82/3/2 84/3/2
f 78/3/6 77/2/6 79/2/6 80/3/6
f 70/3/2 4/3/2 78/3/2 80/3/2
f 4/3/12 2/2/12 77/2/12 78/3/12
f 69/2/5 70/3/5 80/3/5 79/2/5
f 82/3/6 81/2/6 83/2/6 84/3/6
f 73/2/5 74/3/5 84/3/5 83/2/5
f 69/9/4 73/9/4 83/9/4 81/9/4
f 70/3/12 69/2/12 81/2/12 82/3/12
f 100/63/53 99/64/53 98/65/53 97/66/53 96/67/53 95/68/53 94/69/53 93/70/53 92/71/53 91/72/53 90/73/53 89/74/53 88/75/53 87/76/53 86/77/53 85/78/53 116/79/53 115/80/53 114/81/53 113/82/53 112/83/53 111/84/53 110/85/53 109/86/53 108/87/53 107/88/53 106/89/53 105/90/53 104/91/53 103/92/53 102/93/53 101/94/53
f 118/95/54 117/96/54 149/97/54 150/98/54
f 119/99/55 118/95/55 150/98/55 151/100/55
f 120/101/56 119/99/56 151/100/56 152/102/56
f 121/17/57 120/101/57 152/102/57 153/103/57
f 154/104/58 122/105/58 121/17/58 153/103/58
f 155/106/59 123/107/59 122/105/59 154/104/59
f 156/108/60 124/109/60 123/107/60 155/106/60
f 157/110/61 125/111/61 124/109/61 156/108/61
f 158/112/62 126/113/62 125/111/62 157/110/62
f 159/114/63 127/115/63 126/113/63 158/112/63
f 160/116/64 128/117/64 127/115/64 159/114/64
f 161/118/65 129/5/65 128/117/65 160/116/65
f 162/119/66 130/120/66 129/5/66 161/118/66
f 163/121/67 131/122/67 130/120/67 162/119/67
f 164/123/68 132/124/68 131/122/68 163/121/68
f 165/125/69 133/126/69 132/124/69 164/123/69
f 166/127/70 134/128/70 133/126/70 165/125/70
f 167/129/71 135/130/71 134/128/71 166/127/71
f 168/131/72 136/132/72 135/130/72 167/129/72
f 169/133/73 137/6/73 136/132/73 168/131/73
f 138/134/74 137/6/74 169/133/74 170/135/74
f 139/136/75 138/134/75 170/135/75 171/137/75
f 140/138/76 139/136/76 171/137/76 172/139/76
f 141/140/77 140/138/77 172/139/77 173/141/77
f 142/142/78 141/140/78 173/141/78 174/143/78
f 143/144/79 142/142/79 174/143/79 175/145/79
f 144/146/80 143/144/80 175/145/80 176/147/80
f 145/11/81 144/146/81 176/147/81 177/148/81
f 146/149/82 145/11/82 177/148/82 178/150/82
f 147/151/83 146/149/83 178/150/83 179/152/83
f 148/153/84 147/151/84 179/152/84 180/154/84
f 117/155/85 148/153/85 180/154/85 149/156/85
f 148/157/5 117/158/5 118/159/5 119/160/5 120/161/5 121/162/5 122/163/5 123/164/5 124/165/5 125/166/5 126/167/5 127/168/5 128/169/5 129/170/5 130/171/5 131/172/5 132/173/5 133/174/5 134/175/5 135/176/5 136/177/5 137/178/5 138/179/5 139/180/5 140/181/5 141/182/5 142/183/5 143/184/5 144/185/5 145/186/5 146/187/5 147/188/5
f 164/63/12 163/64/12 162/65/12 161/66/12 160/67/12 159/68/12 158/69/12 157/70/12 156/71/12 155/72/12 154/73/12 153/74/12 152/75/12 151/76/12 150/77/12 149/78/12 180/79/12 179/80/12 178/81/12 177/82/12 176/83/12 175/84/12 174/85/12 173/86/12 172/87/12 171/88/12 170/89/12 169/90/12 168/91/12 167/92/12 166/93/12 165/94/12
f 190/1/6 182/2/6 184/3/6 189/4/6
f 184/17/12 188/5/12 304/5/12 301/17/12
f 191/6/11 188/5/11 186/7/11 192/8/11
f 192/8/2 186/7/2 182/9/2 190/10/2
f 185/189/2 181/190/2 217/190/2 238/189/2
f 188/5/12 184/17/12 182/18/12 186/7/12
f 193/11/6 194/12/6 190/12/6 189/11/6
f 191/6/11 195/6/11 311/6/11 309/6/11
f 196/8/11 195/6/11 191/6/11 192/8/11
f 194/12/12 196/8/12 192/8/12 190/12/12
f 197/11/12 198/12/12 194/12/12 193/11/12
f 199/6/12 197/11/12 193/11/12 195/6/12
f 200/8/12 199/6/12 195/6/12 196/8/12
f 198/12/12 200/8/12 196/8/12 194/12/12
f 201/11/12 202/12/12 198/12/12 197/11/12
f 203/6/12 201/11/12 197/11/12 199/6/12
f 204/8/12 203/6/12 199/6/12 200/8/12
f 202/12/12 204/8/12 200/8/12 198/12/12
f 183/191/5 181/190/5 202/12/5 201/11/5
f 187/192/5 183/191/5 201/11/5 203/6/5
f 185/189/5 187/192/5 203/6/5 204/8/5
f 181/190/5 185/189/5 204/8/5 202/12/5
f 183/191/4 187/192/4 227/192/4 205/191/4
f 187/192/11 185/189/11 238/189/11 227/192/11
f 181/190/6 183/191/6 205/191/6 217/190/6
f 249/193/86 250/194/86 218/195/86 215/196/86
f 215/196/87 218/195/87 219/197/87 214/198/87
f 214/198/88 219/197/88 220/199/88 213/200/88
f 213/200/89 220/199/89 221/201/89 212/202/89
f 212/202/90 221/201/90 222/203/90 211/204/90
f 211/204/91 222/203/91 223/205/91 210/206/91
f 210/206/92 223/205/92 224/207/92 209/208/92
f 209/208/93 224/207/93 225/209/93 208/210/93
f 208/210/94 225/209/94 226/211/94 207/212/94
f 207/212/95 226/211/95 217/190/95 205/191/95
f 251/213/96 249/193/96 215/196/96 237/214/96
f 237/214/97 215/196/97 214/198/97 236/215/97
f 236/215/98 214/198/98 213/200/98 235/216/98
f 235/216/99 213/200/99 212/202/99 234/217/99
f 234/217/100 212/202/100 211/204/100 233/218/100
f 233/218/101 211/204/101 210/206/101 232/219/101
f 232/219/102 210/206/102 209/208/102 231/220/102
f 231/220/103 209/208/103 208/210/103 230/221/103
f 230/221/104 208/210/104 207/212/104 229/222/104
f 229/222/105 207/212/105 205/191/105 227/192/105
f 252/223/106 251/213/106 237/214/106 248/224/106
f 248/224/107 237/214/107 236/215/107 247/225/107
f 247/225/108 236/215/108 235/216/108 246/226/108
f 246/226/109 235/216/109 234/217/109 245/227/109
f 245/227/110 234/217/110 233/218/110 244/228/110
f 244/228/111 233/218/111 232/219/111 243/229/111
f 243/229/112 232/219/112 231/220/112 242/230/112
f 242/230/113 231/220/113 230/221/113 241/231/113
f 241/231/114 230/221/114 229/222/114 240/232/114
f 240/232/115 229/222/115 227/192/115 238/189/115
f 250/194/116 252/223/116 248/224/116 218/195/116
f 218/195/117 248/224/117 247/225/117 219/197/117
f 219/197/118 247/225/118 246/226/118 220/199/118
f 220/199/119 246/226/119 245/227/119 221/201/119
f 221/201/120 245/227/120 244/228/120 222/203/120
f 222/203/121 244/228/121 243/229/121 223/205/121
f 223/205/122 243/229/122 242/230/122 224/207/122
f 224/207/123 242/230/123 241/231/123 225/209/123
f 225/209/124 241/231/124 240/232/124 226/211/124
f 226/211/125 240/232/125 238/189/125 217/190/125
f 239/233/2 216/234/2 254/234/2 256/233/2
f 206/235/5 216/234/5 250/194/5 249/193/5
f 228/236/5 206/235/5 249/193/5 251/213/5
f 239/233/5 228/236/5 251/213/5 252/223/5
f 216/234/5 239/233/5 252/223/5 250/194/5
f 206/235/4 228/236/4 255/236/4 253/235/4
f 228/236/11 239/233/11 256/233/11 255/236/11
f 216/234/6 206/235/6 253/235/6 254/234/6
f 253/235/4 255/236/4 279/236/4 257/235/4
f 258/237/5 280/238/5 291/239/5 268/240/5
f 255/236/11 256/233/11 290/233/11 279/236/11
f 256/233/2 254/234/2 269/234/2 290/233/2
f 258/237/86 268/240/86 270/241/86 267/242/86
f 267/242/87 270/241/87 271/243/87 266/244/87
f 266/244/126 271/243/126 272/245/126 265/246/126
f 265/246/89 272/245/89 273/247/89 264/248/89
f 264/248/90 273/247/90 274/249/90 263/250/90
f 263/250/91 274/249/91 275/251/91 262/252/91
f 262/252/92 275/251/92 276/253/92 261/254/92
f 261/254/93 276/253/93 277/255/93 260/256/93
f 260/256/94 277/255/94 278/257/94 259/258/94
f 259/258/95 278/257/95 269/234/95 257/235/95
f 280/238/127 258/237/127 267/242/127 289/259/127
f 289/259/97 267/242/97 266/244/97 288/260/97
f 288/260/128 266/244/128 265/246/128 287/261/128
f 287/261/129 265/246/129 264/248/129 286/262/129
f 286/262/130 264/248/130 263/250/130 285/263/130
f 285/263/101 263/250/101 262/252/101 284/264/101
f 284/264/102 262/252/102 261/254/102 283/265/102
f 283/265/103 261/254/103 260/256/103 282/266/103
f 282/266/104 260/256/104 259/258/104 281/267/104
f 281/267/105 259/258/105 257/235/105 279/236/105
f 291/239/106 280/238/106 289/259/106 300/268/106
f 300/268/107 289/259/107 288/260/107 299/269/107
f 299/269/131 288/260/131 287/261/131 298/270/131
f 298/270/109 287/261/109 286/262/109 297/271/109
f 297/271/110 286/262/110 285/263/110 296/272/110
f 296/272/111 285/263/111 284/264/111 295/273/111
f 295/273/112 284/264/112 283/265/112 294/274/112
f 294/274/113 283/265/113 282/266/113 293/275/113
f 293/275/114 282/266/114 281/267/114 292/276/114
f 292/276/132 281/267/132 279/236/132 290/233/132
f 268/240/133 291/239/133 300/268/133 270/241/133
f 270/241/117 300/268/117 299/269/117 271/243/117
f 271/243/118 299/269/118 298/270/118 272/245/118
f 272/245/134 298/270/134 297/271/134 273/247/134
f 273/247/120 297/271/120 296/272/120 274/249/120
f 274/249/121 296/272/121 295/273/121 275/251/121
f 275/251/122 295/273/122 294/274/122 276/253/122
f 276/253/123 294/274/123 293/275/123 277/255/123
f 277/255/124 293/275/124 292/276/124 278/257/124
f 278/257/125 292/276/125 290/233/125 269/234/125
f 254/234/6 253/235/6 257/235/6 269/234/6
f 301/17/12 304/5/12 308/5/12 305/17/12
f 189/4/6 184/3/6 301/3/6 302/4/6
f 188/5/11 191/6/11 303/6/11 304/5/11
f 191/6/5 189/11/5 302/11/5 303/6/5
f 306/4/4 305/3/4 308/5/4 307/6/4
f 302/4/6 301/3/6 305/3/6 306/4/6
f 304/5/11 303/6/11 307/6/11 308/5/11
f 303/6/135 302/11/135 306/11/135 307/6/135
f 311/6/4 312/11/4 310/11/4 309/6/4
f 193/11/6 189/11/6 310/11/6 312/11/6
f 189/11/12 191/6/12 309/6/12 310/11/12
f 195/6/5 193/11/5 312/11/5 311/6/5
f 314/95/136 313/96/136 338/97/136 339/98/136
f 315/99/137 314/95/137 339/98/137 340/100/137
f 316/101/138 315/99/138 340/100/138 341/102/138
f 317/17/139 316/101/139 341/102/139 342/103/139
f 363/277/140 317/17/140 342/103/140 364/278/140
f 343/118/141 318/5/141 365/279/141 366/280/141
f 344/119/142 319/120/142 318/5/142 343/118/142
f 345/121/143 320/122/143 319/120/143 344/119/143
f 346/123/144 321/124/144 320/122/144 345/121/144
f 347/125/145 322/126/145 321/124/145 346/123/145
f 348/127/146 323/128/146 322/126/146 347/125/146
f 349/129/147 324/130/147 323/128/147 348/127/147
f 350/131/148 325/132/148 324/130/148 349/129/148
f 351/133/149 326/6/149 325/132/149 350/131/149
f 327/134/150 326/6/150 351/133/150 352/135/150
f 328/136/151 327/134/151 352/135/151 353/137/151
f 329/138/152 328/136/152 353/137/152 354/139/152
f 330/140/153 329/138/153 354/139/153 355/141/153
f 331/142/154 330/140/154 355/141/154 356/143/154
f 332/144/155 331/142/155 356/143/155 357/145/155
f 333/146/156 332/144/156 357/145/156 358/147/156
f 334/11/157 333/146/157 358/147/157 359/148/157
f 335/149/158 334/11/158 359/148/158 360/150/158
f 336/151/159 335/149/159 360/150/159 361/152/159
f 337/153/160 336/151/160 361/152/160 362/154/160
f 313/155/161 337/153/161 362/154/161 338/156/161
f 318/170/5 319/171/5 320/172/5 321/173/5 322/174/5 323/175/5 324/176/5 325/177/5 326/178/5 327/179/5 328/180/5 329/181/5 330/182/5 331/183/5 332/184/5 333/185/5 334/186/5 335/187/5 336/188/5 337/157/5 313/158/5 314/159/5 315/160/5 316/161/5 317/162/5 363/281/5 365/282/5
f 342/74/12 341/75/12 340/76/12 339/77/12 338/78/12 362/79/12 361/80/12 360/81/12 359/82/12 358/83/12 357/84/12 356/85/12 355/86/12 354/87/12 353/88/12 352/89/12 351/90/12 350/91/12 349/92/12 348/93/12 347/94/12 346/63/12 345/64/12 344/65/12 343/66/12 366/283/12 364/284/12
f 366/285/6 365/286/6 363/287/6 364/288/6
f 1487/289/162 367/290/162 368/291/162 1488/292/162
f 1488/292/163 368/291/163 369/293/163 1489/294/163
f 1489/294/164 369/293/164 370/295/164 1490/296/164
f 1490/296/165 370/295/165 371/297/165 1491/298/165
f 1491/298/166 371/297/166 372/299/166 1492/300/166
f 1492/300/167 372/299/167 373/301/167 1493/302/167
f 1493/302/168 373/301/168 374/303/168 1494/304/168
f 1494/304/169 374/303/169 375/305/169 1495/306/169
f 1495/306/170 375/305/170 376/307/170 1496/308/170
f 1496/308/171 376/307/171 377/309/171 1497/310/171
f 1497/310/172 377/309/172 378/311/172 1498/312/172
f 1498/312/173 378/311/173 379/9/173 1499/313/173
f 1499/313/174 379/9/174 380/314/174 1500/315/174
f 1500/315/175 380/314/175 381/316/175 1501/317/175
f 1501/317/176 381/316/176 382/318/176 1502/319/176
f 1502/319/177 382/318/177 383/320/177 1503/321/177
f 1503/321/178 383/320/178 384/322/178 1504/323/178
f 1504/323/179 384/322/179 385/324/179 1505/325/179
f 1505/325/180 385/324/180 386/326/180 1506/327/180
f 1506/327/181 386/326/181 387/10/181 1507/328/181
f 1507/328/182 387/10/182 388/329/182 1508/330/182
f 1508/330/183 388/329/183 389/331/183 1509/332/183
f 1509/332/184 389/331/184 390/333/184 1510/334/184
f 1510/334/185 390/333/185 391/335/185 1511/336/185
f 1511/336/186 391/335/186 392/337/186 1512/338/186
f 1512/338/187 392/337/187 393/339/187 1513/340/187
f 1513/340/188 393/339/188 394/341/188 1514/342/188
f 1514/342/189 394/341/189 395/343/189 1515/344/189
f 1515/344/190 395/343/190 396/345/190 1516/346/190
f 1516/346/191 396/345/191 397/347/191 1517/348/191
f 388/329/166 387/10/166 652/349/166 663/350/166
f 1517/348/192 397/347/192 398/351/192 1518/352/192
f 1518/352/193 398/351/193 367/353/193 1487/354/193
f 369/293/179 368/291/179 432/355/179 454/293/179
f 397/347/175 396/345/175 751/356/175 762/357/175
f 375/305/185 374/303/185 509/358/185 520/305/185
f 384/322/162 383/320/162 608/359/162 619/360/162
f 393/339/171 392/337/171 707/337/171 718/361/171
f 371/297/181 370/295/181 465/362/181 476/363/181
f 380/314/190 379/9/190 564/364/190 575/365/190
f 389/331/167 388/329/167 663/350/167 674/331/167
f 398/351/176 397/347/176 762/357/176 773/366/176
f 376/307/186 375/305/186 520/305/186 531/367/186
f 385/324/163 384/322/163 619/360/163 630/368/163
f 394/341/172 393/339/172 718/361/172 729/341/172
f 372/299/182 371/297/182 476/363/182 487/369/182
f 381/316/191 380/314/191 575/365/191 586/316/191
f 390/333/168 389/331/168 674/331/168 685/370/168
f 443/371/177 772/372/177 784/373/177 1125/374/177
f 377/309/187 376/307/187 531/367/187 542/375/187
f 386/326/164 385/324/164 630/368/164 641/376/164
f 395/343/173 394/341/173 729/341/173 740/377/173
f 373/301/183 372/299/183 487/369/183 498/301/183
f 382/318/192 381/316/192 586/316/192 597/378/192
f 391/335/169 390/333/169 685/370/169 696/379/169
f 552/380/188 541/381/188 1015/382/188 1004/383/188
f 370/295/180 369/293/180 454/293/180 465/362/180
f 378/311/188 377/309/188 542/375/188 553/311/188
f 387/10/165 386/326/165 641/376/165 652/349/165
f 396/345/174 395/343/174 740/377/174 751/356/174
f 374/303/184 373/301/184 498/301/184 509/358/184
f 383/320/193 382/318/193 597/378/193 608/359/193
f 392/337/170 391/335/170 696/379/170 707/337/170
f 367/353/177 398/351/177 773/366/177 442/384/177
f 379/9/189 378/311/189 553/311/189 564/364/189
f 432/355/194 442/385/194 444/386/194 441/387/194
f 441/387/195 444/386/195 445/388/195 440/389/195
f 440/389/196 445/388/196 446/390/196 439/391/196
f 439/391/197 446/390/197 447/392/197 438/393/197
f 438/393/198 447/392/198 448/394/198 437/395/198
f 437/396/199 448/397/199 449/398/199 436/399/199
f 436/399/200 449/398/200 450/400/200 435/401/200
f 435/401/201 450/400/201 451/402/201 434/403/201
f 434/403/202 451/402/202 452/404/202 433/405/202
f 433/405/203 452/404/203 443/371/203 431/406/203
f 454/293/204 432/355/204 441/407/204 463/408/204
f 463/408/205 441/407/205 440/409/205 462/410/205
f 462/410/206 440/409/206 439/411/206 461/412/206
f 461/412/207 439/411/207 438/413/207 460/414/207
f 460/414/208 438/413/208 437/415/208 459/416/208
f 459/417/209 437/418/209 436/399/209 458/419/209
f 458/419/210 436/399/210 435/401/210 457/420/210
f 457/420/211 435/401/211 434/403/211 456/421/211
f 456/421/212 434/403/212 433/405/212 455/422/212
f 455/422/213 433/405/213 431/406/213 453/423/213
f 465/362/214 454/293/214 463/424/214 474/425/214
f 474/425/215 463/424/215 462/426/215 473/427/215
f 473/427/216 462/426/216 461/428/216 472/429/216
f 472/429/217 461/428/217 460/430/217 471/431/217
f 471/431/218 460/430/218 459/432/218 470/433/218
f 470/434/219 459/435/219 458/419/219 469/436/219
f 469/436/220 458/419/220 457/420/220 468/437/220
f 468/437/221 457/420/221 456/421/221 467/438/221
f 467/438/222 456/421/222 455/422/222 466/439/222
f 466/439/223 455/422/223 453/423/223 464/440/223
f 476/363/224 465/362/224 474/441/224 485/442/224
f 485/442/225 474/441/225 473/443/225 484/444/225
f 484/444/226 473/443/226 472/445/226 483/446/226
f 483/446/227 472/445/227 471/447/227 482/448/227
f 482/448/228 471/447/228 470/449/228 481/450/228
f 481/451/229 470/452/229 469/436/229 480/453/229
f 480/453/230 469/436/230 468/437/230 479/454/230
f 479/454/231 468/437/231 467/438/231 478/455/231
f 478/455/232 467/438/232 466/439/232 477/456/232
f 477/456/233 466/439/233 464/440/233 475/457/233
f 487/369/234 476/363/234 485/458/234 496/459/234
f 496/459/235 485/458/235 484/460/235 495/461/235
f 495/461/236 484/460/236 483/462/236 494/463/236
f 494/463/237 483/462/237 482/464/237 493/465/237
f 493/465/238 482/464/238 481/466/238 492/467/238
f 492/468/239 481/469/239 480/453/239 491/470/239
f 491/470/240 480/453/240 479/454/240 490/471/240
f 490/471/241 479/454/241 478/455/241 489/472/241
f 489/472/242 478/455/242 477/456/242 488/473/242
f 488/473/243 477/456/243 475/457/243 486/474/243
f 498/301/244 487/369/244 496/475/244 507/476/244
f 507/476/245 496/475/245 495/477/245 506/478/245
f 506/478/246 495/477/246 494/479/246 505/480/246
f 505/480/247 494/479/247 493/481/247 504/482/247
f 504/482/248 493/481/248 492/483/248 503/484/248
f 503/485/249 492/486/249 491/470/249 502/487/249
f 502/487/250 491/470/250 490/471/250 501/488/250
f 501/488/251 490/471/251 489/472/251 500/489/251
f 500/489/252 489/472/252 488/473/252 499/490/252
f 499/490/253 488/473/253 486/474/253 497/491/253
f 509/358/254 498/301/254 507/492/254 518/493/254
f 518/493/255 507/492/255 506/494/255 517/495/255
f 517/495/256 506/494/256 505/496/256 516/497/256
f 516/497/257 505/496/257 504/498/257 515/499/257
f 515/499/258 504/498/258 503/500/258 514/501/258
f 514/502/259 503/503/259 502/487/259 513/504/259
f 513/504/260 502/487/260 501/488/260 512/505/260
f 512/505/261 501/488/261 500/489/261 511/506/261
f 511/506/262 500/489/262 499/490/262 510/507/262
f 510/507/263 499/490/263 497/491/263 508/508/263
f 520/305/264 509/358/264 518/509/264 529/510/264
f 529/510/265 518/509/265 517/511/265 528/512/265
f 528/512/266 517/511/266 516/513/266 527/514/266
f 527/514/267 516/513/267 515/515/267 526/516/267
f 526/516/268 515/515/268 514/517/268 525/518/268
f 525/519/269 514/520/269 513/504/269 524/521/269
f 524/521/270 513/504/270 512/505/270 523/522/270
f 523/522/271 512/505/271 511/506/271 522/523/271
f 522/523/272 511/506/272 510/507/272 521/524/272
f 521/524/273 510/507/273 508/508/273 519/525/273
f 531/367/274 520/305/274 529/526/274 540/527/274
f 540/527/275 529/526/275 528/528/275 539/529/275
f 539/529/276 528/528/276 527/530/276 538/531/276
f 538/531/277 527/530/277 526/532/277 537/533/277
f 537/533/278 526/532/278 525/534/278 536/535/278
f 536/536/279 525/537/279 524/521/279 535/538/279
f 535/538/280 524/521/280 523/522/280 534/539/280
f 534/539/281 523/522/281 522/523/281 533/540/281
f 533/540/282 522/523/282 521/524/282 532/541/282
f 532/541/283 521/524/283 519/525/283 530/542/283
f 542/375/284 531/367/284 540/543/284 551/544/284
f 551/544/285 540/543/285 539/545/285 550/546/285
f 550/546/286 539/545/286 538/547/286 549/548/286
f 549/548/287 538/547/287 537/549/287 548/550/287
f 548/550/288 537/549/288 536/551/288 547/552/288
f 547/553/289 536/554/289 535/538/289 546/555/289
f 546/555/290 535/538/290 534/539/290 545/556/290
f 545/556/291 534/539/291 533/540/291 544/557/291
f 544/557/292 533/540/292 532/541/292 543/558/292
f 543/558/293 532/541/293 530/542/293 541/381/293
f 553/311/294 542/375/294 551/559/294 562/560/294
f 562/560/295 551/559/295 550/561/295 561/562/295
f 561/562/296 550/561/296 549/563/296 560/564/296
f 560/564/297 549/563/297 548/565/297 559/566/297
f 559/566/298 548/565/298 547/567/298 558/568/298
f 558/569/299 547/570/299 546/555/299 557/571/299
f 557/571/300 546/555/300 545/556/300 556/572/300
f 556/572/301 545/556/301 544/557/301 555/573/301
f 555/573/302 544/557/302 543/558/302 554/574/302
f 554/574/303 543/558/303 541/381/303 552/380/303
f 564/364/304 553/311/304 562/575/304 573/576/304
f 573/576/305 562/575/305 561/577/305 572/578/305
f 572/578/306 561/577/306 560/579/306 571/580/306
f 571/580/307 560/579/307 559/581/307 570/582/307
f 570/582/308 559/581/308 558/583/308 569/584/308
f 569/585/309 558/586/309 557/571/309 568/587/309
f 568/587/310 557/571/310 556/572/310 567/588/310
f 567/588/311 556/572/311 555/573/311 566/589/311
f 566/589/312 555/573/312 554/574/312 565/590/312
f 565/590/313 554/574/313 552/380/313 563/591/313
f 575/365/314 564/364/314 573/592/314 584/593/314
f 584/593/315 573/592/315 572/594/315 583/595/315
f 583/595/316 572/594/316 571/596/316 582/597/316
f 582/597/317 571/596/317 570/598/317 581/599/317
f 581/599/318 570/598/318 569/600/318 580/601/318
f 580/602/319 569/603/319 568/587/319 579/604/319
f 579/604/320 568/587/320 567/588/320 578/605/320
f 578/605/321 567/588/321 566/589/321 577/606/321
f 577/606/322 566/589/322 565/590/322 576/607/322
f 576/607/323 565/590/323 563/591/323 574/608/323
f 586/316/324 575/365/324 584/609/324 595/610/324
f 595/610/325 584/609/325 583/611/325 594/612/325
f 594/612/326 583/611/326 582/613/326 593/614/326
f 593/614/327 582/613/327 581/615/327 592/616/327
f 592/616/328 581/615/328 580/617/328 591/618/328
f 591/619/329 580/620/329 579/604/329 590/621/329
f 590/621/330 579/604/330 578/605/330 589/622/330
f 589/622/331 578/605/331 577/606/331 588/623/331
f 588/623/332 577/606/332 576/607/332 587/624/332
f 587/624/333 576/607/333 574/608/333 585/625/333
f 597/378/334 586/316/334 595/626/334 606/627/334
f 606/627/335 595/626/335 594/628/335 605/629/335
f 605/629/336 594/628/336 593/630/336 604/631/336
f 604/631/337 593/630/337 592/632/337 603/633/337
f 603/633/338 592/632/338 591/634/338 602/635/338
f 602/636/339 591/637/339 590/621/339 601/638/339
f 601/638/340 590/621/340 589/622/340 600/639/340
f 600/639/341 589/622/341 588/623/341 599/640/341
f 599/640/342 588/623/342 587/624/342 598/641/342
f 598/641/343 587/624/343 585/625/343 596/642/343
f 608/359/344 597/378/344 606/643/344 617/644/344
f 617/644/345 606/643/345 605/645/345 616/646/345
f 616/646/346 605/645/346 604/647/346 615/648/346
f 615/648/347 604/647/347 603/649/347 614/650/347
f 614/650/348 603/649/348 602/651/348 613/652/348
f 613/653/349 602/654/349 601/638/349 612/655/349
f 612/655/350 601/638/350 600/639/350 611/656/350
f 611/656/351 600/639/351 599/640/351 610/657/351
f 610/657/352 599/640/352 598/641/352 609/658/352
f 609/658/353 598/641/353 596/642/353 607/659/353
f 619/360/354 608/359/354 617/660/354 628/661/354
f 628/661/355 617/660/355 616/662/355 627/663/355
f 627/663/356 616/662/356 615/664/356 626/665/356
f 626/665/357 615/664/357 614/666/357 625/667/357
f 625/667/358 614/666/358 613/668/358 624/669/358
f 624/670/359 613/671/359 612/655/359 623/672/359
f 623/672/360 612/655/360 611/656/360 622/673/360
f 622/673/361 611/656/361 610/657/361 621/674/361
f 621/674/362 610/657/362 609/658/362 620/675/362
f 620/675/363 609/658/363 607/659/363 618/676/363
f 630/368/364 619/360/364 628/677/364 639/678/364
f 639/678/365 628/677/365 627/679/365 638/680/365
f 638/680/366 627/679/366 626/681/366 637/682/366
f 637/682/367 626/681/367 625/683/367 636/684/367
f 636/684/368 625/683/368 624/685/368 635/686/368
f 635/687/369 624/688/369 623/672/369 634/689/369
f 634/689/370 623/672/370 622/673/370 633/690/370
f 633/690/371 622/673/371 621/674/371 632/691/371
f 632/691/372 621/674/372 620/675/372 631/692/372
f 631/692/373 620/675/373 618/676/373 629/693/373
f 641/376/374 630/368/374 639/694/374 650/695/374
f 650/695/375 639/694/375 638/696/375 649/697/375
f 649/697/376 638/696/376 637/698/376 648/699/376
f 648/699/377 637/698/377 636/700/377 647/701/377
f 647/701/378 636/700/378 635/702/378 646/703/378
f 646/704/379 635/705/379 634/689/379 645/706/379
f 645/706/380 634/689/380 633/690/380 644/707/380
f 644/707/381 633/690/381 632/691/381 643/708/381
f 643/708/382 632/691/382 631/692/382 642/709/382
f 642/709/383 631/692/383 629/693/383 640/710/383
f 652/349/384 641/376/384 650/711/384 661/712/384
f 661/712/385 650/711/385 649/713/385 660/714/385
f 660/714/386 649/713/386 648/715/386 659/716/386
f 659/716/387 648/715/387 647/717/387 658/718/387
f 658/718/388 647/717/388 646/719/388 657/720/388
f 657/721/389 646/722/389 645/706/389 656/723/389
f 656/723/390 645/706/390 644/707/390 655/724/390
f 655/724/391 644/707/391 643/708/391 654/725/391
f 654/725/392 643/708/392 642/709/392 653/726/392
f 653/726/393 642/709/393 640/710/393 651/727/393
f 663/350/394 652/349/394 661/728/394 672/729/394
f 672/729/395 661/728/395 660/730/395 671/731/395
f 671/731/396 660/730/396 659/732/396 670/733/396
f 670/733/397 659/732/397 658/734/397 669/735/397
f 669/735/398 658/734/398 657/736/398 668/737/398
f 668/738/399 657/739/399 656/723/399 667/740/399
f 667/740/400 656/723/400 655/724/400 666/741/400
f 666/741/401 655/724/401 654/725/401 665/742/401
f 665/742/402 654/725/402 653/726/402 664/743/402
f 664/743/403 653/726/403 651/727/403 662/744/403
f 674/331/404 663/350/404 672/745/404 683/746/404
f 683/746/405 672/745/405 671/747/405 682/748/405
f 682/748/406 671/747/406 670/749/406 681/750/406
f 681/750/407 670/749/407 669/751/407 680/752/407
f 680/752/408 669/751/408 668/753/408 679/754/408
f 679/755/409 668/756/409 667/740/409 678/757/409
f 678/757/410 667/740/410 666/741/410 677/758/410
f 677/758/411 666/741/411 665/742/411 676/759/411
f 676/759/412 665/742/412 664/743/412 675/760/412
f 675/760/413 664/743/413 662/744/413 673/761/413
f 685/370/414 674/331/414 683/762/414 694/763/414
f 694/763/415 683/762/415 682/764/415 693/765/415
f 693/765/416 682/764/416 681/766/416 692/767/416
f 692/767/417 681/766/417 680/768/417 691/769/417
f 691/769/418 680/768/418 679/770/418 690/771/418
f 690/772/419 679/773/419 678/757/419 689/774/419
f 689/774/420 678/757/420 677/758/420 688/775/420
f 688/775/421 677/758/421 676/759/421 687/776/421
f 687/776/422 676/759/422 675/760/422 686/777/422
f 686/777/423 675/760/423 673/761/423 684/778/423
f 696/379/424 685/370/424 694/779/424 705/780/424
f 705/780/425 694/779/425 693/781/425 704/782/425
f 704/782/426 693/781/426 692/783/426 703/784/426
f 703/784/427 692/783/427 691/785/427 702/786/427
f 702/786/428 691/785/428 690/787/428 701/788/428
f 701/789/429 690/790/429 689/774/429 700/791/429
f 700/791/430 689/774/430 688/775/430 699/792/430
f 699/792/431 688/775/431 687/776/431 698/793/431
f 698/793/432 687/776/432 686/777/432 697/794/432
f 697/794/433 686/777/433 684/778/433 695/795/433
f 707/337/434 696/379/434 705/796/434 716/797/434
f 716/797/435 705/796/435 704/798/435 715/799/435
f 715/799/436 704/798/436 703/800/436 714/801/436
f 714/801/437 703/800/437 702/802/437 713/803/437
f 713/803/438 702/802/438 701/804/438 712/805/438
f 712/806/439 701/807/439 700/791/439 711/808/439
f 711/808/440 700/791/440 699/792/440 710/809/440
f 710/809/441 699/792/441 698/793/441 709/810/441
f 709/810/442 698/793/442 697/794/442 708/811/442
f 708/811/443 697/794/443 695/795/443 706/812/443
f 718/361/444 707/337/444 716/813/444 727/814/444
f 727/814/445 716/813/445 715/815/445 726/816/445
f 726/816/446 715/815/446 714/817/446 725/818/446
f 725/818/447 714/817/447 713/819/447 724/820/447
f 724/820/448 713/819/448 712/821/448 723/822/448
f 723/823/449 712/824/449 711/808/449 722/825/449
f 722/825/450 711/808/450 710/809/450 721/826/450
f 721/826/451 710/809/451 709/810/451 720/827/451
f 720/827/452 709/810/452 708/811/452 719/828/452
f 719/828/453 708/811/453 706/812/453 717/829/453
f 729/341/454 718/361/454 727/830/454 738/831/454
f 738/831/455 727/830/455 726/832/455 737/833/455
f 737/833/456 726/832/456 725/834/456 736/835/456
f 736/835/457 725/834/457 724/836/457 735/837/457
f 735/837/458 724/836/458 723/838/458 734/839/458
f 734/840/459 723/841/459 722/825/459 733/842/459
f 733/842/460 722/825/460 721/826/460 732/843/460
f 732/843/461 721/826/461 720/827/461 731/844/461
f 731/844/462 720/827/462 719/828/462 730/845/462
f 730/845/463 719/828/463 717/829/463 728/846/463
f 740/377/464 729/341/464 738/847/464 749/848/464
f 749/848/465 738/847/465 737/849/465 748/850/465
f 748/850/466 737/849/466 736/851/466 747/852/466
f 747/852/467 736/851/467 735/853/467 746/854/467
f 746/854/468 735/853/468 734/855/468 745/856/468
f 745/857/469 734/858/469 733/842/469 744/859/469
f 744/859/470 733/842/470 732/843/470 743/860/470
f 743/860/471 732/843/471 731/844/471 742/861/471
f 742/861/472 731/844/472 730/845/472 741/862/472
f 741/862/473 730/845/473 728/846/473 739/863/473
f 751/356/474 740/377/474 749/864/474 760/865/474
f 760/865/475 749/864/475 748/866/475 759/867/475
f 759/867/476 748/866/476 747/868/476 758/869/476
f 758/869/477 747/868/477 746/870/477 757/871/477
f 757/871/478 746/870/478 745/872/478 756/873/478
f 756/874/479 745/875/479 744/859/479 755/876/479
f 755/876/480 744/859/480 743/860/480 754/877/480
f 754/877/481 743/860/481 742/861/481 753/878/481
f 753/878/482 742/861/482 741/862/482 752/879/482
f 752/879/483 741/862/483 739/863/483 750/880/483
f 762/357/484 751/356/484 760/881/484 771/882/484
f 771/882/485 760/881/485 759/883/485 770/884/485
f 770/884/486 759/883/486 758/885/486 769/886/486
f 769/886/487 758/885/487 757/887/487 768/888/487
f 768/888/488 757/887/488 756/889/488 767/890/488
f 767/891/489 756/892/489 755/876/489 766/893/489
f 766/893/490 755/876/490 754/877/490 765/894/490
f 765/894/491 754/877/491 753/878/491 764/895/491
f 764/895/492 753/878/492 752/879/492 763/896/492
f 763/896/493 752/879/493 750/880/493 761/897/493
f 773/366/494 762/357/494 771/898/494 782/899/494
f 782/899/495 771/898/495 770/900/495 781/901/495
f 781/901/496 770/900/496 769/902/496 780/903/496
f 780/903/497 769/902/497 768/904/497 779/905/497
f 779/905/498 768/904/498 767/906/498 778/907/498
f 778/908/499 767/909/499 766/893/499 777/910/499
f 777/910/500 766/893/500 765/894/500 776/911/500
f 776/911/501 765/894/501 764/895/501 775/912/501
f 775/912/502 764/895/502 763/896/502 774/913/502
f 774/913/503 763/896/503 761/897/503 772/372/503
f 442/384/504 773/366/504 782/914/504 444/915/504
f 444/915/505 782/914/505 781/916/505 445/917/505
f 445/917/506 781/916/506 780/918/506 446/919/506
f 446/919/507 780/918/507 779/920/507 447/921/507
f 447/921/508 779/920/508 778/922/508 448/923/508
f 448/924/509 778/925/509 777/910/509 449/398/509
f 449/398/510 777/910/510 776/911/510 450/400/510
f 450/400/511 776/911/511 775/912/511 451/402/511
f 451/402/512 775/912/512 774/913/512 452/404/512
f 452/404/513 774/913/513 772/372/513 443/371/513
f 368/291/178 367/290/178 442/385/178 432/355/178
f 475/457/181 464/440/181 1092/926/181 1081/927/181
f 728/846/172 717/829/172 839/928/172 828/929/172
f 651/727/165 640/710/165 916/930/165 905/931/165
f 574/608/190 563/591/190 992/932/190 982/933/190
f 497/491/183 486/474/183 1070/934/183 1059/935/183
f 750/880/174 739/863/174 817/936/174 806/937/174
f 673/761/167 662/744/167 894/938/167 883/939/167
f 596/642/192 585/625/192 970/940/192 960/941/192
f 519/525/185 508/508/185 1048/942/185 1037/943/185
f 431/406/178 443/371/178 1125/374/178 1114/944/178
f 695/795/169 684/778/169 872/945/169 861/946/169
f 618/676/162 607/659/162 949/947/162 938/948/162
f 541/381/187 530/542/187 1026/949/187 1015/382/187
f 464/440/180 453/423/180 1102/950/180 1092/926/180
f 717/829/171 706/812/171 850/951/171 839/928/171
f 640/710/164 629/693/164 927/952/164 916/930/164
f 563/591/189 552/380/189 1004/383/189 992/932/189
f 761/897/175 750/880/175 806/937/175 794/953/175
f 486/474/182 475/457/182 1081/927/182 1070/934/182
f 739/863/173 728/846/173 828/929/173 817/936/173
f 662/744/166 651/727/166 905/931/166 894/938/166
f 585/625/191 574/608/191 982/933/191 970/940/191
f 508/508/184 497/491/184 1059/935/184 1048/942/184
f 399/954/162 400/955/162 1421/956/162 1433/954/162
f 948/957/177 959/958/177 413/958/177 416/957/177
f 684/778/168 673/761/168 883/939/168 872/945/168
f 607/659/193 596/642/193 960/941/193 949/947/193
f 530/542/186 519/525/186 1037/943/186 1026/949/186
f 453/423/179 431/406/179 1114/944/179 1102/950/179
f 706/812/170 695/795/170 861/946/170 850/951/170
f 629/693/163 618/676/163 938/948/163 927/952/163
f 795/959/503 783/960/503 785/961/503 804/962/503
f 804/962/502 785/961/502 786/963/502 803/964/502
f 803/964/501 786/963/501 787/965/501 802/966/501
f 802/966/500 787/965/500 788/967/500 801/968/500
f 801/968/499 788/967/499 789/969/499 800/970/499
f 800/970/498 789/969/498 790/971/498 799/972/498
f 799/972/514 790/971/514 791/973/514 798/974/514
f 798/974/496 791/973/496 792/975/496 797/976/496
f 797/976/495 792/975/495 793/977/495 796/978/495
f 796/978/494 793/977/494 784/373/494 794/953/494
f 816/979/483 805/980/483 807/981/483 818/982/483
f 818/982/482 807/981/482 808/983/482 819/984/482
f 819/984/481 808/983/481 809/985/481 820/986/481
f 820/986/480 809/985/480 810/987/480 821/988/480
f 821/988/479 810/987/479 811/989/479 822/990/479
f 822/990/478 811/989/478 812/991/478 823/992/478
f 823/992/477 812/991/477 813/993/477 824/994/477
f 824/994/476 813/993/476 814/995/476 825/996/476
f 825/996/475 814/995/475 815/997/475 826/998/475
f 826/998/515 815/997/515 806/937/515 817/936/515
f 838/999/463 827/1000/463 829/1001/463 840/1002/463
f 840/1002/462 829/1001/462 830/1003/462 841/1004/462
f 841/1004/461 830/1003/461 831/1005/461 842/1006/461
f 842/1006/460 831/1005/460 832/1007/460 843/1008/460
f 843/1008/459 832/1007/459 833/1009/459 844/1010/459
f 844/1010/458 833/1009/458 834/1011/458 845/1012/458
f 845/1012/457 834/1011/457 835/1013/457 846/1014/457
f 846/1014/456 835/1013/456 836/1015/456 847/1016/456
f 847/1016/455 836/1015/455 837/1017/455 848/1018/455
f 848/1018/454 837/1017/454 828/929/454 839/928/454
f 860/1019/443 849/1020/443 851/1021/443 862/1022/443
f 862/1022/442 851/1021/442 852/1023/442 863/1024/442
f 863/1024/441 852/1023/441 853/1025/441 864/1026/441
f 864/1026/440 853/1025/440 854/1027/440 865/1028/440
f 865/1028/439 854/1027/439 855/1029/439 866/1030/439
f 866/1030/438 855/1029/438 856/1031/438 867/1032/438
f 867/1032/437 856/1031/437 857/1033/437 868/1034/437
f 868/1034/516 857/1033/516 858/1035/516 869/1036/516
f 869/1036/435 858/1035/435 859/1037/435 870/1038/435
f 870/1038/434 859/1037/434 850/951/434 861/946/434
f 882/1039/423 871/1040/423 873/1041/423 884/1042/423
f 884/1042/517 873/1041/517 874/1043/517 885/1044/517
f 885/1044/421 874/1043/421 875/1045/421 886/1046/421
f 886/1046/518 875/1045/518 876/1047/518 887/1048/518
f 887/1048/419 876/1047/419 877/1049/419 888/1050/419
f 888/1050/418 877/1049/418 878/1051/418 889/1052/418
f 889/1052/417 878/1051/417 879/1053/417 890/1054/417
f 890/1054/416 879/1053/416 880/1055/416 891/1056/416
f 891/1056/415 880/1055/415 881/1057/415 892/1058/415
f 892/1058/519 881/1057/519 872/945/519 883/939/519
f 904/1059/403 893/1060/403 895/1061/403 906/1062/403
f 906/1062/402 895/1061/402 896/1063/402 907/1064/402
f 907/1064/401 896/1063/401 897/1065/401 908/1066/401
f 908/1066/400 897/1065/400 898/1067/400 909/1068/400
f 909/1068/399 898/1067/399 899/1069/399 910/1070/399
f 910/1070/398 899/1069/398 900/1071/398 911/1072/398
f 911/1072/397 900/1071/397 901/1073/397 912/1074/397
f 912/1074/396 901/1073/396 902/1075/396 913/1076/396
f 913/1076/395 902/1075/395 903/1077/395 914/1078/395
f 914/1078/520 903/1077/520 894/938/520 905/931/520
f 926/1079/383 915/1080/383 917/1081/383 928/1082/383
f 928/1082/382 917/1081/382 918/1083/382 929/1084/382
f 929/1084/521 918/1083/521 919/1085/521 930/1086/521
f 930/1086/380 919/1085/380 920/1087/380 931/1088/380
f 931/1088/379 920/1087/379 921/1089/379 932/1090/379
f 932/1090/378 921/1089/378 922/1091/378 933/1092/378
f 933/1092/377 922/1091/377 923/1093/377 934/1094/377
f 934/1094/376 923/1093/376 924/1095/376 935/1096/376
f 935/1096/375 924/1095/375 925/1097/375 936/1098/375
f 936/1098/374 925/1097/374 916/930/374 927/952/374
f 948/957/522 937/1099/522 939/1100/522 950/1101/522
f 950/1101/362 939/1100/362 940/1102/362 951/1103/362
f 951/1103/361 940/1102/361 941/1104/361 952/1105/361
f 952/1105/360 941/1104/360 942/1106/360 953/1107/360
f 953/1107/359 942/1106/359 943/1108/359 954/1109/359
f 954/1109/358 943/1108/358 944/1110/358 955/1111/358
f 955/1111/357 944/1110/357 945/1112/357 956/1113/357
f 956/1113/356 945/1112/356 946/1114/356 957/1115/356
f 957/1115/355 946/1114/355 947/1116/355 958/1117/355
f 958/1117/354 947/1116/354 938/948/354 949/947/354
f 971/1118/343 959/958/343 961/1119/343 980/1120/343
f 980/1120/342 961/1119/342 962/1121/342 979/1122/342
f 979/1122/341 962/1121/341 963/1123/341 978/1124/341
f 978/1124/340 963/1123/340 964/1125/340 977/1126/340
f 977/1126/339 964/1125/339 965/1127/339 976/1128/339
f 976/1128/338 965/1127/338 966/1129/338 975/1130/338
f 975/1130/523 966/1129/523 967/1131/523 974/1132/523
f 974/1132/336 967/1131/336 968/1133/336 973/1134/336
f 973/1134/335 968/1133/335 969/1135/335 972/1136/335
f 972/1136/334 969/1135/334 960/941/334 970/940/334
f 993/1137/323 981/1138/323 983/1139/323 1002/1140/323
f 1002/1140/322 983/1139/322 984/1141/322 1001/1142/322
f 1001/1142/321 984/1141/321 985/1143/321 1000/1144/321
f 1000/1144/320 985/1143/320 986/1145/320 999/1146/320
f 999/1146/319 986/1145/319 987/1147/319 998/1148/319
f 998/1148/524 987/1147/524 988/1149/524 997/1150/524
f 997/1150/317 988/1149/317 989/1151/317 996/1152/317
f 996/1152/316 989/1151/316 990/1153/316 995/1154/316
f 995/1154/315 990/1153/315 991/1155/315 994/1156/315
f 994/1156/314 991/1155/314 982/933/314 992/932/314
f 1014/1157/303 1003/1158/303 1005/1159/303 1016/1160/303
f 1016/1160/302 1005/1159/302 1006/1161/302 1017/1162/302
f 1017/1162/525 1006/1161/525 1007/1163/525 1018/1164/525
f 1018/1164/300 1007/1163/300 1008/1165/300 1019/1166/300
f 1019/1166/299 1008/1165/299 1009/1167/299 1020/1168/299
f 1020/1168/298 1009/1167/298 1010/1169/298 1021/1170/298
f 1021/1170/297 1010/1169/297 1011/1171/297 1022/1172/297
f 1022/1172/296 1011/1171/296 1012/1173/296 1023/1174/296
f 1023/1174/295 1012/1173/295 1013/1175/295 1024/1176/295
f 1024/1176/294 1013/1175/294 1004/383/294 1015/382/294
f 1036/1177/283 1025/1178/283 1027/1179/283 1038/1180/283
f 1038/1180/282 1027/1179/282 1028/1181/282 1039/1182/282
f 1039/1182/281 1028/1181/281 1029/1183/281 1040/1184/281
f 1040/1184/280 1029/1183/280 1030/1185/280 1041/1186/280
f 1041/1186/279 1030/1185/279 1031/1187/279 1042/1188/279
f 1042/1188/278 1031/1187/278 1032/1189/278 1043/1190/278
f 1043/1190/277 1032/1189/277 1033/1191/277 1044/1192/277
f 1044/1192/276 1033/1191/276 1034/1193/276 1045/1194/276
f 1045/1194/275 1034/1193/275 1035/1195/275 1046/1196/275
f 1046/1196/274 1035/1195/274 1026/949/274 1037/943/274
f 1058/1197/263 1047/1198/263 1049/1199/263 1060/1200/263
f 1060/1200/262 1049/1199/262 1050/1201/262 1061/1202/262
f 1061/1202/261 1050/1201/261 1051/1203/261 1062/1204/261
f 1062/1204/260 1051/1203/260 1052/1205/260 1063/1206/260
f 1063/1206/259 1052/1205/259 1053/1207/259 1064/1208/259
f 1064/1208/258 1053/1207/258 1054/1209/258 1065/1210/258
f 1065/1210/526 1054/1209/526 1055/1211/526 1066/1212/526
f 1066/1212/256 1055/1211/256 1056/1213/256 1067/1214/256
f 1067/1214/255 1056/1213/255 1057/1215/255 1068/1216/255
f 1068/1216/254 1057/1215/254 1048/942/254 1059/935/254
f 1080/1217/243 1069/1218/243 1071/1219/243 1082/1220/243
f 1082/1220/242 1071/1219/242 1072/1221/242 1083/1222/242
f 1083/1222/241 1072/1221/241 1073/1223/241 1084/1224/241
f 1084/1224/240 1073/1223/240 1074/1225/240 1085/1226/240
f 1085/1226/239 1074/1225/239 1075/1227/239 1086/1228/239
f 1086/1228/527 1075/1227/527 1076/1229/527 1087/1230/527
f 1087/1230/237 1076/1229/237 1077/1231/237 1088/1232/237
f 1088/1232/236 1077/1231/236 1078/1233/236 1089/1234/236
f 1089/1234/235 1078/1233/235 1079/1235/235 1090/1236/235
f 1090/1236/528 1079/1235/528 1070/934/528 1081/927/528
f 1103/1237/223 1091/1238/223 1093/1239/223 1112/1240/223
f 1112/1240/222 1093/1239/222 1094/1241/222 1111/1242/222
f 1111/1242/529 1094/1241/529 1095/1243/529 1110/1244/529
f 1110/1244/220 1095/1243/220 1096/1245/220 1109/1246/220
f 1109/1246/219 1096/1245/219 1097/1247/219 1108/1248/219
f 1108/1248/218 1097/1247/218 1098/1249/218 1107/1250/218
f 1107/1250/217 1098/1249/217 1099/1251/217 1106/1252/217
f 1106/1252/216 1099/1251/216 1100/1253/216 1105/1254/216
f 1105/1254/215 1100/1253/215 1101/1255/215 1104/1256/215
f 1104/1256/214 1101/1255/214 1092/926/214 1102/950/214
f 871/1040/433 860/1019/433 862/1022/433 873/1041/433
f 873/1041/432 862/1022/432 863/1024/432 874/1043/432
f 874/1043/431 863/1024/431 864/1026/431 875/1045/431
f 875/1045/430 864/1026/430 865/1028/430 876/1047/430
f 876/1047/429 865/1028/429 866/1030/429 877/1049/429
f 877/1049/428 866/1030/428 867/1032/428 878/1051/428
f 878/1051/427 867/1032/427 868/1034/427 879/1053/427
f 879/1053/530 868/1034/530 869/1036/530 880/1055/530
f 880/1055/425 869/1036/425 870/1038/425 881/1057/425
f 881/1057/424 870/1038/424 861/946/424 872/945/424
f 893/1060/413 882/1039/413 884/1042/413 895/1061/413
f 895/1061/412 884/1042/412 885/1044/412 896/1063/412
f 896/1063/411 885/1044/411 886/1046/411 897/1065/411
f 897/1065/410 886/1046/410 887/1048/410 898/1067/410
f 898/1067/409 887/1048/409 888/1050/409 899/1069/409
f 899/1069/531 888/1050/531 889/1052/531 900/1071/531
f 900/1071/407 889/1052/407 890/1054/407 901/1073/407
f 901/1073/406 890/1054/406 891/1056/406 902/1075/406
f 902/1075/405 891/1056/405 892/1058/405 903/1077/405
f 903/1077/404 892/1058/404 883/939/404 894/938/404
f 1069/1218/253 1058/1197/253 1060/1200/253 1071/1219/253
f 1071/1219/252 1060/1200/252 1061/1202/252 1072/1221/252
f 1072/1221/532 1061/1202/532 1062/1204/532 1073/1223/532
f 1073/1223/250 1062/1204/250 1063/1206/250 1074/1225/250
f 1074/1225/249 1063/1206/249 1064/1208/249 1075/1227/249
f 1075/1227/248 1064/1208/248 1065/1210/248 1076/1229/248
f 1076/1229/247 1065/1210/247 1066/1212/247 1077/1231/247
f 1077/1231/246 1066/1212/246 1067/1214/246 1078/1233/246
f 1078/1233/245 1067/1214/245 1068/1216/245 1079/1235/245
f 1079/1235/244 1068/1216/244 1059/935/244 1070/934/244
f 1091/1238/233 1080/1217/233 1082/1220/233 1093/1239/233
f 1093/1239/232 1082/1220/232 1083/1222/232 1094/1241/232
f 1094/1241/231 1083/1222/231 1084/1224/231 1095/1243/231
f 1095/1243/230 1084/1224/230 1085/1226/230 1096/1245/230
f 1096/1245/229 1085/1226/229 1086/1228/229 1097/1247/229
f 1097/1247/533 1086/1228/533 1087/1230/533 1098/1249/533
f 1098/1249/227 1087/1230/227 1088/1232/227 1099/1251/227
f 1099/1251/226 1088/1232/226 1089/1234/226 1100/1253/226
f 1100/1253/225 1089/1234/225 1090/1236/225 1101/1255/225
f 1101/1255/224 1090/1236/224 1081/927/224 1092/926/224
f 783/960/534 1124/955/534 1126/1257/534 785/961/534
f 785/961/512 1126/1257/512 1127/1258/512 786/963/512
f 786/963/511 1127/1258/511 1128/1259/511 787/965/511
f 787/965/510 1128/1259/510 1129/1260/510 788/967/510
f 788/967/509 1129/1260/509 1130/1261/509 789/969/509
f 789/969/508 1130/1261/508 1131/1262/508 790/971/508
f 790/971/507 1131/1262/507 1132/1263/507 791/973/507
f 791/973/506 1132/1263/506 1133/1264/506 792/975/506
f 792/975/505 1133/1264/505 1134/1265/505 793/977/505
f 793/977/504 1134/1265/504 1125/374/504 784/373/504
f 805/980/493 795/959/493 804/962/493 807/981/493
f 807/981/492 804/962/492 803/964/492 808/983/492
f 808/983/535 803/964/535 802/966/535 809/985/535
f 809/985/490 802/966/490 801/968/490 810/987/490
f 810/987/489 801/968/489 800/970/489 811/989/489
f 811/989/488 800/970/488 799/972/488 812/991/488
f 812/991/487 799/972/487 798/974/487 813/993/487
f 813/993/486 798/974/486 797/976/486 814/995/486
f 814/995/485 797/976/485 796/978/485 815/997/485
f 815/997/484 796/978/484 794/953/484 806/937/484
f 981/1138/333 971/1118/333 980/1120/333 983/1139/333
f 983/1139/332 980/1120/332 979/1122/332 984/1141/332
f 984/1141/536 979/1122/536 978/1124/536 985/1143/536
f 985/1143/330 978/1124/330 977/1126/330 986/1145/330
f 986/1145/329 977/1126/329 976/1128/329 987/1147/329
f 987/1147/328 976/1128/328 975/1130/328 988/1149/328
f 988/1149/327 975/1130/327 974/1132/327 989/1151/327
f 989/1151/326 974/1132/326 973/1134/326 990/1153/326
f 990/1153/325 973/1134/325 972/1136/325 991/1155/325
f 991/1155/324 972/1136/324 970/940/324 982/933/324
f 1003/1158/313 993/1137/313 1002/1140/313 1005/1159/313
f 1005/1159/312 1002/1140/312 1001/1142/312 1006/1161/312
f 1006/1161/311 1001/1142/311 1000/1144/311 1007/1163/311
f 1007/1163/310 1000/1144/310 999/1146/310 1008/1165/310
f 1008/1165/309 999/1146/309 998/1148/309 1009/1167/309
f 1009/1167/537 998/1148/537 997/1150/537 1010/1169/537
f 1010/1169/307 997/1150/307 996/1152/307 1011/1171/307
f 1011/1171/306 996/1152/306 995/1154/306 1012/1173/306
f 1012/1173/305 995/1154/305 994/1156/305 1013/1175/305
f 1013/1175/538 994/1156/538 992/932/538 1004/383/538
f 915/1080/393 904/1059/393 906/1062/393 917/1081/393
f 917/1081/392 906/1062/392 907/1064/392 918/1083/392
f 918/1083/391 907/1064/391 908/1066/391 919/1085/391
f 919/1085/539 908/1066/539 909/1068/539 920/1087/539
f 920/1087/389 909/1068/389 910/1070/389 921/1089/389
f 921/1089/388 910/1070/388 911/1072/388 922/1091/388
f 922/1091/387 911/1072/387 912/1074/387 923/1093/387
f 923/1093/386 912/1074/386 913/1076/386 924/1095/386
f 924/1095/385 913/1076/385 914/1078/385 925/1097/385
f 925/1097/384 914/1078/384 905/931/384 916/930/384
f 1113/954/213 1103/1237/213 1112/1240/213 1115/1266/213
f 1115/1266/212 1112/1240/212 1111/1242/212 1116/1267/212
f 1116/1267/211 1111/1242/211 1110/1244/211 1117/1268/211
f 1117/1268/210 1110/1244/210 1109/1246/210 1118/1269/210
f 1118/1269/209 1109/1246/209 1108/1248/209 1119/1270/209
f 1119/1270/208 1108/1248/208 1107/1250/208 1120/1271/208
f 1120/1271/540 1107/1250/540 1106/1252/540 1121/1272/540
f 1121/1272/206 1106/1252/206 1105/1254/206 1122/1273/206
f 1122/1273/205 1105/1254/205 1104/1256/205 1123/1274/205
f 1123/1274/204 1104/1256/204 1102/950/204 1114/944/204
f 827/1000/473 816/979/473 818/982/473 829/1001/473
f 829/1001/472 818/982/472 819/984/472 830/1003/472
f 830/1003/471 819/984/471 820/986/471 831/1005/471
f 831/1005/541 820/986/541 821/988/541 832/1007/541
f 832/1007/469 821/988/469 822/990/469 833/1009/469
f 833/1009/468 822/990/468 823/992/468 834/1011/468
f 834/1011/467 823/992/467 824/994/467 835/1013/467
f 835/1013/466 824/994/466 825/996/466 836/1015/466
f 836/1015/465 825/996/465 826/998/465 837/1017/465
f 837/1017/464 826/998/464 817/936/464 828/929/464
f 1025/1178/293 1014/1157/293 1016/1160/293 1027/1179/293
f 1027/1179/542 1016/1160/542 1017/1162/542 1028/1181/542
f 1028/1181/291 1017/1162/291 1018/1164/291 1029/1183/291
f 1029/1183/290 1018/1164/290 1019/1166/290 1030/1185/290
f 1030/1185/289 1019/1166/289 1020/1168/289 1031/1187/289
f 1031/1187/288 1020/1168/288 1021/1170/288 1032/1189/288
f 1032/1189/543 1021/1170/543 1022/1172/543 1033/1191/543
f 1033/1191/286 1022/1172/286 1023/1174/286 1034/1193/286
f 1034/1193/285 1023/1174/285 1024/1176/285 1035/1195/285
f 1035/1195/284 1024/1176/284 1015/382/284 1026/949/284
f 937/1099/373 926/1079/373 928/1082/373 939/1100/373
f 939/1100/372 928/1082/372 929/1084/372 940/1102/372
f 940/1102/371 929/1084/371 930/1086/371 941/1104/371
f 941/1104/370 930/1086/370 931/1088/370 942/1106/370
f 942/1106/369 931/1088/369 932/1090/369 943/1108/369
f 943/1108/368 932/1090/368 933/1092/368 944/1110/368
f 944/1110/544 933/1092/544 934/1094/544 945/1112/544
f 945/1112/366 934/1094/366 935/1096/366 946/1114/366
f 946/1114/365 935/1096/365 936/1098/365 947/1116/365
f 947/1116/364 936/1098/364 927/952/364 938/948/364
f 1124/955/545 1113/954/545 1115/1266/545 1126/1257/545
f 1126/1257/202 1115/1266/202 1116/1267/202 1127/1258/202
f 1127/1258/201 1116/1267/201 1117/1268/201 1128/1259/201
f 1128/1259/200 1117/1268/200 1118/1269/200 1129/1260/200
f 1129/1260/199 1118/1269/199 1119/1270/199 1130/1261/199
f 1130/1261/198 1119/1270/198 1120/1271/198 1131/1262/198
f 1131/1262/197 1120/1271/197 1121/1272/197 1132/1263/197
f 1132/1263/196 1121/1272/196 1122/1273/196 1133/1264/196
f 1133/1264/195 1122/1273/195 1123/1274/195 1134/1265/195
f 1134/1265/194 1123/1274/194 1114/944/194 1125/374/194
f 849/1020/453 838/999/453 840/1002/453 851/1021/453
f 851/1021/546 840/1002/546 841/1004/546 852/1023/546
f 852/1023/547 841/1004/547 842/1006/547 853/1025/547
f 853/1025/450 842/1006/450 843/1008/450 854/1027/450
f 854/1027/449 843/1008/449 844/1010/449 855/1029/449
f 855/1029/448 844/1010/448 845/1012/448 856/1031/448
f 856/1031/447 845/1012/447 846/1014/447 857/1033/447
f 857/1033/446 846/1014/446 847/1016/446 858/1035/446
f 858/1035/445 847/1016/445 848/1018/445 859/1037/445
f 859/1037/548 848/1018/548 839/928/548 850/951/548
f 1047/1198/273 1036/1177/273 1038/1180/273 1049/1199/273
f 1049/1199/272 1038/1180/272 1039/1182/272 1050/1201/272
f 1050/1201/271 1039/1182/271 1040/1184/271 1051/1203/271
f 1051/1203/270 1040/1184/270 1041/1186/270 1052/1205/270
f 1052/1205/269 1041/1186/269 1042/1188/269 1053/1207/269
f 1053/1207/268 1042/1188/268 1043/1190/268 1054/1209/268
f 1054/1209/267 1043/1190/267 1044/1192/267 1055/1211/267
f 1055/1211/266 1044/1192/266 1045/1194/266 1056/1213/266
f 1056/1213/265 1045/1194/265 1046/1196/265 1057/1215/265
f 1057/1215/264 1046/1196/264 1037/943/264 1048/942/264
f 959/958/549 948/957/549 950/1101/549 961/1119/549
f 961/1119/352 950/1101/352 951/1103/352 962/1121/352
f 962/1121/351 951/1103/351 952/1105/351 963/1123/351
f 963/1123/350 952/1105/350 953/1107/350 964/1125/350
f 964/1125/349 953/1107/349 954/1109/349 965/1127/349
f 965/1127/348 954/1109/348 955/1111/348 966/1129/348
f 966/1129/347 955/1111/347 956/1113/347 967/1131/347
f 967/1131/346 956/1113/346 957/1115/346 968/1133/346
f 968/1133/345 957/1115/345 958/1117/345 969/1135/345
f 969/1135/344 958/1117/344 949/947/344 960/941/344
f 772/372/176 761/897/176 794/953/176 784/373/176
f 871/1040/184 882/1039/184 422/1039/184 421/1040/184
f 1058/1197/167 1069/1218/167 403/1218/167 406/1197/167
f 971/1118/175 981/1138/175 411/1138/175 414/1118/175
f 805/980/190 816/979/190 428/979/190 427/980/190
f 816/979/189 827/1000/189 425/1000/189 428/979/189
f 1091/1238/164 1103/1237/164 402/1237/164 401/1238/164
f 1036/1177/169 1047/1198/169 405/1198/169 408/1177/169
f 882/1039/183 893/1060/183 419/1060/183 422/1039/183
f 1025/1178/170 1036/1177/170 408/1177/170 407/1178/170
f 795/959/191 805/980/191 427/980/191 430/959/191
f 959/958/176 971/1118/176 414/1118/176 413/958/176
f 893/1060/182 904/1059/182 420/1059/182 419/1060/182
f 838/999/187 849/1020/187 423/1020/187 426/999/187
f 827/1000/188 838/999/188 426/999/188 425/1000/188
f 860/1019/185 871/1040/185 421/1040/185 424/1019/185
f 1047/1198/168 1058/1197/168 406/1197/168 405/1198/168
f 1113/954/162 1124/955/162 400/955/162 399/954/162
f 981/1138/174 993/1137/174 412/1137/174 411/1138/174
f 1103/1237/163 1113/954/163 399/954/163 402/1237/163
f 915/1080/180 926/1079/180 418/1079/180 417/1080/180
f 1124/955/193 783/960/193 429/960/193 400/955/193
f 849/1020/186 860/1019/186 424/1019/186 423/1020/186
f 904/1059/181 915/1080/181 417/1080/181 420/1059/181
f 926/1079/179 937/1099/179 415/1099/179 418/1079/179
f 783/960/192 795/959/192 430/959/192 429/960/192
f 1069/1218/166 1080/1217/166 404/1217/166 403/1218/166
f 1080/1217/165 1091/1238/165 401/1238/165 404/1217/165
f 993/1137/173 1003/1158/173 409/1158/173 412/1137/173
f 1003/1158/172 1014/1157/172 410/1157/172 409/1158/172
f 1014/1157/171 1025/1178/171 407/1178/171 410/1157/171
f 937/1099/178 948/957/178 416/957/178 415/1099/178
f 430/959/191 427/980/191 1157/1275/191 1135/1276/191
f 420/1059/181 417/1080/181 1389/1080/181 1477/1059/181
f 427/980/190 428/979/190 1323/1277/190 1157/1275/190
f 407/1178/170 408/1177/170 1224/1177/170 1245/1278/170
f 428/979/189 425/1000/189 1180/1000/189 1323/1277/189
f 404/1217/165 401/1238/165 1344/1238/165 1356/1217/165
f 409/1158/172 410/1157/172 1257/1157/172 1289/1158/172
f 422/1039/183 419/1060/183 1190/1060/183 1202/1279/183
f 423/1020/186 424/1019/186 1454/1019/186 1311/1280/186
f 416/957/177 413/958/177 1279/1281/177 1399/957/177
f 424/1019/185 421/1040/185 1444/1282/185 1454/1019/185
f 1443/1283/6 1201/1284/6 1191/1285/6 1476/1286/6 1388/1287/6 1378/1288/6 1410/1289/6 1400/1290/6 1278/1291/6 1268/1292/6 1334/1293/6 1300/1294/6 1290/1295/6 1256/1296/6 1246/1297/6 1223/1298/6 1213/1299/6 1235/1300/6 1465/1301/6 1355/1302/6 1345/1303/6 1367/1304/6 1432/1305/6 1422/1306/6 1146/1307/6 1136/1308/6 1158/1309/6 1322/1310/6 1179/1311/6 1169/1312/6 1312/1313/6 1455/1314/6
f 401/1238/164 402/1237/164 1366/1237/164 1344/1238/164
f 425/1000/188 426/999/188 1168/999/188 1180/1000/188
f 414/1118/175 411/1138/175 1333/1138/175 1267/1118/175
f 417/1080/180 418/1079/180 1377/1079/180 1389/1080/180
f 403/1218/166 404/1217/166 1356/1217/166 1466/1218/166
f 402/1237/163 399/954/163 1433/954/163 1366/1237/163
f 411/1138/174 412/1137/174 1301/1137/174 1333/1138/174
f 400/955/193 429/960/193 1147/960/193 1421/956/193
f 413/958/176 414/1118/176 1267/1118/176 1279/1281/176
f 418/1079/179 415/1099/179 1411/1315/179 1377/1079/179
f 410/1157/171 407/1178/171 1245/1278/171 1257/1157/171
f 426/999/187 423/1020/187 1311/1280/187 1168/999/187
f 415/1099/178 416/957/178 1399/957/178 1411/1315/178
f 419/1060/182 420/1059/182 1477/1059/182 1190/1060/182
f 412/1137/173 409/1158/173 1289/1158/173 1301/1137/173
f 408/1177/169 405/1198/169 1212/1198/169 1224/1177/169
f 405/1198/168 406/1197/168 1234/1197/168 1212/1198/168
f 406/1197/167 403/1218/167 1466/1218/167 1234/1197/167
f 421/1040/184 422/1039/184 1202/1279/184 1444/1282/184
f 1136/1308/503 1146/1307/503 1148/1316/503 1145/1317/503
f 1145/1317/550 1148/1316/550 1149/1318/550 1144/1319/550
f 1144/1319/501 1149/1318/501 1150/1320/501 1143/1321/501
f 1143/1321/551 1150/1320/551 1151/1322/551 1142/1323/551
f 1142/1323/499 1151/1322/499 1152/1324/499 1141/1325/499
f 1141/1325/498 1152/1324/498 1153/1326/498 1140/1327/498
f 1140/1327/497 1153/1326/497 1154/1328/497 1139/1329/497
f 1139/1329/496 1154/1328/496 1155/1330/496 1138/1331/496
f 1138/1331/495 1155/1330/495 1156/1332/495 1137/1333/495
f 1137/1333/494 1156/1332/494 1147/960/494 1135/1276/494
f 1158/1309/493 1136/1308/493 1145/1317/493 1167/1334/493
f 1167/1334/492 1145/1317/492 1144/1319/492 1166/1335/492
f 1166/1335/491 1144/1319/491 1143/1321/491 1165/1336/491
f 1165/1336/552 1143/1321/552 1142/1323/552 1164/1337/552
f 1164/1337/489 1142/1323/489 1141/1325/489 1163/1338/489
f 1163/1338/488 1141/1325/488 1140/1327/488 1162/1339/488
f 1162/1339/487 1140/1327/487 1139/1329/487 1161/1340/487
f 1161/1340/486 1139/1329/486 1138/1331/486 1160/1341/486
f 1160/1341/553 1138/1331/553 1137/1333/553 1159/1342/553
f 1159/1342/484 1137/1333/484 1135/1276/484 1157/1275/484
f 1169/1312/554 1179/1311/554 1181/1343/554 1178/1344/554
f 1178/1344/462 1181/1343/462 1182/1345/462 1177/1346/462
f 1177/1346/461 1182/1345/461 1183/1347/461 1176/1348/461
f 1176/1348/555 1183/1347/555 1184/1349/555 1175/1350/555
f 1175/1350/459 1184/1349/459 1185/1351/459 1174/1352/459
f 1174/1352/458 1185/1351/458 1186/1353/458 1173/1354/458
f 1173/1354/457 1186/1353/457 1187/1355/457 1172/1356/457
f 1172/1356/456 1187/1355/456 1188/1357/456 1171/1358/456
f 1171/1358/556 1188/1357/556 1189/1359/556 1170/1360/556
f 1170/1360/454 1189/1359/454 1180/1000/454 1168/999/454
f 1191/1285/557 1201/1284/557 1203/1361/557 1200/1362/557
f 1200/1362/412 1203/1361/412 1204/1363/412 1199/1364/412
f 1199/1364/558 1204/1363/558 1205/1365/558 1198/1366/558
f 1198/1366/559 1205/1365/559 1206/1367/559 1197/1368/559
f 1197/1368/409 1206/1367/409 1207/1369/409 1196/1370/409
f 1196/1370/408 1207/1369/408 1208/1371/408 1195/1372/408
f 1195/1372/407 1208/1371/407 1209/1373/407 1194/1374/407
f 1194/1374/406 1209/1373/406 1210/1375/406 1193/1376/406
f 1193/1376/560 1210/1375/560 1211/1377/560 1192/1378/560
f 1192/1378/404 1211/1377/404 1202/1279/404 1190/1060/404
f 1213/1299/561 1223/1298/561 1225/1379/561 1222/1380/561
f 1222/1380/272 1225/1379/272 1226/1381/272 1221/1382/272
f 1221/1382/271 1226/1381/271 1227/1383/271 1220/1384/271
f 1220/1384/562 1227/1383/562 1228/1385/562 1219/1386/562
f 1219/1386/269 1228/1385/269 1229/1387/269 1218/1388/269
f 1218/1388/268 1229/1387/268 1230/1389/268 1217/1390/268
f 1217/1390/267 1230/1389/267 1231/1391/267 1216/1392/267
f 1216/1392/563 1231/1391/563 1232/1393/563 1215/1394/563
f 1215/1394/564 1232/1393/564 1233/1395/564 1214/1396/564
f 1214/1396/264 1233/1395/264 1224/1177/264 1212/1198/264
f 1235/1300/565 1213/1299/565 1222/1380/565 1244/1397/565
f 1244/1397/566 1222/1380/566 1221/1382/566 1243/1398/566
f 1243/1398/261 1221/1382/261 1220/1384/261 1242/1399/261
f 1242/1399/567 1220/1384/567 1219/1386/567 1241/1400/567
f 1241/1400/259 1219/1386/259 1218/1388/259 1240/1401/259
f 1240/1401/258 1218/1388/258 1217/1390/258 1239/1402/258
f 1239/1402/257 1217/1390/257 1216/1392/257 1238/1403/257
f 1238/1403/256 1216/1392/256 1215/1394/256 1237/1404/256
f 1237/1404/255 1215/1394/255 1214/1396/255 1236/1405/255
f 1236/1405/568 1214/1396/568 1212/1198/568 1234/1197/568
f 1246/1297/569 1256/1296/569 1258/1406/569 1255/1407/569
f 1255/1407/292 1258/1406/292 1259/1408/292 1254/1409/292
f 1254/1409/291 1259/1408/291 1260/1410/291 1253/1411/291
f 1253/1411/570 1260/1410/570 1261/1412/570 1252/1413/570
f 1252/1413/289 1261/1412/289 1262/1414/289 1251/1415/289
f 1251/1415/288 1262/1414/288 1263/1416/288 1250/1417/288
f 1250/1417/287 1263/1416/287 1264/1418/287 1249/1419/287
f 1249/1419/286 1264/1418/286 1265/1420/286 1248/1421/286
f 1248/1421/285 1265/1420/285 1266/1422/285 1247/1423/285
f 1247/1423/284 1266/1422/284 1257/1157/284 1245/1278/284
f 1268/1292/343 1278/1291/343 1280/1424/343 1277/1425/343
f 1277/1425/571 1280/1424/571 1281/1426/571 1276/1427/571
f 1276/1427/341 1281/1426/341 1282/1428/341 1275/1429/341
f 1275/1429/572 1282/1428/572 1283/1430/572 1274/1431/572
f 1274/1431/339 1283/1430/339 1284/1432/339 1273/1433/339
f 1273/1433/338 1284/1432/338 1285/1434/338 1272/1435/338
f 1272/1435/337 1285/1434/337 1286/1436/337 1271/1437/337
f 1271/1437/336 1286/1436/336 1287/1438/336 1270/1439/336
f 1270/1439/335 1287/1438/335 1288/1440/335 1269/1441/335
f 1269/1441/334 1288/1440/334 1279/1281/334 1267/1118/334
f 1290/1295/573 1300/1294/573 1302/1442/573 1299/1443/573
f 1299/1443/312 1302/1442/312 1303/1444/312 1298/1445/312
f 1298/1445/574 1303/1444/574 1304/1446/574 1297/1447/574
f 1297/1447/575 1304/1446/575 1305/1448/575 1296/1449/575
f 1296/1449/309 1305/1448/309 1306/1450/309 1295/1451/309
f 1295/1451/308 1306/1450/308 1307/1452/308 1294/1453/308
f 1294/1453/307 1307/1452/307 1308/1454/307 1293/1455/307
f 1293/1455/306 1308/1454/306 1309/1456/306 1292/1457/306
f 1292/1457/576 1309/1456/576 1310/1458/576 1291/1459/576
f 1291/1459/538 1310/1458/538 1301/1137/538 1289/1158/538
f 1312/1313/453 1169/1312/453 1178/1344/453 1321/1460/453
f 1321/1460/546 1178/1344/546 1177/1346/546 1320/1461/546
f 1320/1461/547 1177/1346/547 1176/1348/547 1319/1462/547
f 1319/1462/577 1176/1348/577 1175/1350/577 1318/1463/577
f 1318/1463/449 1175/1350/449 1174/1352/449 1317/1464/449
f 1317/1464/448 1174/1352/448 1173/1354/448 1316/1465/448
f 1316/1465/447 1173/1354/447 1172/1356/447 1315/1466/447
f 1315/1466/446 1172/1356/446 1171/1358/446 1314/1467/446
f 1314/1467/578 1171/1358/578 1170/1360/578 1313/1468/578
f 1313/1468/548 1170/1360/548 1168/999/548 1311/1280/548
f 1179/1311/579 1322/1310/579 1324/1469/579 1181/1343/579
f 1181/1343/472 1324/1469/472 1325/1470/472 1182/1345/472
f 1182/1345/471 1325/1470/471 1326/1471/471 1183/1347/471
f 1183/1347/541 1326/1471/541 1327/1472/541 1184/1349/541
f 1184/1349/469 1327/1472/469 1328/1473/469 1185/1351/469
f 1185/1351/468 1328/1473/468 1329/1474/468 1186/1353/468
f 1186/1353/467 1329/1474/467 1330/1475/467 1187/1355/467
f 1187/1355/466 1330/1475/466 1331/1476/466 1188/1357/466
f 1188/1357/465 1331/1476/465 1332/1477/465 1189/1359/465
f 1189/1359/464 1332/1477/464 1323/1277/464 1180/1000/464
f 1334/1293/333 1268/1292/333 1277/1425/333 1343/1478/333
f 1343/1478/332 1277/1425/332 1276/1427/332 1342/1479/332
f 1342/1479/331 1276/1427/331 1275/1429/331 1341/1480/331
f 1341/1480/580 1275/1429/580 1274/1431/580 1340/1481/580
f 1340/1481/329 1274/1431/329 1273/1433/329 1339/1482/329
f 1339/1482/581 1273/1433/581 1272/1435/581 1338/1483/581
f 1338/1483/327 1272/1435/327 1271/1437/327 1337/1484/327
f 1337/1484/326 1271/1437/326 1270/1439/326 1336/1485/326
f 1336/1485/582 1270/1439/582 1269/1441/582 1335/1486/582
f 1335/1486/324 1269/1441/324 1267/1118/324 1333/1138/324
f 1345/1303/233 1355/1302/233 1357/1487/233 1354/1488/233
f 1354/1488/232 1357/1487/232 1358/1489/232 1353/1490/232
f 1353/1490/231 1358/1489/231 1359/1491/231 1352/1492/231
f 1352/1492/230 1359/1491/230 1360/1493/230 1351/1494/230
f 1351/1494/229 1360/1493/229 1361/1495/229 1350/1496/229
f 1350/1496/228 1361/1495/228 1362/1497/228 1349/1498/228
f 1349/1498/227 1362/1497/227 1363/1499/227 1348/1500/227
f 1348/1500/226 1363/1499/226 1364/1501/226 1347/1502/226
f 1347/1502/225 1364/1501/225 1365/1503/225 1346/1504/225
f 1346/1504/224 1365/1503/224 1356/1217/224 1344/1238/224
f 1367/1304/223 1345/1303/223 1354/1488/223 1376/1505/223
f 1376/1505/222 1354/1488/222 1353/1490/222 1375/1506/222
f 1375/1506/221 1353/1490/221 1352/1492/221 1374/1507/221
f 1374/1507/583 1352/1492/583 1351/1494/583 1373/1508/583
f 1373/1508/219 1351/1494/219 1350/1496/219 1372/1509/219
f 1372/1509/218 1350/1496/218 1349/1498/218 1371/1510/218
f 1371/1510/217 1349/1498/217 1348/1500/217 1370/1511/217
f 1370/1511/216 1348/1500/216 1347/1502/216 1369/1512/216
f 1369/1512/584 1347/1502/584 1346/1504/584 1368/1513/584
f 1368/1513/214 1346/1504/214 1344/1238/214 1366/1237/214
f 1256/1296/585 1290/1295/585 1299/1443/585 1258/1406/585
f 1258/1406/302 1299/1443/302 1298/1445/302 1259/1408/302
f 1259/1408/525 1298/1445/525 1297/1447/525 1260/1410/525
f 1260/1410/586 1297/1447/586 1296/1449/586 1261/1412/586
f 1261/1412/299 1296/1449/299 1295/1451/299 1262/1414/299
f 1262/1414/298 1295/1451/298 1294/1453/298 1263/1416/298
f 1263/1416/297 1294/1453/297 1293/1455/297 1264/1418/297
f 1264/1418/296 1293/1455/296 1292/1457/296 1265/1420/296
f 1265/1420/587 1292/1457/587 1291/1459/587 1266/1422/587
f 1266/1422/294 1291/1459/294 1289/1158/294 1257/1157/294
f 1378/1288/383 1388/1287/383 1390/1514/383 1387/1515/383
f 1387/1515/382 1390/1514/382 1391/1516/382 1386/1517/382
f 1386/1517/521 1391/1516/521 1392/1518/521 1385/1519/521
f 1385/1519/588 1392/1518/588 1393/1520/588 1384/1521/588
f 1384/1521/379 1393/1520/379 1394/1522/379 1383/1523/379
f 1383/1523/589 1394/1522/589 1395/1524/589 1382/1525/589
f 1382/1525/377 1395/1524/377 1396/1526/377 1381/1527/377
f 1381/1527/376 1396/1526/376 1397/1528/376 1380/1529/376
f 1380/1529/590 1397/1528/590 1398/1530/590 1379/1531/590
f 1379/1531/374 1398/1530/374 1389/1080/374 1377/1079/374
f 1223/1298/591 1246/1297/591 1255/1407/591 1225/1379/591
f 1225/1379/282 1255/1407/282 1254/1409/282 1226/1381/282
f 1226/1381/281 1254/1409/281 1253/1411/281 1227/1383/281
f 1227/1383/592 1253/1411/592 1252/1413/592 1228/1385/592
f 1228/1385/279 1252/1413/279 1251/1415/279 1229/1387/279
f 1229/1387/278 1251/1415/278 1250/1417/278 1230/1389/278
f 1230/1389/277 1250/1417/277 1249/1419/277 1231/1391/277
f 1231/1391/593 1249/1419/593 1248/1421/593 1232/1393/593
f 1232/1393/594 1248/1421/594 1247/1423/594 1233/1395/594
f 1233/1395/274 1247/1423/274 1245/1278/274 1224/1177/274
f 1400/1290/522 1410/1289/522 1412/1532/522 1409/1533/522
f 1409/1533/362 1412/1532/362 1413/1534/362 1408/1535/362
f 1408/1535/361 1413/1534/361 1414/1536/361 1407/1537/361
f 1407/1537/595 1414/1536/595 1415/1538/595 1406/1539/595
f 1406/1539/359 1415/1538/359 1416/1540/359 1405/1541/359
f 1405/1541/596 1416/1540/596 1417/1542/596 1404/1543/596
f 1404/1543/357 1417/1542/357 1418/1544/357 1403/1545/357
f 1403/1545/356 1418/1544/356 1419/1546/356 1402/1547/356
f 1402/1547/355 1419/1546/355 1420/1548/355 1401/1549/355
f 1401/1549/354 1420/1548/354 1411/1315/354 1399/957/354
f 1422/1306/545 1432/1305/545 1434/1550/545 1431/1551/545
f 1431/1551/202 1434/1550/202 1435/1552/202 1430/1553/202
f 1430/1553/201 1435/1552/201 1436/1554/201 1429/1555/201
f 1429/1555/597 1436/1554/597 1437/1556/597 1428/1557/597
f 1428/1557/199 1437/1556/199 1438/1558/199 1427/1559/199
f 1427/1559/598 1438/1558/598 1439/1560/598 1426/1561/598
f 1426/1561/197 1439/1560/197 1440/1562/197 1425/1563/197
f 1425/1563/196 1440/1562/196 1441/1564/196 1424/1565/196
f 1424/1565/195 1441/1564/195 1442/1566/195 1423/1567/195
f 1423/1567/194 1442/1566/194 1433/954/194 1421/956/194
f 1432/1305/213 1367/1304/213 1376/1505/213 1434/1550/213
f 1434/1550/599 1376/1505/599 1375/1506/599 1435/1552/599
f 1435/1552/211 1375/1506/211 1374/1507/211 1436/1554/211
f 1436/1554/600 1374/1507/600 1373/1508/600 1437/1556/600
f 1437/1556/209 1373/1508/209 1372/1509/209 1438/1558/209
f 1438/1558/208 1372/1509/208 1371/1510/208 1439/1560/208
f 1439/1560/207 1371/1510/207 1370/1511/207 1440/1562/207
f 1440/1562/206 1370/1511/206 1369/1512/206 1441/1564/206
f 1441/1564/205 1369/1512/205 1368/1513/205 1442/1566/205
f 1442/1566/204 1368/1513/204 1366/1237/204 1433/954/204
f 1201/1284/423 1443/1283/423 1445/1568/423 1203/1361/423
f 1203/1361/517 1445/1568/517 1446/1569/517 1204/1363/517
f 1204/1363/421 1446/1569/421 1447/1570/421 1205/1365/421
f 1205/1365/601 1447/1570/601 1448/1571/601 1206/1367/601
f 1206/1367/419 1448/1571/419 1449/1572/419 1207/1369/419
f 1207/1369/418 1449/1572/418 1450/1573/418 1208/1371/418
f 1208/1371/417 1450/1573/417 1451/1574/417 1209/1373/417
f 1209/1373/416 1451/1574/416 1452/1575/416 1210/1375/416
f 1210/1375/602 1452/1575/602 1453/1576/602 1211/1377/602
f 1211/1377/519 1453/1576/519 1444/1282/519 1202/1279/519
f 1146/1307/534 1422/1306/534 1431/1551/534 1148/1316/534
f 1148/1316/512 1431/1551/512 1430/1553/512 1149/1318/512
f 1149/1318/511 1430/1553/511 1429/1555/511 1150/1320/511
f 1150/1320/603 1429/1555/603 1428/1557/603 1151/1322/603
f 1151/1322/509 1428/1557/509 1427/1559/509 1152/1324/509
f 1152/1324/604 1427/1559/604 1426/1561/604 1153/1326/604
f 1153/1326/507 1426/1561/507 1425/1563/507 1154/1328/507
f 1154/1328/506 1425/1563/506 1424/1565/506 1155/1330/506
f 1155/1330/505 1424/1565/505 1423/1567/505 1156/1332/505
f 1156/1332/504 1423/1567/504 1421/956/504 1147/960/504
f 1455/1314/605 1312/1313/605 1321/1460/605 1464/1577/605
f 1464/1577/606 1321/1460/606 1320/1461/606 1463/1578/606
f 1463/1578/441 1320/1461/441 1319/1462/441 1462/1579/441
f 1462/1579/607 1319/1462/607 1318/1463/607 1461/1580/607
f 1461/1580/439 1318/1463/439 1317/1464/439 1460/1581/439
f 1460/1581/438 1317/1464/438 1316/1465/438 1459/1582/438
f 1459/1582/608 1316/1465/608 1315/1466/608 1458/1583/608
f 1458/1583/436 1315/1466/436 1314/1467/436 1457/1584/436
f 1457/1584/609 1314/1467/609 1313/1468/609 1456/1585/609
f 1456/1585/610 1313/1468/610 1311/1280/610 1454/1019/610
f 1300/1294/323 1334/1293/323 1343/1478/323 1302/1442/323
f 1302/1442/322 1343/1478/322 1342/1479/322 1303/1444/322
f 1303/1444/321 1342/1479/321 1341/1480/321 1304/1446/321
f 1304/1446/320 1341/1480/320 1340/1481/320 1305/1448/320
f 1305/1448/319 1340/1481/319 1339/1482/319 1306/1450/319
f 1306/1450/318 1339/1482/318 1338/1483/318 1307/1452/318
f 1307/1452/317 1338/1483/317 1337/1484/317 1308/1454/317
f 1308/1454/316 1337/1484/316 1336/1485/316 1309/1456/316
f 1309/1456/315 1336/1485/315 1335/1486/315 1310/1458/315
f 1310/1458/314 1335/1486/314 1333/1138/314 1301/1137/314
f 1322/1310/483 1158/1309/483 1167/1334/483 1324/1469/483
f 1324/1469/482 1167/1334/482 1166/1335/482 1325/1470/482
f 1325/1470/481 1166/1335/481 1165/1336/481 1326/1471/481
f 1326/1471/480 1165/1336/480 1164/1337/480 1327/1472/480
f 1327/1472/479 1164/1337/479 1163/1338/479 1328/1473/479
f 1328/1473/611 1163/1338/611 1162/1339/611 1329/1474/611
f 1329/1474/477 1162/1339/477 1161/1340/477 1330/1475/477
f 1330/1475/476 1161/1340/476 1160/1341/476 1331/1476/476
f 1331/1476/612 1160/1341/612 1159/1342/612 1332/1477/612
f 1332/1477/474 1159/1342/474 1157/1275/474 1323/1277/474
f 1355/1302/613 1465/1301/613 1467/1586/613 1357/1487/613
f 1357/1487/242 1467/1586/242 1468/1587/242 1358/1489/242
f 1358/1489/241 1468/1587/241 1469/1588/241 1359/1491/241
f 1359/1491/614 1469/1588/614 1470/1589/614 1360/1493/614
f 1360/1493/239 1470/1589/239 1471/1590/239 1361/1495/239
f 1361/1495/238 1471/1590/238 1472/1591/238 1362/1497/238
f 1362/1497/237 1472/1591/237 1473/1592/237 1363/1499/237
f 1363/1499/236 1473/1592/236 1474/1593/236 1364/1501/236
f 1364/1501/615 1474/1593/615 1475/1594/615 1365/1503/615
f 1365/1503/528 1475/1594/528 1466/1218/528 1356/1217/528
f 1443/1283/616 1455/1314/616 1464/1577/616 1445/1568/616
f 1445/1568/617 1464/1577/617 1463/1578/617 1446/1569/617
f 1446/1569/431 1463/1578/431 1462/1579/431 1447/1570/431
f 1447/1570/618 1462/1579/618 1461/1580/618 1448/1571/618
f 1448/1571/429 1461/1580/429 1460/1581/429 1449/1572/429
f 1449/1572/428 1460/1581/428 1459/1582/428 1450/1573/428
f 1450/1573/619 1459/1582/619 1458/1583/619 1451/1574/619
f 1451/1574/426 1458/1583/426 1457/1584/426 1452/1575/426
f 1452/1575/620 1457/1584/620 1456/1585/620 1453/1576/620
f 1453/1576/621 1456/1585/621 1454/1019/621 1444/1282/621
f 1465/1301/622 1235/1300/622 1244/1397/622 1467/1586/622
f 1467/1586/252 1244/1397/252 1243/1398/252 1468/1587/252
f 1468/1587/251 1243/1398/251 1242/1399/251 1469/1588/251
f 1469/1588/623 1242/1399/623 1241/1400/623 1470/1589/623
f 1470/1589/249 1241/1400/249 1240/1401/249 1471/1590/249
f 1471/1590/248 1240/1401/248 1239/1402/248 1472/1591/248
f 1472/1591/247 1239/1402/247 1238/1403/247 1473/1592/247
f 1473/1592/246 1238/1403/246 1237/1404/246 1474/1593/246
f 1474/1593/624 1237/1404/624 1236/1405/624 1475/1594/624
f 1475/1594/244 1236/1405/244 1234/1197/244 1466/1218/244
f 1388/1287/393 1476/1286/393 1478/1595/393 1390/1514/393
f 1390/1514/392 1478/1595/392 1479/1596/392 1391/1516/392
f 1391/1516/391 1479/1596/391 1480/1597/391 1392/1518/391
f 1392/1518/539 1480/1597/539 1481/1598/539 1393/1520/539
f 1393/1520/389 1481/1598/389 1482/1599/389 1394/1522/389
f 1394/1522/625 1482/1599/625 1483/1600/625 1395/1524/625
f 1395/1524/387 1483/1600/387 1484/1601/387 1396/1526/387
f 1396/1526/386 1484/1601/386 1485/1602/386 1397/1528/386
f 1397/1528/385 1485/1602/385 1486/1603/385 1398/1530/385
f 1398/1530/384 1486/1603/384 1477/1059/384 1389/1080/384
f 1278/1291/549 1400/1290/549 1409/1533/549 1280/1424/549
f 1280/1424/352 1409/1533/352 1408/1535/352 1281/1426/352
f 1281/1426/351 1408/1535/351 1407/1537/351 1282/1428/351
f 1282/1428/626 1407/1537/626 1406/1539/626 1283/1430/626
f 1283/1430/349 1406/1539/349 1405/1541/349 1284/1432/349
f 1284/1432/627 1405/1541/627 1404/1543/627 1285/1434/627
f 1285/1434/347 1404/1543/347 1403/1545/347 1286/1436/347
f 1286/1436/346 1403/1545/346 1402/1547/346 1287/1438/346
f 1287/1438/345 1402/1547/345 1401/1549/345 1288/1440/345
f 1288/1440/344 1401/1549/344 1399/957/344 1279/1281/344
f 1476/1286/628 1191/1285/628 1200/1362/628 1478/1595/628
f 1478/1595/402 1200/1362/402 1199/1364/402 1479/1596/402
f 1479/1596/401 1199/1364/401 1198/1366/401 1480/1597/401
f 1480/1597/629 1198/1366/629 1197/1368/629 1481/1598/629
f 1481/1598/399 1197/1368/399 1196/1370/399 1482/1599/399
f 1482/1599/398 1196/1370/398 1195/1372/398 1483/1600/398
f 1483/1600/397 1195/1372/397 1194/1374/397 1484/1601/397
f 1484/1601/396 1194/1374/396 1193/1376/396 1485/1602/396
f 1485/1602/395 1193/1376/395 1192/1378/395 1486/1603/395
f 1486/1603/394 1192/1378/394 1190/1060/394 1477/1059/394
f 1410/1289/373 1378/1288/373 1387/1515/373 1412/1532/373
f 1412/1532/630 1387/1515/630 1386/1517/630 1413/1534/630
f 1413/1534/371 1386/1517/371 1385/1519/371 1414/1536/371
f 1414/1536/631 1385/1519/631 1384/1521/631 1415/1538/631
f 1415/1538/369 1384/1521/369 1383/1523/369 1416/1540/369
f 1416/1540/368 1383/1523/368 1382/1525/368 1417/1542/368
f 1417/1542/367 1382/1525/367 1381/1527/367 1418/1544/367
f 1418/1544/366 1381/1527/366 1380/1529/366 1419/1546/366
f 1419/1546/365 1380/1529/365 1379/1531/365 1420/1548/365
f 1420/1548/364 1379/1531/364 1377/1079/364 1411/1315/364
f 429/960/192 430/959/192 1135/1276/192 1147/960/192
f 1517/1604/11 1518/1605/11 1487/1606/11 1488/1605/11 1489/1604/11 1490/1607/11 1491/1608/11 1492/1609/11 1493/1610/11 1494/1611/11 1495/1612/11 1496/1613/11 1497/1614/11 1498/1615/11 1499/1616/11 1500/1617/11 1501/1618/11 1502/1619/11 1503/1620/11 1504/1619/11 1505/1618/11 1506/1617/11 1507/1616/11 1508/1615/11 1509/1614/11 1510/1613/11 1511/1612/11 1512/1611/11 1513/1610/11 1514/1609/11 1515/1608/11 1516/1607/11
o XO3
v -0.119066 1.459010 2.081707
v -0.159329 1.365815 1.748172
v -0.001410 1.457232 2.081707
v 0.036019 1.362863 1.748172
v 0.083043 1.539170 2.081707
v 0.176238 1.498907 1.748172
v 0.084821 1.656827 2.081707
v 0.179190 1.694255 1.748172
v 0.002882 1.741280 2.081707
v 0.043145 1.834475 1.748172
v -0.114774 1.743057 2.081707
v -0.152203 1.837427 1.748172
v -0.199227 1.661119 2.081707
v -0.292422 1.701382 1.748172
v -0.201005 1.543463 2.081707
v -0.295374 1.506034 1.748172
v -0.159329 1.365815 1.994413
v 0.036019 1.362863 1.994413
v 0.176238 1.498907 1.994413
v 0.179190 1.694255 1.994413
v 0.043145 1.834475 1.994413
v -0.152203 1.837427 1.994413
v -0.292422 1.701382 1.994413
v -0.295374 1.506034 1.994413
v -0.133905 1.424663 2.081707
v 0.012384 1.422452 2.081707
v 0.117390 1.524332 2.081707
v 0.119600 1.670621 2.081707
v 0.017721 1.775626 2.081707
v -0.128568 1.777837 2.081707
v -0.233574 1.675958 2.081707
v -0.235784 1.529668 2.081707
v -0.119066 1.459010 2.184091
v -0.001410 1.457232 2.184091
v 0.083043 1.539170 2.184091
v 0.084821 1.656827 2.184091
v 0.002882 1.741280 2.184091
v -0.114774 1.743057 2.184091
v -0.199227 1.661119 2.184091
v -0.201005 1.543463 2.184091
v -0.114678 1.469167 2.405338
v -0.119066 1.459010 2.193341
v -0.001410 1.457232 2.193341
v -0.005489 1.467517 2.405338
v 0.083043 1.539170 2.193341
v 0.072885 1.543559 2.405338
v 0.084821 1.656827 2.193341
v 0.074535 1.652747 2.405338
v 0.002882 1.741280 2.193341
v -0.001506 1.731122 2.405338
v -0.114774 1.743057 2.193341
v -0.110695 1.732772 2.405338
v -0.199227 1.661119 2.193341
v -0.189070 1.656731 2.405338
v -0.201005 1.543463 2.193341
v -0.190719 1.547542 2.405338
v -0.185345 1.656731 2.707044
v -0.106970 1.732772 2.707044
v -0.001765 1.467517 2.707044
v -0.110953 1.469167 2.707044
v -0.186995 1.547542 2.707044
v 0.002218 1.731122 2.707044
v 0.078260 1.652747 2.707044
v 0.076610 1.543559 2.707044
v -0.296554 1.656731 2.842321
v -0.199706 1.732772 2.842321
v -0.069703 1.467517 2.842321
v -0.204628 1.469167 2.842321
v -0.298592 1.547542 2.842321
v -0.064781 1.731122 2.842321
v 0.029184 1.652747 2.842321
v 0.027145 1.543559 2.842321
v -0.293567 1.656731 3.304926
v -0.196719 1.732772 3.304926
v -0.066717 1.467517 3.304926
v -0.201642 1.469167 3.304926
v -0.295606 1.547542 3.304926
v -0.061795 1.731122 3.304926
v 0.032170 1.652747 3.304926
v 0.030131 1.543559 3.304926
v -0.154315 1.468552 2.842321
v -0.154315 1.468588 3.304926
v -0.154295 1.732253 3.304926
v -0.293567 1.656731 3.514980
v -0.196720 1.732772 3.514980
v -0.154315 1.468589 3.514980
v -0.201642 1.469167 3.514980
v -0.295606 1.547542 3.514980
v -0.154295 1.732253 3.514980
v -0.216811 1.481820 3.514980
v -0.214903 1.640152 3.514980
v -0.216811 1.481820 3.939868
v -0.214903 1.640152 3.939868
v -0.295606 1.547542 3.727425
v -0.293568 1.656731 3.727425
v -0.214903 1.640152 3.727425
v -0.216811 1.481820 3.727425
v -0.293568 1.656731 3.572273
v -0.196720 1.732772 3.572273
v -0.154315 1.468589 3.572273
v -0.201642 1.469167 3.572273
v -0.154295 1.732253 3.572273
v -0.216811 1.481820 3.572273
v -0.214903 1.640152 3.572273
v -0.147404 1.639338 3.939868
v -0.149312 1.481006 3.939868
v -0.149312 1.481006 3.727425
v -0.147404 1.639338 3.727425
v -0.183061 1.481413 3.727425
v -0.183061 1.481413 3.939868
v -0.181153 1.639745 3.727425
v -0.181153 1.639745 3.939868
v -0.147404 1.639338 4.040273
v -0.149312 1.481006 4.040273
v -0.147404 1.639338 3.990071
v -0.149312 1.481006 3.990071
v -0.183061 1.481413 3.990071
v -0.181153 1.639745 3.990071
v -0.149312 1.481006 3.964970
v -0.183061 1.481413 3.964970
v -0.147404 1.639338 3.964970
v -0.181153 1.639745 3.964970
v -0.295606 1.547542 3.832686
v -0.216811 1.481820 3.832686
v -0.293568 1.656731 3.832686
v -0.214903 1.640152 3.832686
v -0.149312 1.481006 3.832686
v -0.147404 1.639338 3.832686
v -0.181153 1.639745 3.832686
v -0.183061 1.481413 3.832686
v -0.295606 1.547542 3.886277
v -0.216811 1.481820 3.886277
v -0.149312 1.481006 3.886277
v -0.183061 1.481413 3.886277
v -0.293568 1.656731 3.886277
v -0.214903 1.640152 3.886277
v -0.147404 1.639338 3.886277
v -0.181153 1.639745 3.886277
v -0.295606 1.547542 3.913073
v -0.216811 1.481820 3.913073
v -0.149312 1.481006 3.913073
v -0.183061 1.481413 3.913073
v -0.293568 1.656731 3.913073
v -0.214903 1.640152 3.913073
v -0.147404 1.639338 3.913073
v -0.181153 1.639745 3.913073
v -0.293568 1.656731 3.859481
v -0.214903 1.640152 3.859481
v -0.147404 1.639338 3.859481
v -0.181153 1.639745 3.859481
v -0.295606 1.547542 3.859481
v -0.216811 1.481820 3.859481
v -0.149312 1.481006 3.859481
v -0.183061 1.481413 3.859481
v -0.000899 1.637573 3.990071
v -0.000899 1.637573 3.964970
v -0.002807 1.479241 3.990071
v -0.002807 1.479241 3.964970
v 0.008882 1.637455 3.913073
v -0.307691 1.656994 3.727425
v -0.307691 1.656994 3.832686
v 0.006974 1.479123 3.913073
v 0.007213 1.479120 3.912477
v 0.009121 1.637452 3.912477
v -0.069261 1.638397 3.886277
v -0.071169 1.480064 3.886277
v -0.069261 1.638397 3.913073
v -0.071169 1.480064 3.913073
v -0.074151 1.638456 3.990071
v -0.074151 1.638456 3.964970
v -0.074151 1.638456 4.040273
v -0.076059 1.480123 4.040273
v -0.076059 1.480123 3.964970
v -0.076059 1.480123 3.990071
v -0.069261 1.638397 3.964937
v -0.071169 1.480064 3.964937
v -0.000046 1.637563 3.964937
v 0.008882 1.637455 3.960630
v 0.001350 1.637546 3.964883
v 0.002713 1.637529 3.964725
v 0.004007 1.637514 3.964467
v 0.005201 1.637499 3.964114
v 0.006267 1.637486 3.963675
v 0.007177 1.637475 3.963161
v 0.007909 1.637467 3.962585
v 0.008445 1.637460 3.961961
v 0.008772 1.637456 3.961304
v 0.006974 1.479123 3.960630
v -0.001954 1.479230 3.964937
v 0.006864 1.479124 3.961304
v 0.006537 1.479128 3.961961
v 0.006001 1.479135 3.962585
v 0.005269 1.479143 3.963161
v 0.004359 1.479154 3.963675
v 0.003293 1.479167 3.964114
v 0.002099 1.479182 3.964467
v 0.000805 1.479197 3.964725
v -0.000558 1.479214 3.964883
v -0.012856 1.637717 4.040273
v -0.000899 1.637573 4.034506
v -0.010985 1.637694 4.040202
v -0.009161 1.637672 4.039991
v -0.007428 1.637651 4.039645
v -0.005828 1.637632 4.039172
v -0.004401 1.637615 4.038584
v -0.003183 1.637600 4.037896
v -0.002202 1.637589 4.037125
v -0.001484 1.637580 4.036288
v -0.001046 1.637575 4.035408
v -0.002807 1.479241 4.034506
v -0.014764 1.479385 4.040273
v -0.002954 1.479242 4.035408
v -0.003392 1.479248 4.036288
v -0.004110 1.479256 4.037125
v -0.005091 1.479268 4.037896
v -0.006309 1.479283 4.038584
v -0.007736 1.479300 4.039172
v -0.009335 1.479319 4.039645
v -0.011069 1.479340 4.039991
v -0.012893 1.479362 4.040202
v -0.181153 1.639745 4.036106
v -0.172515 1.639641 4.040273
v -0.181047 1.639744 4.036758
v -0.180730 1.639740 4.037394
v -0.180212 1.639734 4.037998
v -0.179503 1.639725 4.038556
v -0.178623 1.639714 4.039052
v -0.177592 1.639702 4.039477
v -0.176436 1.639688 4.039819
v -0.175184 1.639673 4.040070
v -0.173866 1.639657 4.040222
v -0.174423 1.481309 4.040273
v -0.183061 1.481413 4.036106
v -0.175774 1.481325 4.040222
v -0.177092 1.481341 4.040070
v -0.178344 1.481356 4.039819
v -0.179500 1.481370 4.039477
v -0.180531 1.481382 4.039052
v -0.181411 1.481393 4.038556
v -0.182120 1.481401 4.037998
v -0.182638 1.481408 4.037394
v -0.182955 1.481411 4.036758
v -0.007879 1.479302 3.883156
v 0.007213 1.479120 3.893387
v -0.005518 1.479273 3.883646
v -0.003215 1.479246 3.884313
v -0.001027 1.479219 3.885142
v 0.000992 1.479195 3.886112
v 0.002793 1.479173 3.887198
v 0.004331 1.479155 3.888375
v 0.005568 1.479140 3.889614
v 0.006474 1.479129 3.890882
v 0.007027 1.479122 3.892151
v 0.009121 1.637452 3.893387
v -0.005971 1.637634 3.883156
v 0.008935 1.637454 3.892151
v 0.008382 1.637461 3.890882
v 0.007476 1.637472 3.889614
v 0.006239 1.637487 3.888375
v 0.004701 1.637505 3.887198
v 0.002900 1.637527 3.886112
v 0.000881 1.637551 3.885142
v -0.001307 1.637578 3.884313
v -0.003610 1.637605 3.883646
v 0.008882 1.637455 3.892703
v -0.004439 1.637615 3.886277
v 0.008718 1.637457 3.891697
v 0.008230 1.637463 3.890717
v 0.007430 1.637472 3.889785
v 0.006338 1.637486 3.888926
v 0.004980 1.637502 3.888159
v 0.003391 1.637521 3.887504
v 0.001609 1.637543 3.886977
v -0.000322 1.637566 3.886591
v -0.002355 1.637590 3.886356
v -0.006347 1.479283 3.886277
v 0.006974 1.479123 3.892703
v -0.004263 1.479258 3.886356
v -0.002230 1.479234 3.886591
v -0.000299 1.479210 3.886977
v 0.001483 1.479189 3.887504
v 0.003072 1.479170 3.888159
v 0.004430 1.479153 3.888926
v 0.005522 1.479140 3.889785
v 0.006322 1.479131 3.890717
v 0.006810 1.479125 3.891697
v -0.309730 1.547806 3.727425
v -0.309730 1.547806 3.832686
v -0.312398 1.657082 3.514980
v -0.314437 1.547894 3.514980
v -0.312398 1.657082 3.727425
v -0.314437 1.547894 3.727425
v -0.313777 1.657108 3.304926
v -0.315816 1.547919 3.304926
v -0.313777 1.657108 3.514980
v -0.315816 1.547920 3.514980
v -0.317478 1.657121 2.842456
v -0.319517 1.547933 2.842456
v -0.314492 1.657121 3.305061
v -0.316531 1.547933 3.305061
v -0.294202 1.656743 3.913073
v -0.294202 1.656743 3.886277
v -0.296241 1.547554 3.886277
v -0.296241 1.547554 3.913073
v -0.322896 1.635501 2.842488
v -0.317478 1.657121 2.842456
v -0.322770 1.638897 2.842488
v -0.322525 1.642206 2.842486
v -0.322165 1.645349 2.842484
v -0.321700 1.648246 2.842482
v -0.321141 1.650828 2.842479
v -0.320502 1.653029 2.842475
v -0.319798 1.654797 2.842470
v -0.319047 1.656088 2.842466
v -0.318267 1.656869 2.842461
v -0.319517 1.547933 2.842456
v -0.324124 1.569740 2.842488
v -0.320296 1.548215 2.842461
v -0.321046 1.549024 2.842466
v -0.321748 1.550342 2.842470
v -0.322386 1.552135 2.842475
v -0.322942 1.554359 2.842479
v -0.323405 1.556959 2.842482
v -0.323761 1.559872 2.842484
v -0.324004 1.563026 2.842486
v -0.324125 1.566342 2.842488
v -0.314492 1.657121 3.305061
v -0.319909 1.635501 3.305093
v -0.315281 1.656869 3.305066
v -0.316060 1.656087 3.305071
v -0.316811 1.654797 3.305075
v -0.317515 1.653029 3.305080
v -0.318155 1.650828 3.305084
v -0.318714 1.648246 3.305087
v -0.319179 1.645349 3.305089
v -0.319539 1.642206 3.305091
v -0.319784 1.638896 3.305093
v -0.321137 1.569740 3.305093
v -0.316531 1.547933 3.305061
v -0.321139 1.566342 3.305093
v -0.321017 1.563026 3.305091
v -0.320775 1.559872 3.305089
v -0.320418 1.556959 3.305087
v -0.319956 1.554359 3.305084
v -0.319399 1.552135 3.305080
v -0.318762 1.550342 3.305075
v -0.318060 1.549024 3.305071
v -0.317310 1.548215 3.305066
v -0.318946 1.635483 3.304926
v -0.313777 1.657108 3.304926
v -0.318824 1.638879 3.304926
v -0.318587 1.642189 3.304926
v -0.318242 1.645331 3.304926
v -0.317798 1.648229 3.304926
v -0.317264 1.650811 3.304926
v -0.316654 1.653013 3.304926
v -0.315983 1.654782 3.304926
v -0.315269 1.656073 3.304926
v -0.314527 1.656855 3.304926
v -0.315816 1.547919 3.304926
v -0.320174 1.569722 3.304926
v -0.316556 1.548201 3.304926
v -0.317268 1.549010 3.304926
v -0.317934 1.550326 3.304926
v -0.318538 1.552119 3.304926
v -0.319065 1.554342 3.304926
v -0.319502 1.556942 3.304926
v -0.319838 1.559855 3.304926
v -0.320066 1.563008 3.304926
v -0.320178 1.566324 3.304926
v -0.313777 1.657108 3.514980
v -0.314527 1.656855 3.514980
v -0.315269 1.656073 3.514980
v -0.315984 1.654782 3.514980
v -0.316654 1.653013 3.514980
v -0.317264 1.650811 3.514980
v -0.317798 1.648229 3.514980
v -0.318243 1.645331 3.514980
v -0.318587 1.642189 3.514980
v -0.318824 1.638879 3.514980
v -0.315816 1.547920 3.514980
v -0.320179 1.566325 3.514980
v -0.320066 1.563008 3.514980
v -0.319839 1.559855 3.514980
v -0.319502 1.556942 3.514980
v -0.319065 1.554342 3.514980
v -0.318538 1.552119 3.514980
v -0.317934 1.550327 3.514980
v -0.317268 1.549010 3.514980
v -0.316556 1.548201 3.514980
v -0.317553 1.635457 3.514980
v -0.312398 1.657082 3.514980
v -0.317431 1.638853 3.514980
v -0.317195 1.642163 3.514980
v -0.316851 1.645305 3.514980
v -0.316407 1.648203 3.514980
v -0.315875 1.650785 3.514980
v -0.315267 1.652987 3.514980
v -0.314598 1.654756 3.514980
v -0.313885 1.656047 3.514980
v -0.313146 1.656829 3.514980
v -0.314437 1.547894 3.514980
v -0.318781 1.569696 3.514980
v -0.315175 1.548175 3.514980
v -0.315884 1.548984 3.514980
v -0.316549 1.550301 3.514980
v -0.317151 1.552093 3.514980
v -0.317676 1.554316 3.514980
v -0.318112 1.556916 3.514980
v -0.318447 1.559829 3.514980
v -0.318673 1.562982 3.514980
v -0.318786 1.566298 3.514980
v -0.312398 1.657082 3.727425
v -0.313146 1.656829 3.727425
v -0.313885 1.656047 3.727425
v -0.314598 1.654756 3.727425
v -0.315267 1.652987 3.727425
v -0.315875 1.650785 3.727425
v -0.316407 1.648203 3.727425
v -0.316851 1.645305 3.727425
v -0.317195 1.642163 3.727425
v -0.317431 1.638853 3.727425
v -0.314437 1.547894 3.727425
v -0.318786 1.566298 3.727425
v -0.318673 1.562982 3.727425
v -0.318447 1.559829 3.727425
v -0.318112 1.556916 3.727425
v -0.317676 1.554316 3.727425
v -0.317151 1.552093 3.727425
v -0.316549 1.550301 3.727425
v -0.315884 1.548984 3.727425
v -0.315175 1.548175 3.727425
v -0.309730 1.547806 3.832686
v -0.314672 1.566222 3.832686
v -0.314538 1.562905 3.832686
v -0.314275 1.559751 3.832686
v -0.313891 1.556837 3.832686
v -0.313394 1.554236 3.832686
v -0.312797 1.552011 3.832686
v -0.312115 1.550218 3.832686
v -0.311363 1.548899 3.832686
v -0.310562 1.548089 3.832686
v -0.307691 1.656994 3.832686
v -0.308533 1.656743 3.832686
v -0.309364 1.655962 3.832686
v -0.310164 1.654673 3.832686
v -0.310913 1.652906 3.832686
v -0.311593 1.650705 3.832686
v -0.312186 1.648124 3.832686
v -0.312679 1.645227 3.832686
v -0.313059 1.642085 3.832686
v -0.313317 1.638776 3.832686
v -0.309730 1.547806 3.727425
v -0.314674 1.569620 3.727425
v -0.310562 1.548089 3.727425
v -0.311363 1.548899 3.727425
v -0.312115 1.550218 3.727425
v -0.312797 1.552011 3.727425
v -0.313394 1.554236 3.727425
v -0.313891 1.556837 3.727425
v -0.314275 1.559751 3.727425
v -0.314538 1.562905 3.727425
v -0.314672 1.566222 3.727425
v -0.313446 1.635380 3.727425
v -0.307691 1.656994 3.727425
v -0.313317 1.638776 3.727425
v -0.313059 1.642085 3.727425
v -0.312679 1.645227 3.727425
v -0.312186 1.648124 3.727425
v -0.311593 1.650705 3.727425
v -0.310913 1.652906 3.727425
v -0.310164 1.654673 3.727425
v -0.309364 1.655963 3.727425
v -0.308533 1.656743 3.727425
v -0.293568 1.656731 3.859481
v -0.295630 1.656502 3.859481
v -0.297651 1.655744 3.859481
v -0.299581 1.654475 3.859481
v -0.301374 1.652728 3.859481
v -0.302984 1.650544 3.859481
v -0.304373 1.647978 3.859481
v -0.305505 1.645093 3.859481
v -0.306353 1.641960 3.859481
v -0.306897 1.638656 3.859481
v -0.307122 1.635262 3.832686
v -0.293568 1.656731 3.832686
v -0.306897 1.638656 3.832686
v -0.306353 1.641960 3.832686
v -0.305505 1.645093 3.832686
v -0.304373 1.647978 3.832686
v -0.302984 1.650544 3.832686
v -0.301374 1.652728 3.832686
v -0.299581 1.654475 3.832686
v -0.297651 1.655744 3.832686
v -0.295630 1.656502 3.832686
v -0.295606 1.547542 3.832686
v -0.308350 1.569502 3.832686
v -0.297658 1.547848 3.832686
v -0.299650 1.548681 3.832686
v -0.301532 1.550020 3.832686
v -0.303258 1.551833 3.832686
v -0.304786 1.554076 3.832686
v -0.306077 1.556692 3.832686
v -0.307101 1.559617 3.832686
v -0.307832 1.562780 3.832686
v -0.308252 1.566102 3.832686
v -0.295606 1.547542 3.859481
v -0.308252 1.566102 3.859481
v -0.307832 1.562780 3.859481
v -0.307101 1.559617 3.859481
v -0.306077 1.556692 3.859481
v -0.304786 1.554076 3.859481
v -0.303258 1.551833 3.859481
v -0.301532 1.550020 3.859481
v -0.299650 1.548681 3.859481
v -0.297658 1.547848 3.859481
v -0.295606 1.547542 3.859481
v -0.301717 1.569378 3.859481
v -0.296621 1.547828 3.859481
v -0.297600 1.548642 3.859481
v -0.298520 1.549964 3.859481
v -0.299359 1.551761 3.859481
v -0.300095 1.553988 3.859481
v -0.300711 1.556591 3.859481
v -0.301191 1.559507 3.859481
v -0.301524 1.562662 3.859481
v -0.301700 1.565979 3.859481
v -0.295606 1.547542 3.886277
v -0.301700 1.565979 3.886277
v -0.301524 1.562662 3.886277
v -0.301191 1.559507 3.886277
v -0.300711 1.556591 3.886277
v -0.300095 1.553988 3.886277
v -0.299359 1.551761 3.886277
v -0.298520 1.549964 3.886277
v -0.297600 1.548642 3.886277
v -0.296621 1.547828 3.886277
v -0.293568 1.656731 3.886277
v -0.294592 1.656482 3.886277
v -0.295601 1.655705 3.886277
v -0.296570 1.654419 3.886277
v -0.297475 1.652655 3.886277
v -0.298294 1.650457 3.886277
v -0.299006 1.647878 3.886277
v -0.299595 1.644983 3.886277
v -0.300045 1.641842 3.886277
v -0.300346 1.638534 3.886277
v -0.300489 1.635138 3.859481
v -0.293568 1.656731 3.859481
v -0.300346 1.638534 3.859481
v -0.300045 1.641842 3.859481
v -0.299595 1.644983 3.859481
v -0.299006 1.647878 3.859481
v -0.298294 1.650457 3.859481
v -0.297475 1.652655 3.859481
v -0.296570 1.654419 3.859481
v -0.295601 1.655705 3.859481
v -0.294592 1.656482 3.859481
v -0.290065 1.542920 3.939868
v -0.295606 1.547542 3.937155
v -0.290932 1.543643 3.939836
v -0.291777 1.544348 3.939736
v -0.292580 1.545018 3.939573
v -0.293322 1.545637 3.939351
v -0.293983 1.546188 3.939074
v -0.294548 1.546659 3.938750
v -0.295002 1.547038 3.938387
v -0.295335 1.547316 3.937994
v -0.295538 1.547485 3.937579
v -0.293568 1.656731 3.937155
v -0.287962 1.655549 3.939868
v -0.293498 1.656716 3.937579
v -0.293293 1.656673 3.937994
v -0.292956 1.656602 3.938387
v -0.292497 1.656505 3.938750
v -0.291926 1.656385 3.939074
v -0.291257 1.656244 3.939351
v -0.290507 1.656085 3.939573
v -0.289694 1.655914 3.939736
v -0.288839 1.655734 3.939836
v -0.318946 1.635483 3.512266
v -0.313320 1.635373 3.514980
v -0.318877 1.635482 3.512691
v -0.318671 1.635478 3.513105
v -0.318333 1.635471 3.513498
v -0.317871 1.635462 3.513861
v -0.317298 1.635451 3.514185
v -0.316627 1.635438 3.514462
v -0.315874 1.635423 3.514684
v -0.315058 1.635407 3.514847
v -0.314200 1.635390 3.514947
v -0.314547 1.569622 3.514980
v -0.320174 1.569722 3.512266
v -0.315428 1.569638 3.514947
v -0.316286 1.569653 3.514847
v -0.317102 1.569668 3.514684
v -0.317855 1.569681 3.514462
v -0.318526 1.569693 3.514185
v -0.319099 1.569703 3.513861
v -0.319561 1.569711 3.513498
v -0.319898 1.569718 3.513105
v -0.320105 1.569721 3.512691
v -0.317553 1.635457 3.724710
v -0.311927 1.635347 3.727425
v -0.317483 1.635456 3.725135
v -0.317277 1.635452 3.725549
v -0.316940 1.635445 3.725943
v -0.316478 1.635436 3.726306
v -0.315905 1.635425 3.726629
v -0.315234 1.635412 3.726906
v -0.314481 1.635397 3.727129
v -0.313665 1.635381 3.727292
v -0.312807 1.635364 3.727391
v -0.313154 1.569596 3.727425
v -0.318781 1.569696 3.724710
v -0.314034 1.569612 3.727391
v -0.314893 1.569627 3.727292
v -0.315709 1.569642 3.727129
v -0.316461 1.569655 3.726906
v -0.317133 1.569667 3.726629
v -0.317706 1.569677 3.726306
v -0.318167 1.569685 3.725943
v -0.318505 1.569692 3.725549
v -0.318711 1.569695 3.725135
v -0.309048 1.569520 3.832686
v -0.314674 1.569620 3.829972
v -0.309928 1.569536 3.832653
v -0.310786 1.569551 3.832553
v -0.311602 1.569565 3.832390
v -0.312355 1.569579 3.832168
v -0.313026 1.569591 3.831891
v -0.313600 1.569601 3.831567
v -0.314061 1.569609 3.831204
v -0.314399 1.569615 3.830811
v -0.314605 1.569618 3.830396
v -0.313446 1.635380 3.829972
v -0.307820 1.635270 3.832686
v -0.313377 1.635379 3.830396
v -0.313171 1.635375 3.830811
v -0.312833 1.635368 3.831204
v -0.312372 1.635359 3.831567
v -0.311798 1.635348 3.831891
v -0.311127 1.635335 3.832168
v -0.310374 1.635320 3.832390
v -0.309559 1.635304 3.832553
v -0.308700 1.635287 3.832653
v -0.307122 1.635262 3.856767
v -0.306897 1.638656 3.859481
v -0.307120 1.635304 3.857192
v -0.307111 1.635428 3.857605
v -0.307098 1.635632 3.857999
v -0.307079 1.635910 3.858362
v -0.307056 1.636256 3.858686
v -0.307029 1.636661 3.858963
v -0.306999 1.637115 3.859185
v -0.306967 1.637607 3.859348
v -0.306932 1.638125 3.859447
v -0.308252 1.566102 3.859481
v -0.308350 1.569502 3.856767
v -0.308267 1.566633 3.859447
v -0.308282 1.567152 3.859348
v -0.308296 1.567645 3.859185
v -0.308310 1.568100 3.858963
v -0.308321 1.568506 3.858686
v -0.308331 1.568852 3.858362
v -0.308340 1.569131 3.857999
v -0.308345 1.569335 3.857605
v -0.308349 1.569460 3.857192
v -0.296091 1.569279 3.886277
v -0.301717 1.569378 3.883564
v -0.296971 1.569295 3.886244
v -0.297829 1.569310 3.886145
v -0.298645 1.569324 3.885982
v -0.299398 1.569337 3.885759
v -0.300069 1.569349 3.885482
v -0.300643 1.569359 3.885159
v -0.301104 1.569367 3.884796
v -0.301442 1.569373 3.884402
v -0.301648 1.569377 3.883988
v -0.300489 1.635138 3.883564
v -0.294863 1.635027 3.886277
v -0.300420 1.635137 3.883988
v -0.300214 1.635133 3.884402
v -0.299876 1.635126 3.884796
v -0.299415 1.635117 3.885159
v -0.298841 1.635106 3.885482
v -0.298170 1.635092 3.885759
v -0.297417 1.635077 3.885982
v -0.296602 1.635061 3.886145
v -0.295743 1.635044 3.886244
v -0.358790 0.881908 1.377138
v -0.358790 1.226861 1.377138
v 0.282446 0.881908 1.377138
v 0.282446 1.226861 1.377138
v -0.358790 0.881908 1.709985
v -0.358790 0.882467 1.726176
v -0.358790 0.884130 1.742871
v -0.358790 0.886856 1.759658
v -0.358790 0.890577 1.776125
v -0.358790 0.895203 1.791865
v -0.358790 0.900620 1.806490
v -0.358790 0.906693 1.819642
v -0.358790 0.913273 1.830995
v -0.358790 0.920200 1.840271
v 0.282446 0.881908 1.709985
v 0.282446 0.920199 1.840271
v 0.282446 0.913273 1.830995
v 0.282446 0.906693 1.819642
v 0.282446 0.900620 1.806490
v 0.282446 0.895203 1.791864
v 0.282446 0.890577 1.776125
v 0.282446 0.886856 1.759658
v 0.282446 0.884130 1.742871
v 0.282446 0.882467 1.726176
v -0.038172 0.881908 1.709985
v -0.038172 1.226861 2.089016
v -0.038172 1.226861 1.377138
v -0.038172 0.881908 1.377138
v -0.358790 1.296755 1.377138
v -0.280271 1.338995 1.377138
v -0.357823 1.303363 1.377138
v -0.354947 1.309808 1.377138
v -0.350232 1.315932 1.377138
v -0.343794 1.321583 1.377138
v -0.335792 1.326623 1.377138
v -0.326423 1.330928 1.377138
v -0.315918 1.334391 1.377138
v -0.304535 1.336927 1.377138
v -0.292554 1.338475 1.377138
v -0.280271 1.338995 2.089016
v -0.358790 1.296755 2.089016
v -0.292554 1.338475 2.089016
v -0.304535 1.336927 2.089016
v -0.315918 1.334391 2.089016
v -0.326423 1.330928 2.089016
v -0.335792 1.326623 2.089016
v -0.343794 1.321583 2.089016
v -0.350232 1.315932 2.089016
v -0.354947 1.309808 2.089016
v -0.357823 1.303363 2.089016
v 0.203927 1.338995 1.377138
v 0.282446 1.296755 1.377138
v 0.216210 1.338475 1.377138
v 0.228191 1.336927 1.377138
v 0.239574 1.334391 1.377138
v 0.250080 1.330928 1.377138
v 0.259449 1.326623 1.377138
v 0.267451 1.321583 1.377138
v 0.273888 1.315932 1.377138
v 0.278603 1.309808 1.377138
v 0.281480 1.303363 1.377138
v 0.282446 1.296756 2.089016
v 0.203927 1.338995 2.089016
v 0.281480 1.303363 2.089016
v 0.278603 1.309808 2.089016
v 0.273888 1.315932 2.089016
v 0.267451 1.321583 2.089016
v 0.259449 1.326623 2.089016
v 0.250080 1.330928 2.089016
v 0.239574 1.334391 2.089016
v 0.228191 1.336927 2.089016
v 0.216210 1.338475 2.089016
v -0.038172 0.882467 1.726176
v -0.038172 0.884130 1.742871
v -0.038172 0.886856 1.759658
v -0.038172 0.890577 1.776125
v -0.038172 0.895203 1.791865
v -0.038172 0.900620 1.806490
v -0.038172 0.906693 1.819642
v -0.038172 0.913273 1.830995
v -0.038172 0.920199 1.840271
v -0.038172 0.927300 1.847241
v -0.198481 0.882467 1.726176
v -0.198481 0.884130 1.742871
v -0.198481 0.886856 1.759658
v -0.198481 0.890577 1.776125
v -0.198481 0.895203 1.791864
v -0.198481 0.900620 1.806490
v -0.198481 0.906693 1.819642
v -0.198481 0.913273 1.830995
v -0.198481 0.920200 1.840271
v -0.198481 0.927300 1.847241
v -0.198481 1.226861 2.089016
v -0.198481 1.226861 1.377138
v -0.198481 0.881908 1.377138
v -0.198481 0.881908 1.709985
v 0.124403 0.881908 1.377138
v 0.124403 1.226861 1.377138
v 0.124403 1.226861 2.089016
v 0.124403 0.881908 1.709985
v 0.124403 0.890577 1.776125
v 0.124403 0.886856 1.759658
v 0.124403 0.882467 1.726176
v 0.124403 0.884130 1.742871
v 0.124403 0.895203 1.791864
v 0.124403 0.900620 1.806490
v 0.124403 0.906693 1.819642
v 0.124403 0.913273 1.830995
v 0.124403 0.920199 1.840271
v 0.124403 0.927300 1.847241
v -0.358790 0.881908 1.543561
v 0.282446 0.881908 1.543561
v -0.038172 0.725519 1.460350
v -0.198481 0.881908 1.543561
v 0.124403 0.881908 1.543561
v -0.358790 0.881908 1.626773
v 0.282446 0.881908 1.626773
v -0.038172 0.881908 1.626773
v -0.198481 0.881908 1.626773
v 0.124403 0.881908 1.626773
v -0.358790 0.881908 1.460350
v 0.282446 0.881908 1.460350
v -0.038172 0.881908 1.460350
v -0.198481 0.881908 1.460350
v 0.124403 0.881908 1.460350
v -0.038172 0.845373 1.460350
v -0.198481 0.845373 1.460350
v -0.198481 0.845373 1.543561
v 0.124403 0.845373 1.460350
v 0.124403 0.845373 1.543561
v -0.038172 0.845373 1.626773
v -0.198481 0.845373 1.626773
v 0.124403 0.845373 1.626773
v -0.038172 0.725519 1.543561
v -0.038172 0.725519 1.626773
v 0.124403 0.739475 1.460350
v 0.098460 0.725519 1.460350
v 0.124084 0.737292 1.460350
v 0.123133 0.735162 1.460350
v 0.121575 0.733139 1.460350
v 0.119448 0.731272 1.460350
v 0.116805 0.729607 1.460350
v 0.113709 0.728185 1.460350
v 0.110238 0.727040 1.460350
v 0.106477 0.726202 1.460350
v 0.102519 0.725691 1.460350
v 0.124403 0.739475 1.543561
v 0.098460 0.725519 1.543561
v 0.124084 0.737292 1.543561
v 0.123133 0.735162 1.543561
v 0.121575 0.733139 1.543561
v 0.119448 0.731272 1.543561
v 0.116805 0.729607 1.543561
v 0.113709 0.728185 1.543561
v 0.110238 0.727040 1.543561
v 0.106477 0.726202 1.543561
v 0.102519 0.725691 1.543561
v 0.098460 0.725519 1.626773
v 0.124403 0.739475 1.626773
v 0.102519 0.725691 1.626773
v 0.106477 0.726202 1.626773
v 0.110238 0.727040 1.626773
v 0.113709 0.728185 1.626773
v 0.116805 0.729607 1.626773
v 0.119448 0.731272 1.626773
v 0.121575 0.733139 1.626773
v 0.123133 0.735162 1.626773
v 0.124084 0.737292 1.626773
v -0.183396 0.725519 1.460350
v -0.198481 0.733634 1.460350
v -0.185756 0.725619 1.460350
v -0.188057 0.725917 1.460350
v -0.190244 0.726404 1.460350
v -0.192263 0.727069 1.460350
v -0.194063 0.727896 1.460350
v -0.195600 0.728864 1.460350
v -0.196837 0.729950 1.460350
v -0.197743 0.731127 1.460350
v -0.198295 0.732365 1.460350
v -0.183396 0.725519 1.543561
v -0.198481 0.733634 1.543561
v -0.185756 0.725619 1.543561
v -0.188057 0.725917 1.543561
v -0.190244 0.726404 1.543561
v -0.192263 0.727069 1.543561
v -0.194063 0.727896 1.543561
v -0.195600 0.728864 1.543561
v -0.196837 0.729950 1.543561
v -0.197743 0.731127 1.543561
v -0.198295 0.732365 1.543561
v -0.198481 0.733634 1.626773
v -0.183396 0.725519 1.626773
v -0.198295 0.732365 1.626773
v -0.197743 0.731127 1.626773
v -0.196837 0.729950 1.626773
v -0.195600 0.728864 1.626773
v -0.194063 0.727896 1.626773
v -0.192263 0.727069 1.626773
v -0.190244 0.726404 1.626773
v -0.188057 0.725917 1.626773
v -0.185756 0.725619 1.626773
v -0.358790 1.226861 1.970755
v -0.259616 1.226861 2.089016
v -0.358790 1.280211 2.089016
v -0.357569 1.226861 1.989255
v -0.353936 1.226861 2.007299
v -0.347981 1.226861 2.024444
v -0.339850 1.226861 2.040267
v -0.329743 1.226861 2.054379
v -0.317909 1.226861 2.066431
v -0.304640 1.226861 2.076127
v -0.290263 1.226861 2.083228
v -0.275131 1.226861 2.087560
v 0.183273 1.226861 2.089016
v 0.282446 1.226861 1.970755
v 0.282446 1.280211 2.089016
v 0.198787 1.226861 2.087560
v 0.213919 1.226861 2.083228
v 0.228297 1.226861 2.076127
v 0.241566 1.226861 2.066431
v 0.253399 1.226861 2.054379
v 0.263506 1.226861 2.040267
v 0.271637 1.226861 2.024444
v 0.277592 1.226861 2.007300
v 0.281225 1.226861 1.989255
v -0.259616 0.927300 1.847241
v -0.358790 0.920200 1.840271
v -0.275131 0.927213 1.847155
v -0.290263 0.926953 1.846900
v -0.304640 0.926526 1.846481
v -0.317909 0.925944 1.845910
v -0.329743 0.925220 1.845200
v -0.339850 0.924373 1.844368
v -0.347981 0.923423 1.843435
v -0.353936 0.922394 1.842425
v -0.357569 0.921310 1.841361
v 0.282446 0.920199 1.840271
v 0.183273 0.927300 1.847241
v 0.281225 0.921310 1.841362
v 0.277592 0.922394 1.842425
v 0.271637 0.923423 1.843435
v 0.263506 0.924373 1.844368
v 0.253399 0.925220 1.845200
v 0.241566 0.925944 1.845910
v 0.228297 0.926526 1.846481
v 0.213919 0.926953 1.846900
v 0.198787 0.927213 1.847155
v -0.058326 1.219715 1.759936
v -0.058326 1.360445 1.759936
v -0.027791 1.219715 1.762944
v -0.027791 1.360445 1.762944
v 0.001570 1.219715 1.771850
v 0.001570 1.360445 1.771850
v 0.028629 1.219715 1.786314
v 0.028629 1.360445 1.786314
v 0.052347 1.219715 1.805779
v 0.052347 1.360445 1.805779
v 0.071812 1.219715 1.829496
v 0.071812 1.360445 1.829496
v 0.086276 1.219715 1.856556
v 0.086276 1.360445 1.856556
v 0.095182 1.219715 1.885917
v 0.095182 1.360445 1.885917
v 0.098190 1.219715 1.916452
v 0.098190 1.360445 1.916452
v 0.095182 1.219715 1.946987
v 0.095182 1.360445 1.946987
v 0.086276 1.219715 1.976348
v 0.086276 1.360445 1.976348
v 0.071812 1.219715 2.003408
v 0.071812 1.360445 2.003408
v 0.052347 1.219715 2.027126
v 0.052347 1.360445 2.027126
v 0.028629 1.219715 2.046590
v 0.028629 1.360445 2.046590
v 0.001570 1.219715 2.061054
v 0.001570 1.360445 2.061054
v -0.027791 1.219715 2.069961
v -0.027791 1.360445 2.069961
v -0.058326 1.219715 2.072968
v -0.058326 1.360445 2.072968
v -0.088861 1.219715 2.069961
v -0.088861 1.360445 2.069961
v -0.118222 1.219715 2.061054
v -0.118222 1.360445 2.061054
v -0.145282 1.219715 2.046590
v -0.145282 1.360445 2.046590
v -0.169000 1.219715 2.027126
v -0.169000 1.360445 2.027126
v -0.188464 1.219715 2.003408
v -0.188464 1.360445 2.003408
v -0.202928 1.219715 1.976348
v -0.202928 1.360445 1.976348
v -0.211835 1.219715 1.946987
v -0.211835 1.360445 1.946987
v -0.214842 1.219715 1.916452
v -0.214842 1.360445 1.916452
v -0.211835 1.219715 1.885917
v -0.211835 1.360445 1.885917
v -0.202928 1.219715 1.856556
v -0.202928 1.360445 1.856556
v -0.188464 1.219715 1.829496
v -0.188464 1.360445 1.829496
v -0.169000 1.219715 1.805779
v -0.169000 1.360445 1.805779
v -0.145282 1.219715 1.786314
v -0.145282 1.360445 1.786314
v -0.118222 1.219715 1.771850
v -0.118222 1.360445 1.771850
v -0.088861 1.219715 1.762944
v -0.088861 1.360445 1.762944
v -0.042198 1.363636 1.835369
v -0.058326 1.363636 1.833781
v -0.026689 1.363636 1.840074
v -0.012396 1.363636 1.847713
v 0.000131 1.363636 1.857995
v 0.010412 1.363636 1.870522
v 0.018052 1.363636 1.884815
v 0.022757 1.363636 1.900324
v 0.024345 1.363636 1.916452
v 0.022757 1.363636 1.932580
v 0.018052 1.363636 1.948089
v 0.010412 1.363636 1.962382
v 0.000131 1.363636 1.974910
v -0.012396 1.363636 1.985191
v -0.026689 1.363636 1.992830
v -0.042198 1.363636 1.997535
v -0.058326 1.363636 1.999123
v -0.074455 1.363636 1.997535
v -0.089963 1.363636 1.992830
v -0.104256 1.363636 1.985191
v -0.116784 1.363636 1.974910
v -0.127065 1.363636 1.962382
v -0.134705 1.363636 1.948089
v -0.139409 1.363636 1.932580
v -0.140998 1.363636 1.916452
v -0.139409 1.363636 1.900324
v -0.134705 1.363636 1.884815
v -0.127065 1.363636 1.870522
v -0.116784 1.363636 1.857995
v -0.104256 1.363636 1.847713
v -0.089963 1.363636 1.840074
v -0.074455 1.363636 1.835369
v -0.027791 1.363636 1.762944
v -0.058326 1.363636 1.759936
v 0.001570 1.363636 1.771850
v 0.028629 1.363636 1.786314
v 0.052347 1.363636 1.805779
v 0.071812 1.363636 1.829496
v 0.086276 1.363636 1.856556
v 0.095182 1.363636 1.885917
v 0.098190 1.363636 1.916452
v 0.095182 1.363636 1.946987
v 0.086276 1.363636 1.976348
v 0.071812 1.363636 2.003408
v 0.052347 1.363636 2.027126
v 0.028629 1.363636 2.046590
v 0.001570 1.363636 2.061054
v -0.027791 1.363636 2.069961
v -0.058326 1.363636 2.072968
v -0.088861 1.363636 2.069961
v -0.118222 1.363636 2.061054
v -0.145282 1.363636 2.046590
v -0.169000 1.363636 2.027126
v -0.188465 1.363636 2.003408
v -0.202928 1.363636 1.976348
v -0.211835 1.363636 1.946987
v -0.214842 1.363636 1.916452
v -0.211835 1.363636 1.885917
v -0.202928 1.363636 1.856556
v -0.188464 1.363636 1.829496
v -0.169000 1.363636 1.805779
v -0.145282 1.363636 1.786314
v -0.118222 1.363636 1.771850
v -0.088861 1.363636 1.762944
v -0.042198 1.371739 1.835369
v -0.058326 1.371739 1.833781
v -0.026689 1.371739 1.840074
v -0.012396 1.371739 1.847713
v 0.000131 1.371739 1.857995
v 0.010412 1.371739 1.870522
v 0.018052 1.371739 1.884815
v 0.022757 1.371739 1.900324
v 0.024345 1.371739 1.916452
v 0.022757 1.371739 1.932580
v 0.018052 1.371739 1.948089
v 0.010412 1.371739 1.962382
v 0.000131 1.371739 1.974910
v -0.012396 1.371739 1.985191
v -0.026689 1.371739 1.992830
v -0.042198 1.371739 1.997535
v -0.058326 1.371739 1.999123
v -0.074455 1.371739 1.997535
v -0.089963 1.371739 1.992830
v -0.104256 1.371739 1.985191
v -0.116784 1.371739 1.974910
v -0.127065 1.371739 1.962382
v -0.134705 1.371739 1.948089
v -0.139409 1.371739 1.932580
v -0.140998 1.371739 1.916452
v -0.139409 1.371739 1.900324
v -0.134705 1.371739 1.884815
v -0.127065 1.371739 1.870522
v -0.116784 1.371739 1.857995
v -0.104256 1.371739 1.847713
v -0.089963 1.371739 1.840074
v -0.074455 1.371739 1.835369
v 0.008879 1.216584 1.795317
v 0.008879 1.204678 1.795317
v 0.035142 1.216584 1.797903
v 0.035142 1.204678 1.797903
v 0.060395 1.216584 1.805564
v 0.060395 1.204678 1.805564
v 0.083669 1.216584 1.818004
v 0.083669 1.204678 1.818004
v 0.104068 1.216584 1.834746
v 0.104068 1.204678 1.834746
v 0.120810 1.216584 1.855145
v 0.120810 1.204678 1.855145
v 0.133250 1.216584 1.878419
v 0.133250 1.204678 1.878419
v 0.140910 1.216584 1.903672
v 0.140910 1.204678 1.903672
v 0.143497 1.216584 1.929935
v 0.143497 1.204678 1.929935
v 0.140910 1.216584 1.956198
v 0.140910 1.204678 1.956198
v 0.133250 1.216584 1.981451
v 0.133250 1.204678 1.981451
v 0.120810 1.216584 2.004725
v 0.120810 1.204678 2.004725
v 0.104068 1.216584 2.025124
v 0.104068 1.204678 2.025124
v 0.083669 1.216584 2.041866
v 0.083669 1.204678 2.041866
v 0.060395 1.216584 2.054306
v 0.060395 1.204678 2.054306
v 0.035142 1.216584 2.061966
v 0.035142 1.204678 2.061966
v 0.008879 1.216584 2.064553
v 0.008879 1.204678 2.064553
v -0.017384 1.216584 2.061966
v -0.017384 1.204678 2.061966
v -0.042637 1.216584 2.054306
v -0.042637 1.204678 2.054306
v -0.065911 1.216584 2.041866
v -0.065911 1.204678 2.041866
v -0.086310 1.216584 2.025124
v -0.086310 1.204678 2.025124
v -0.103052 1.216584 2.004725
v -0.103052 1.204678 2.004725
v -0.115492 1.216584 1.981451
v -0.115492 1.204678 1.981451
v -0.123152 1.216584 1.956198
v -0.123152 1.204678 1.956198
v -0.125739 1.216584 1.929935
v -0.125739 1.204678 1.929935
v -0.123152 1.216584 1.903672
v -0.123152 1.204678 1.903672
v -0.115492 1.216584 1.878419
v -0.115492 1.204678 1.878419
v -0.103052 1.216584 1.855145
v -0.103052 1.204678 1.855145
v -0.086310 1.216584 1.834746
v -0.086310 1.204678 1.834746
v -0.065911 1.216584 1.818004
v -0.065911 1.204678 1.818004
v -0.042637 1.216584 1.805564
v -0.042637 1.204678 1.805564
v -0.017384 1.216584 1.797903
v -0.017384 1.204678 1.797903
vn -0.0151 -0.9999 -0.0000
vn 0.6963 -0.7177 -0.0000
vn 0.9999 -0.0151 -0.0000
vn 0.7177 0.6963 -0.0000
vn 0.0151 0.9999 -0.0000
vn -0.6963 0.7177 -0.0000
vn -0.0000 -0.0000 -1.0000
vn -0.9999 0.0151 -0.0000
vn -0.7177 -0.6963 -0.0000
vn -0.0125 -0.8274 0.5614
vn 0.5762 -0.5939 0.5614
vn 0.8274 -0.0125 0.5614
vn 0.5939 0.5762 0.5614
vn 0.0125 0.8274 0.5614
vn -0.5762 0.5939 0.5614
vn -0.8274 0.0125 0.5614
vn -0.5939 -0.5762 0.5614
vn -0.0000 -0.0000 1.0000
vn -0.6963 0.7177 0.0086
vn -0.0151 -0.9987 0.0482
vn 0.6955 -0.7169 0.0482
vn 0.9987 -0.0151 0.0482
vn 0.7169 0.6955 0.0482
vn 0.0151 0.9987 0.0482
vn -0.6955 0.7169 0.0482
vn -0.9987 0.0151 0.0482
vn -0.7169 -0.6955 0.0482
vn -0.0151 -0.9999 0.0002
vn -0.7177 -0.6963 0.0089
vn 0.7177 0.6963 -0.0089
vn -0.9998 0.0151 0.0123
vn 0.6963 -0.7177 -0.0086
vn 0.0151 0.9999 -0.0002
vn 0.9998 -0.0151 -0.0123
vn -0.6028 -0.6538 -0.4574
vn 0.0064 -0.0001 1.0000
vn 0.0135 0.9999 0.0080
vn -0.0135 -0.9999 -0.0081
vn 0.6305 -0.7264 0.2736
vn -0.5877 0.6771 -0.4430
vn 0.6509 0.7059 0.2793
vn 0.9395 -0.0159 0.3422
vn -0.7719 0.0130 -0.6356
vn 1.0000 -0.0001 -0.0000
vn -0.6405 -0.7679 0.0041
vn -0.6175 0.7865 0.0040
vn 0.9998 -0.0187 -0.0065
vn 0.6175 -0.7865 -0.0040
vn 0.6405 0.7679 -0.0041
vn -0.0122 -0.9999 0.0001
vn 0.0122 0.9999 -0.0001
vn -0.9999 0.0120 -0.0000
vn -0.6405 -0.7679 -0.0000
vn -0.6176 0.7865 -0.0000
vn 0.0122 0.9999 -0.0000
vn -0.0122 -0.9999 -0.0000
vn -0.9998 0.0187 -0.0000
vn 0.2062 0.9785 -0.0000
vn -0.9994 0.0313 0.0134
vn -0.0120 -0.9999 -0.0000
vn 0.9999 -0.0120 -0.0000
vn -0.2062 -0.9785 -0.0000
vn 0.9999 -0.0121 -0.0000
vn 0.0120 0.9999 -0.0000
vn -0.9999 0.0121 -0.0000
vn -0.0121 -0.9999 -0.0000
vn 0.0121 0.9999 -0.0000
vn -0.0187 -0.9998 -0.0000
vn -0.1651 0.0020 0.9863
vn 0.0187 0.9998 -0.0000
vn 0.1651 -0.0020 -0.9863
vn 0.0380 -0.0005 0.9993
vn 0.1152 -0.0014 0.9933
vn 0.1960 -0.0023 0.9806
vn 0.2832 -0.0034 0.9590
vn 0.3811 -0.0046 0.9245
vn 0.4917 -0.0059 0.8707
vn 0.6185 -0.0074 0.7858
vn 0.7584 -0.0091 0.6517
vn 0.8951 -0.0108 0.4456
vn 0.9869 -0.0120 0.1610
vn 0.0379 -0.0005 0.9993
vn 0.1151 -0.0014 0.9933
vn 0.1959 -0.0024 0.9806
vn 0.2834 -0.0034 0.9590
vn 0.3807 -0.0046 0.9247
vn 0.4920 -0.0060 0.8706
vn 0.6182 -0.0074 0.7860
vn 0.7587 -0.0091 0.6514
vn 0.8951 -0.0108 0.4457
vn 0.9869 -0.0119 0.1610
vn -0.0379 0.0005 0.9993
vn -0.1150 0.0014 0.9934
vn -0.1961 0.0024 0.9806
vn -0.2835 0.0034 0.9590
vn -0.3809 0.0046 0.9246
vn -0.4913 0.0058 0.8710
vn -0.6185 0.0075 0.7858
vn -0.7587 0.0091 0.6513
vn -0.8951 0.0108 0.4458
vn -0.9869 0.0118 0.1610
vn 0.9888 -0.0119 -0.1486
vn 0.9166 -0.0110 -0.3997
vn 0.8137 -0.0098 -0.5812
vn 0.7072 -0.0085 -0.7069
vn 0.6076 -0.0073 -0.7942
vn 0.5165 -0.0062 -0.8563
vn 0.4329 -0.0052 -0.9014
vn 0.3543 -0.0043 -0.9351
vn 0.2785 -0.0034 -0.9604
vn 0.2032 -0.0025 -0.9791
vn 0.9869 -0.0118 -0.1609
vn 0.8951 -0.0108 -0.4456
vn 0.7587 -0.0091 -0.6514
vn 0.6184 -0.0075 -0.7858
vn 0.4917 -0.0060 -0.8708
vn 0.3811 -0.0046 -0.9245
vn 0.2832 -0.0034 -0.9590
vn 0.1960 -0.0024 -0.9806
vn 0.1150 -0.0014 -0.9934
vn 0.0378 -0.0004 -0.9993
vn -0.9992 0.0287 0.0267
vn -0.9999 0.0061 0.0134
vn 0.0187 0.9998 -0.0001
vn -0.0065 0.0001 -1.0000
vn -0.0187 -0.9998 0.0001
vn 0.0065 -0.0001 1.0000
vn -0.0001 -0.0000 1.0000
vn -0.9999 0.0061 0.0132
vn 0.0002 -0.0000 1.0000
vn 0.0002 -0.0001 1.0000
vn -0.9996 -0.0290 -0.0000
vn 0.0001 -0.0000 1.0000
vn -0.9945 0.0057 0.1044
vn -0.0002 0.0001 1.0000
vn -0.3403 -0.9403 0.0022
vn -0.7337 -0.6795 0.0047
vn -0.8824 -0.4704 0.0057
vn -0.9422 -0.3349 0.0061
vn -0.9700 -0.2428 0.0063
vn -0.9845 -0.1751 0.0064
vn -0.9926 -0.1215 0.0064
vn -0.9970 -0.0766 0.0064
vn -0.9993 -0.0367 0.0065
vn -1.0000 0.0005 0.0065
vn -0.3050 0.9524 0.0020
vn -0.7078 0.7064 0.0046
vn -0.8643 0.5030 0.0056
vn -0.9290 0.3699 0.0060
vn -0.9603 0.2789 0.0062
vn -0.9773 0.2117 0.0063
vn -0.9873 0.1585 0.0064
vn -0.9935 0.1138 0.0064
vn -0.9972 0.0739 0.0064
vn -0.9993 0.0368 0.0065
vn -0.3552 -0.9348 -0.0000
vn -0.7507 -0.6607 -0.0000
vn -0.8923 -0.4514 -0.0000
vn -0.9476 -0.3194 -0.0000
vn -0.9730 -0.2307 -0.0000
vn -0.9862 -0.1658 -0.0000
vn -0.9934 -0.1147 -0.0000
vn -0.9974 -0.0719 -0.0000
vn -0.9994 -0.0339 -0.0000
vn -0.9994 0.0313 0.0132
vn -0.3201 0.9474 -0.0000
vn -0.7255 0.6882 -0.0000
vn -0.8748 0.4844 -0.0000
vn -0.9350 0.3546 -0.0000
vn -0.9637 0.2668 -0.0000
vn -0.9793 0.2025 -0.0000
vn -0.9884 0.1517 -0.0000
vn -0.9940 0.1091 -0.0000
vn -0.9975 0.0712 -0.0000
vn -0.3210 0.9471 -0.0000
vn -0.7265 0.6872 -0.0000
vn -0.8754 0.4834 -0.0000
vn -0.9354 0.3537 -0.0000
vn -0.9639 0.2661 -0.0000
vn -0.9794 0.2020 -0.0000
vn -0.9885 0.1513 -0.0000
vn -0.9941 0.1088 -0.0000
vn -0.9975 0.0711 -0.0000
vn -0.3560 -0.9345 -0.0000
vn -0.7517 -0.6596 -0.0000
vn -0.8928 -0.4504 -0.0000
vn -0.9479 -0.3185 -0.0000
vn -0.9732 -0.2300 -0.0000
vn -0.9863 -0.1653 -0.0000
vn -0.9934 -0.1143 -0.0000
vn -0.9974 -0.0716 -0.0000
vn -0.9994 -0.0338 -0.0000
vn -0.9996 0.0086 0.0267
vn -0.3221 -0.9467 -0.0000
vn -0.7112 -0.7030 -0.0000
vn -0.8689 -0.4951 -0.0000
vn -0.9346 -0.3556 -0.0000
vn -0.9658 -0.2592 -0.0000
vn -0.9822 -0.1876 -0.0000
vn -0.9914 -0.1308 -0.0000
vn -0.9966 -0.0829 -0.0000
vn -0.9992 -0.0404 -0.0000
vn -0.2865 0.9581 -0.0000
vn -0.6844 0.7291 -0.0000
vn -0.8498 0.5271 -0.0000
vn -0.9207 0.3902 -0.0000
vn -0.9555 0.2950 -0.0000
vn -0.9746 0.2241 -0.0000
vn -0.9858 0.1677 -0.0000
vn -0.9928 0.1201 -0.0000
vn -0.9970 0.0777 -0.0000
vn -0.9978 0.0662 -0.0000
vn -0.1103 0.9939 -0.0000
vn -0.3511 0.9363 -0.0000
vn -0.5491 0.8358 -0.0000
vn -0.6980 0.7161 -0.0000
vn -0.8048 0.5935 -0.0000
vn -0.8795 0.4759 -0.0000
vn -0.9309 0.3653 -0.0000
vn -0.9652 0.2614 -0.0000
vn -0.9867 0.1623 -0.0000
vn -0.1474 -0.9891 -0.0000
vn -0.3858 -0.9226 -0.0000
vn -0.5799 -0.8147 -0.0000
vn -0.7243 -0.6895 -0.0000
vn -0.8264 -0.5631 -0.0000
vn -0.8967 -0.4427 -0.0000
vn -0.9439 -0.3303 -0.0000
vn -0.9743 -0.2251 -0.0000
vn -0.9921 -0.1254 -0.0000
vn -0.9940 0.0314 0.1044
vn -0.2717 -0.9624 -0.0000
vn -0.6392 -0.7691 -0.0000
vn -0.8206 -0.5715 -0.0000
vn -0.9061 -0.4230 -0.0000
vn -0.9495 -0.3138 -0.0000
vn -0.9732 -0.2302 -0.0000
vn -0.9867 -0.1625 -0.0000
vn -0.9945 -0.1048 -0.0000
vn -0.9986 -0.0532 -0.0000
vn -0.2356 0.9719 -0.0000
vn -0.6100 0.7924 -0.0000
vn -0.7987 0.6017 -0.0000
vn -0.8897 0.4565 -0.0000
vn -0.9371 0.3491 -0.0000
vn -0.9639 0.2663 -0.0000
vn -0.9800 0.1992 -0.0000
vn -0.9899 0.1419 -0.0000
vn -0.9959 0.0905 -0.0000
vn -0.9998 0.0187 0.0065
vn -0.9868 0.0184 0.1611
vn -0.8951 0.0167 0.4455
vn -0.7586 0.0141 0.6514
vn -0.6182 0.0115 0.7859
vn -0.4913 0.0091 0.8709
vn -0.3809 0.0071 0.9246
vn -0.2836 0.0053 0.9589
vn -0.1958 0.0036 0.9806
vn -0.1152 0.0022 0.9933
vn -0.0373 0.0007 0.9993
vn -0.0380 0.0007 0.9993
vn -0.1151 0.0022 0.9934
vn -0.2835 0.0053 0.9590
vn -0.3808 0.0071 0.9246
vn -0.4915 0.0091 0.8708
vn -0.6185 0.0116 0.7857
vn -0.7585 0.0142 0.6515
vn -0.8951 0.0167 0.4456
vn -0.9868 0.0185 0.1610
vn -0.0383 0.0008 0.9993
vn -0.1153 0.0022 0.9933
vn -0.1959 0.0037 0.9806
vn -0.3810 0.0072 0.9245
vn -0.4914 0.0092 0.8709
vn -0.6185 0.0115 0.7857
vn -0.7585 0.0143 0.6515
vn -0.8950 0.0165 0.4457
vn -0.7583 0.0141 0.6517
vn -0.6183 0.0114 0.7859
vn -0.1148 0.0021 0.9934
vn -0.0380 0.0008 0.9993
vn -0.8012 0.0161 0.5981
vn -0.9705 0.0186 0.2405
vn -0.9896 0.0184 0.1426
vn -0.9951 0.0187 0.0970
vn -0.9974 0.0185 0.0698
vn -0.9985 0.0187 0.0509
vn -0.9992 0.0186 0.0365
vn -0.9995 0.0186 0.0247
vn -0.9997 0.0188 0.0144
vn -0.9998 0.0186 0.0047
vn -0.0372 0.0006 0.9993
vn -0.1151 0.0021 0.9934
vn -0.1957 0.0036 0.9807
vn -0.4913 0.0092 0.8709
vn -0.7587 0.0143 0.6513
vn -0.0000 -1.0000 -0.0000
vn -0.0000 -0.7005 0.7137
vn -0.0000 -0.6281 0.7782
vn -0.0000 -0.9994 0.0345
vn -0.0000 -0.9951 0.0991
vn -0.0000 -0.9871 0.1603
vn -0.0000 -0.9754 0.2205
vn -0.0000 -0.9594 0.2820
vn -0.0000 -0.9378 0.3473
vn -0.0000 -0.9079 0.4192
vn -0.0000 -0.8652 0.5015
vn -0.0000 -0.8013 0.5983
vn 1.0000 -0.0000 -0.0000
vn -1.0000 -0.0000 -0.0000
vn -0.0000 1.0000 -0.0000
vn -0.9895 0.1448 -0.0000
vn -0.9132 0.4075 -0.0000
vn -0.7923 0.6101 -0.0000
vn -0.6597 0.7515 -0.0000
vn -0.5329 0.8461 -0.0000
vn -0.4175 0.9087 -0.0000
vn -0.3131 0.9497 -0.0000
vn -0.2175 0.9761 -0.0000
vn -0.1281 0.9918 -0.0000
vn -0.0423 0.9991 -0.0000
vn 0.0423 0.9991 -0.0000
vn 0.1281 0.9918 -0.0000
vn 0.2175 0.9761 -0.0000
vn 0.3131 0.9497 -0.0000
vn 0.4175 0.9087 -0.0000
vn 0.5329 0.8461 -0.0000
vn 0.6597 0.7515 -0.0000
vn 0.7923 0.6101 -0.0000
vn 0.9132 0.4075 -0.0000
vn 0.9895 0.1448 -0.0000
vn 0.9895 -0.1447 -0.0000
vn 0.9132 -0.4076 -0.0000
vn 0.7923 -0.6101 -0.0000
vn 0.6597 -0.7515 -0.0000
vn 0.5330 -0.8461 -0.0000
vn 0.4175 -0.9087 -0.0000
vn 0.3131 -0.9497 -0.0000
vn 0.2175 -0.9761 -0.0000
vn 0.1281 -0.9918 -0.0000
vn 0.0423 -0.9991 -0.0000
vn 0.9132 -0.4075 -0.0000
vn -0.0423 -0.9991 -0.0000
vn -0.1281 -0.9918 -0.0000
vn -0.2175 -0.9761 -0.0000
vn -0.3131 -0.9497 -0.0000
vn -0.4175 -0.9087 -0.0000
vn -0.5330 -0.8461 -0.0000
vn -0.6597 -0.7515 -0.0000
vn -0.7923 -0.6101 -0.0000
vn -0.9132 -0.4076 -0.0000
vn -0.9895 -0.1447 -0.0000
vn -0.9132 -0.4075 -0.0000
vn -0.9874 -0.1445 0.0652
vn -0.9129 -0.3646 0.1838
vn -0.8141 -0.5072 0.2828
vn -0.7172 -0.5914 0.3686
vn -0.6284 -0.6344 0.4501
vn -0.5455 -0.6447 0.5356
vn -0.4621 -0.6218 0.6323
vn -0.3686 -0.5544 0.7462
vn -0.2503 -0.4163 0.8741
vn -0.0921 -0.1711 0.9809
vn 0.0921 -0.1711 0.9809
vn 0.2503 -0.4163 0.8741
vn 0.3686 -0.5544 0.7462
vn 0.4621 -0.6218 0.6323
vn 0.5455 -0.6447 0.5356
vn 0.6284 -0.6344 0.4501
vn 0.7172 -0.5914 0.3686
vn 0.8141 -0.5072 0.2828
vn 0.9129 -0.3646 0.1838
vn 0.9874 -0.1445 0.0652
vn -0.9903 -0.0576 0.1267
vn -0.9153 -0.1838 0.3585
vn -0.7885 -0.3041 0.5345
vn -0.6450 -0.4036 0.6489
vn -0.5086 -0.4795 0.7151
vn -0.3882 -0.5351 0.7503
vn -0.2843 -0.5746 0.7675
vn -0.1937 -0.6016 0.7749
vn -0.1126 -0.6184 0.7777
vn -0.0369 -0.6265 0.7785
vn 0.9903 -0.0576 0.1267
vn 0.9153 -0.1838 0.3585
vn 0.7885 -0.3041 0.5345
vn 0.6450 -0.4036 0.6489
vn 0.5086 -0.4795 0.7151
vn 0.3882 -0.5351 0.7503
vn 0.2843 -0.5746 0.7675
vn 0.1937 -0.6016 0.7749
vn 0.1126 -0.6184 0.7777
vn 0.0369 -0.6265 0.7785
vn 0.0980 -0.0000 -0.9952
vn 0.2903 -0.0000 -0.9569
vn 0.4714 -0.0000 -0.8819
vn 0.6344 -0.0000 -0.7730
vn 0.7730 -0.0000 -0.6344
vn 0.8819 -0.0000 -0.4714
vn 0.9569 -0.0000 -0.2903
vn 0.9952 -0.0000 -0.0980
vn 0.9952 -0.0000 0.0980
vn 0.9569 -0.0000 0.2903
vn 0.8819 -0.0000 0.4714
vn 0.7730 -0.0000 0.6344
vn 0.6344 -0.0000 0.7730
vn 0.4714 -0.0000 0.8819
vn 0.2903 -0.0000 0.9569
vn 0.0980 -0.0000 0.9952
vn -0.0980 -0.0000 0.9952
vn -0.2903 -0.0000 0.9569
vn -0.4714 -0.0000 0.8819
vn -0.6344 -0.0000 0.7730
vn -0.7730 -0.0000 0.6344
vn -0.8819 -0.0000 0.4714
vn -0.9569 -0.0000 0.2903
vn -0.9952 -0.0000 0.0980
vn -0.9952 -0.0000 -0.0980
vn -0.9569 -0.0000 -0.2903
vn -0.8819 -0.0000 -0.4714
vn -0.7730 -0.0000 -0.6344
vn -0.6344 -0.0000 -0.7730
vn -0.4714 -0.0000 -0.8819
vn -0.2903 -0.0000 -0.9569
vn -0.0980 -0.0000 -0.9952
vt 1.000000 0.500000
vt 1.000000 1.000000
vt 0.875000 1.000000
vt 0.875000 0.500000
vt 0.750000 1.000000
vt 0.750000 0.500000
vt 0.625000 1.000000
vt 0.625000 0.500000
vt 0.500000 1.000000
vt 0.500000 0.500000
vt 0.375000 1.000000
vt 0.375000 0.500000
vt 0.250000 1.000000
vt 0.250000 0.500000
vt 0.419706 0.080294
vt 0.490000 0.250000
vt 0.419706 0.419706
vt 0.250000 0.490000
vt 0.080294 0.419706
vt 0.010000 0.250000
vt 0.080294 0.080294
vt 0.250000 0.010000
vt 0.125000 1.000000
vt 0.125000 0.500000
vt 0.000000 1.000000
vt 0.000000 0.500000
vt 0.852212 0.147788
vt 0.750000 0.105450
vt 0.877087 0.377087
vt 0.750000 0.429728
vt 0.750000 0.490000
vt 0.919706 0.419706
vt 0.929728 0.250000
vt 0.990000 0.250000
vt 0.877087 0.122913
vt 0.919706 0.080294
vt 0.750000 0.070272
vt 0.750000 0.010000
vt 0.622913 0.122913
vt 0.580294 0.080294
vt 0.570272 0.250000
vt 0.510000 0.250000
vt 0.622913 0.377087
vt 0.580294 0.419706
vt 0.852212 0.352212
vt 0.750000 0.394550
vt 0.894550 0.250000
vt 0.647788 0.147788
vt 0.605450 0.250000
vt 0.647788 0.352212
vt 0.894550 0.250000
vt 0.605450 0.250000
vt 0.750000 0.105450
vt 0.655144 0.155144
vt 0.615853 0.250000
vt 0.852212 0.352212
vt 0.844856 0.344856
vt 0.750000 0.384147
vt 0.884147 0.250000
vt 0.844856 0.155144
vt 0.750000 0.115853
vt 0.655144 0.344856
vt 0.655144 0.344856
vt 0.785371 0.369495
vt 0.375000 0.326796
vt 0.375000 0.312559
vt 0.783272 0.370365
vt 0.684970 0.142790
vt 0.375000 0.311402
vt 0.375000 0.319760
vt 0.375000 0.335715
vt 0.375000 0.341405
vt 0.375000 0.321977
vt 0.734687 0.377804
vt 0.375000 0.311402
vt 0.375000 0.302549
vt 0.375000 0.302557
vt 0.375000 0.302580
vt 0.375000 0.302618
vt 0.375000 0.302670
vt 0.375000 0.302734
vt 0.375000 0.302809
vt 0.375000 0.302894
vt 0.375000 0.302985
vt 0.375000 0.303082
vt 0.375000 0.303180
vt 0.622445 0.265913
vt 0.623667 0.268864
vt 0.623667 0.268863
vt 0.623667 0.268862
vt 0.623666 0.268861
vt 0.623665 0.268859
vt 0.623664 0.268857
vt 0.623660 0.268847
vt 0.623659 0.268843
vt 0.623658 0.268841
vt 0.623659 0.268843
vt 0.623634 0.268784
vt 0.375000 0.309050
vt 0.375000 0.321977
vt 0.375000 0.308240
vt 0.375000 0.319760
vt 0.375000 0.311402
vt 0.734687 0.377804
vt 0.734687 0.377804
vt 0.734687 0.377804
vt 0.734687 0.377804
vt 0.375000 0.319760
vt 0.734687 0.377804
vt 0.734687 0.377804
vt 0.655112 0.344779
vt 0.655017 0.344548
vt 0.654860 0.344171
vt 0.654647 0.343655
vt 0.654381 0.343014
vt 0.651923 0.337080
vt 0.650878 0.334556
vt 0.649745 0.331821
vt 0.648553 0.328943
vt 0.647330 0.325992
vt 0.623667 0.268864
vt 0.622445 0.265913
vt 0.621253 0.263035
vt 0.620120 0.260300
vt 0.619074 0.257776
vt 0.618142 0.255525
vt 0.617346 0.253603
vt 0.616705 0.252056
vt 0.616236 0.250923
vt 0.615950 0.250232
vt 0.375000 0.319760
vt 0.375000 0.311402
vt 0.375000 0.311402
vt 0.375000 0.311402
vt 0.375000 0.311402
vt 0.375000 0.319760
vt 0.734687 0.377804
vt 0.622445 0.265913
vt 0.623667 0.268864
vt 0.623667 0.268863
vt 0.623666 0.268862
vt 0.623666 0.268861
vt 0.623665 0.268859
vt 0.623664 0.268856
vt 0.623663 0.268853
vt 0.623661 0.268849
vt 0.623659 0.268845
vt 0.623658 0.268841
vt 0.623630 0.268774
vt 0.647364 0.326072
vt 0.647339 0.326013
vt 0.647340 0.326014
vt 0.647339 0.326013
vt 0.647338 0.326009
vt 0.647333 0.325999
vt 0.647332 0.325997
vt 0.647332 0.325995
vt 0.647331 0.325994
vt 0.647331 0.325993
vt 0.655112 0.344779
vt 0.655017 0.344548
vt 0.647330 0.325992
vt 0.621253 0.263035
vt 0.620120 0.260300
vt 0.619074 0.257776
vt 0.616616 0.251842
vt 0.616351 0.251201
vt 0.616137 0.250685
vt 0.615981 0.250308
vt 0.615885 0.250077
vt 0.655112 0.344779
vt 0.651923 0.337080
vt 0.620120 0.260300
vt 0.616616 0.251842
vt 0.616351 0.251201
vt 0.616137 0.250685
vt 0.615981 0.250308
vt 0.619074 0.257776
vt 0.649745 0.331822
vt 0.650878 0.334556
vt 0.620120 0.260300
vt 0.623675 0.268883
vt 0.647323 0.325973
vt 0.650878 0.334556
vt 0.651923 0.337080
vt 0.654860 0.344171
vt 0.655112 0.344779
vt 0.650878 0.334556
vt 0.649745 0.331821
vt 0.622445 0.265913
vt 0.621252 0.263035
vt 0.617346 0.253603
vt 0.615950 0.250232
vt 0.647364 0.326072
vt 0.647339 0.326012
vt 0.647340 0.326015
vt 0.647339 0.326013
vt 0.647338 0.326010
vt 0.647333 0.325999
vt 0.647332 0.325997
vt 0.647332 0.325995
vt 0.647331 0.325993
vt 0.615950 0.250232
vt 0.616236 0.250923
vt 0.616705 0.252056
vt 0.618142 0.255525
vt 0.619074 0.257776
vt 0.623669 0.268867
vt 0.647322 0.325973
vt 0.616236 0.250923
vt 0.617346 0.253603
vt 0.618142 0.255525
vt 0.655112 0.344779
vt 0.615950 0.250232
vt 0.619074 0.257776
vt 0.623669 0.268868
vt 0.647327 0.325983
vt 0.650878 0.334556
vt 0.648362 0.328482
vt 0.648175 0.328032
vt 0.647998 0.327604
vt 0.647834 0.327209
vt 0.647450 0.326280
vt 0.647564 0.326556
vt 0.647464 0.326314
vt 0.647390 0.326137
vt 0.647346 0.326029
vt 0.648553 0.328943
vt 0.620120 0.260300
vt 0.618142 0.255525
vt 0.623670 0.268870
vt 0.647334 0.325999
vt 0.655112 0.344779
vt 0.623667 0.268863
vt 0.623666 0.268862
vt 0.623666 0.268860
vt 0.623665 0.268857
vt 0.623663 0.268854
vt 0.623662 0.268851
vt 0.623660 0.268846
vt 0.623658 0.268842
vt 0.623656 0.268836
vt 0.623622 0.268754
vt 0.623665 0.268859
vt 0.623664 0.268857
vt 0.623663 0.268854
vt 0.623662 0.268851
vt 0.623660 0.268847
vt 0.623659 0.268844
vt 0.623634 0.268784
vt 0.647368 0.326082
vt 0.647342 0.326020
vt 0.647342 0.326020
vt 0.647341 0.326017
vt 0.647339 0.326012
vt 0.647334 0.326000
vt 0.647333 0.325997
vt 0.647332 0.325995
vt 0.647331 0.325994
vt 0.647330 0.325992
vt 0.623652 0.268827
vt 0.623607 0.268719
vt 0.623534 0.268542
vt 0.623434 0.268300
vt 0.623548 0.268576
vt 0.623163 0.267647
vt 0.623000 0.267252
vt 0.622822 0.266825
vt 0.622636 0.266375
vt 0.375000 0.302549
vt 0.647376 0.326102
vt 0.647347 0.326033
vt 0.647346 0.326030
vt 0.647344 0.326024
vt 0.647341 0.326017
vt 0.647335 0.326002
vt 0.647333 0.325998
vt 0.647332 0.325996
vt 0.647331 0.325994
vt 0.647331 0.325993
vt 0.655164 0.344904
vt 0.615858 0.250012
vt 0.655224 0.345048
vt 0.615872 0.250046
vt 0.655321 0.345284
vt 0.615896 0.250102
vt 0.655455 0.345605
vt 0.615927 0.250179
vt 0.615967 0.250274
vt 0.375000 0.302566
vt 0.375000 0.308574
vt 0.375000 0.302809
vt 0.375000 0.308682
vt 0.375000 0.308799
vt 0.375000 0.302985
vt 0.375000 0.308923
vt 0.375000 0.303081
vt 0.660738 0.347173
vt 0.659863 0.346811
vt 0.659010 0.346457
vt 0.658199 0.346121
vt 0.657450 0.345811
vt 0.656783 0.345535
vt 0.656213 0.345299
vt 0.655754 0.345109
vt 0.655418 0.344969
vt 0.655213 0.344885
vt 0.313383 0.529211
vt 0.313383 0.500000
vt 0.375000 0.529211
vt 0.375000 0.438383
vt 0.625000 0.438383
vt 0.833794 0.537034
vt 0.819466 0.537034
vt 0.819466 0.539894
vt 0.824930 0.539894
vt 0.826317 0.539859
vt 0.827669 0.539754
vt 0.828954 0.539582
vt 0.830140 0.539348
vt 0.831198 0.539056
vt 0.832101 0.538715
vt 0.832828 0.538332
vt 0.833360 0.537918
vt 0.833685 0.537482
vt 0.819466 0.657169
vt 0.805138 0.539894
vt 0.805138 0.657169
vt 0.824930 0.657169
vt 0.824930 0.539894
vt 0.313383 0.616842
vt 0.375000 0.616842
vt 0.375000 0.622526
vt 0.313383 0.622526
vt 0.375000 0.628387
vt 0.313383 0.628386
vt 0.375000 0.634280
vt 0.313383 0.634280
vt 0.375000 0.640060
vt 0.313383 0.640060
vt 0.375000 0.652164
vt 0.313383 0.652164
vt 0.790608 0.522123
vt 0.776482 0.522123
vt 0.776482 0.528213
vt 0.790608 0.528213
vt 0.776482 0.531121
vt 0.790608 0.531121
vt 0.776483 0.534086
vt 0.790608 0.534086
vt 0.776482 0.537034
vt 0.790608 0.537034
vt 0.402751 0.662578
vt 0.397731 0.659322
vt 0.392962 0.655336
vt 0.388561 0.650719
vt 0.384635 0.645585
vt 0.381283 0.640060
vt 0.378586 0.634280
vt 0.376610 0.628387
vt 0.375405 0.622526
vt 0.375000 0.616842
vt 0.375000 0.587632
vt 0.375000 0.558421
vt 0.625000 0.708383
vt 0.625000 0.375000
vt 0.625000 0.312500
vt 0.625000 0.250000
vt 0.625000 0.250377
vt 0.625000 0.251498
vt 0.625000 0.253337
vt 0.625000 0.255846
vt 0.625000 0.258966
vt 0.625000 0.262619
vt 0.625000 0.266715
vt 0.625000 0.271153
vt 0.625000 0.275824
vt 0.625000 0.280612
vt 0.625000 0.469388
vt 0.625000 0.474176
vt 0.625000 0.478847
vt 0.625000 0.483285
vt 0.625000 0.487381
vt 0.625000 0.491034
vt 0.625000 0.494154
vt 0.625000 0.496663
vt 0.625000 0.498502
vt 0.625000 0.499623
vt 0.625000 0.041617
vt 0.375000 0.250000
vt 0.375000 0.220789
vt 0.375000 0.191579
vt 0.375000 0.162368
vt 0.375000 0.133158
vt 0.375405 0.127474
vt 0.376610 0.121613
vt 0.378586 0.115720
vt 0.381283 0.109940
vt 0.384635 0.104415
vt 0.388561 0.099281
vt 0.392962 0.094664
vt 0.397731 0.090678
vt 0.402751 0.087422
vt 0.790608 0.657169
vt 0.790608 0.539894
vt 0.785346 0.539894
vt 0.785346 0.657169
vt 0.655612 0.749897
vt 0.655612 0.500000
vt 0.844388 0.500000
vt 0.844388 0.749897
vt 0.625000 0.000103
vt 0.625000 0.250000
vt 0.875000 0.749897
vt 0.862381 0.749897
vt 0.862381 0.500000
vt 0.858285 0.749897
vt 0.858285 0.500000
vt 0.853847 0.749897
vt 0.853847 0.500000
vt 0.849176 0.749897
vt 0.849176 0.500000
vt 0.650824 0.749897
vt 0.650824 0.500000
vt 0.646153 0.749897
vt 0.646153 0.500000
vt 0.641715 0.749897
vt 0.641715 0.500000
vt 0.637619 0.749897
vt 0.637619 0.500000
vt 0.625000 0.749897
vt 0.625000 0.749897
vt 0.833794 0.657169
vt 0.776482 0.657169
vt 0.776569 0.657169
vt 0.776826 0.657169
vt 0.777247 0.657170
vt 0.777823 0.657169
vt 0.778538 0.657169
vt 0.779375 0.657169
vt 0.780314 0.657169
vt 0.781332 0.657169
vt 0.782402 0.657169
vt 0.783500 0.657169
vt 0.826776 0.657169
vt 0.827874 0.657169
vt 0.828945 0.657169
vt 0.829962 0.657169
vt 0.830901 0.657169
vt 0.831738 0.657169
vt 0.832454 0.657169
vt 0.833029 0.657169
vt 0.833450 0.657169
vt 0.833707 0.657169
vt 0.833794 0.657169
vt 0.805138 0.537034
vt 0.819466 0.534086
vt 0.805138 0.534086
vt 0.819466 0.531121
vt 0.805138 0.531121
vt 0.819466 0.528213
vt 0.805138 0.528213
vt 0.819466 0.522123
vt 0.805138 0.522123
vt 0.187500 0.640060
vt 0.250000 0.640060
vt 0.250000 0.652164
vt 0.187500 0.652164
vt 0.187500 0.634280
vt 0.250000 0.634280
vt 0.187500 0.628386
vt 0.250000 0.628386
vt 0.187500 0.622526
vt 0.250000 0.622526
vt 0.187500 0.616842
vt 0.250000 0.616842
vt 0.375000 0.312500
vt 0.375000 0.375000
vt 0.187500 0.529211
vt 0.187500 0.500000
vt 0.250000 0.529211
vt 0.125000 0.529211
vt 0.125000 0.616842
vt 0.125000 0.622526
vt 0.125000 0.628387
vt 0.125000 0.634280
vt 0.125000 0.640060
vt 0.125000 0.652164
vt 0.833794 0.522123
vt 0.833794 0.528213
vt 0.833794 0.531121
vt 0.833794 0.534086
vt 0.776592 0.537481
vt 0.776916 0.537918
vt 0.777448 0.538332
vt 0.778175 0.538715
vt 0.779079 0.539056
vt 0.780136 0.539348
vt 0.781322 0.539582
vt 0.782607 0.539754
vt 0.783960 0.539859
vt 0.625000 0.708383
vt 0.187500 0.587632
vt 0.187500 0.558421
vt 0.125000 0.587632
vt 0.125000 0.558421
vt 0.313383 0.587632
vt 0.313383 0.558421
vt 0.250000 0.587632
vt 0.250000 0.558421
vt 0.303269 0.558421
vt 0.303269 0.587632
vt 0.193381 0.587632
vt 0.193381 0.558421
vt 0.303269 0.529211
vt 0.304851 0.587632
vt 0.306395 0.587632
vt 0.307861 0.587632
vt 0.309214 0.587632
vt 0.312396 0.587632
vt 0.312739 0.587631
vt 0.313016 0.587632
vt 0.313218 0.587632
vt 0.313342 0.587632
vt 0.313383 0.587632
vt 0.313383 0.558421
vt 0.193381 0.529211
vt 0.192461 0.529211
vt 0.191564 0.529211
vt 0.190711 0.529211
vt 0.189924 0.529211
vt 0.188074 0.529211
vt 0.187874 0.529211
vt 0.187714 0.529211
vt 0.187596 0.529211
vt 0.187524 0.529211
vt 0.313383 0.529211
vt 0.187524 0.587632
vt 0.187596 0.587632
vt 0.187714 0.587632
vt 0.187874 0.587632
vt 0.188074 0.587632
vt 0.189924 0.587632
vt 0.190711 0.587631
vt 0.191564 0.587632
vt 0.192461 0.587632
vt 0.313342 0.529211
vt 0.313218 0.529211
vt 0.313016 0.529211
vt 0.312739 0.529211
vt 0.312396 0.529211
vt 0.309214 0.558421
vt 0.309214 0.529211
vt 0.307861 0.558421
vt 0.307861 0.529211
vt 0.306395 0.558421
vt 0.306395 0.529211
vt 0.304851 0.558421
vt 0.304851 0.529211
vt 0.192461 0.558421
vt 0.191564 0.558421
vt 0.190711 0.558421
vt 0.189924 0.558421
vt 0.833794 0.649565
vt 0.833685 0.650754
vt 0.833360 0.651915
vt 0.832828 0.653017
vt 0.832101 0.654035
vt 0.831198 0.657169
vt 0.830140 0.657169
vt 0.828954 0.657169
vt 0.827669 0.657169
vt 0.826317 0.657169
vt 0.783960 0.657076
vt 0.782607 0.656797
vt 0.781322 0.656340
vt 0.780136 0.655717
vt 0.779079 0.657169
vt 0.778175 0.657169
vt 0.776482 0.653017
vt 0.776482 0.651915
vt 0.776482 0.650754
vt 0.776482 0.649565
vt 0.403556 0.087039
vt 0.625000 0.035123
vt 0.404341 0.086666
vt 0.625000 0.028789
vt 0.405087 0.086311
vt 0.625000 0.022770
vt 0.405776 0.085984
vt 0.625000 0.017216
vt 0.407897 0.084975
vt 0.620877 0.001715
vt 0.833794 0.654942
vt 0.833794 0.539894
vt 0.830140 0.539348
vt 0.830140 0.655717
vt 0.828954 0.539582
vt 0.828954 0.656341
vt 0.827669 0.539754
vt 0.827669 0.656797
vt 0.826317 0.539859
vt 0.826317 0.657076
vt 0.625000 0.714877
vt 0.403556 0.662961
vt 0.625000 0.721211
vt 0.404341 0.663334
vt 0.625000 0.727230
vt 0.405087 0.663689
vt 0.625000 0.732784
vt 0.405776 0.664016
vt 0.620877 0.748285
vt 0.407897 0.665025
vt 0.776482 0.539894
vt 0.776482 0.654942
vt 0.780136 0.539348
vt 0.782607 0.539754
vt 0.783960 0.539859
vt 0.625000 0.041617
vt 0.968750 1.000000
vt 0.968750 0.500000
vt 0.937500 1.000000
vt 0.937500 0.500000
vt 0.906250 1.000000
vt 0.906250 0.500000
vt 0.843750 1.000000
vt 0.843750 0.500000
vt 0.812500 1.000000
vt 0.812500 0.500000
vt 0.781250 1.000000
vt 0.781250 0.500000
vt 0.718750 1.000000
vt 0.718750 0.500000
vt 0.687500 1.000000
vt 0.687500 0.500000
vt 0.656250 1.000000
vt 0.656250 0.500000
vt 0.593750 1.000000
vt 0.593750 0.500000
vt 0.562500 1.000000
vt 0.562500 0.500000
vt 0.531250 1.000000
vt 0.531250 0.500000
vt 0.468750 1.000000
vt 0.468750 0.500000
vt 0.437500 1.000000
vt 0.437500 0.500000
vt 0.406250 1.000000
vt 0.406250 0.500000
vt 0.343750 1.000000
vt 0.343750 0.500000
vt 0.312500 1.000000
vt 0.312500 0.500000
vt 0.281250 1.000000
vt 0.281250 0.500000
vt 0.218750 1.000000
vt 0.218750 0.500000
vt 0.187500 1.000000
vt 0.156250 1.000000
vt 0.156250 0.500000
vt 0.093750 1.000000
vt 0.093750 0.500000
vt 0.062500 1.000000
vt 0.062500 0.500000
vt 0.031250 1.000000
vt 0.031250 0.500000
vt 0.796822 0.485388
vt 0.841844 0.471731
vt 0.883337 0.449553
vt 0.949553 0.383337
vt 0.971731 0.341844
vt 0.985388 0.296822
vt 0.985388 0.203178
vt 0.971731 0.158156
vt 0.949553 0.116663
vt 0.883337 0.050447
vt 0.841844 0.028269
vt 0.796822 0.014612
vt 0.703178 0.014612
vt 0.658156 0.028269
vt 0.616663 0.050447
vt 0.550447 0.116663
vt 0.528269 0.158156
vt 0.514612 0.203178
vt 0.514612 0.296822
vt 0.528269 0.341844
vt 0.550447 0.383337
vt 0.616663 0.449553
vt 0.658156 0.471731
vt 0.703178 0.485388
vt 0.179572 0.144597
vt 0.201488 0.132882
vt 0.250000 0.376767
vt 0.274731 0.374331
vt 0.296822 0.485388
vt 0.298512 0.367118
vt 0.341844 0.471731
vt 0.320428 0.355403
vt 0.383337 0.449553
vt 0.339638 0.339638
vt 0.355403 0.320428
vt 0.449553 0.383337
vt 0.367118 0.298512
vt 0.471731 0.341844
vt 0.374332 0.274731
vt 0.485388 0.296822
vt 0.376767 0.250000
vt 0.374332 0.225269
vt 0.485388 0.203178
vt 0.367118 0.201488
vt 0.471731 0.158156
vt 0.355403 0.179572
vt 0.449553 0.116663
vt 0.339638 0.160362
vt 0.320428 0.144597
vt 0.383337 0.050447
vt 0.298512 0.132882
vt 0.341844 0.028269
vt 0.274731 0.125668
vt 0.296822 0.014612
vt 0.250000 0.123233
vt 0.225269 0.125668
vt 0.203178 0.014612
vt 0.158156 0.028269
vt 0.116663 0.050447
vt 0.160362 0.160362
vt 0.144597 0.179572
vt 0.050447 0.116663
vt 0.132882 0.201488
vt 0.028269 0.158156
vt 0.125668 0.225269
vt 0.014612 0.203178
vt 0.123233 0.250000
vt 0.125668 0.274731
vt 0.014612 0.296822
vt 0.132882 0.298512
vt 0.028269 0.341844
vt 0.144597 0.320428
vt 0.050447 0.383337
vt 0.160362 0.339638
vt 0.179572 0.355403
vt 0.116663 0.449553
vt 0.201488 0.367118
vt 0.158156 0.471731
vt 0.225269 0.374332
vt 0.203178 0.485388
s 0
f 1535/1621/632 1520/1622/632 1522/1623/632 1536/1624/632
f 1536/1624/633 1522/1623/633 1524/1625/633 1537/1626/633
f 1537/1626/634 1524/1625/634 1526/1627/634 1538/1628/634
f 1538/1628/635 1526/1627/635 1528/1629/635 1539/1630/635
f 1539/1630/636 1528/1629/636 1530/1631/636 1540/1632/636
f 1540/1632/637 1530/1631/637 1532/1633/637 1541/1634/637
f 1526/1635/638 1524/1636/638 1522/1637/638 1520/1638/638 1534/1639/638 1532/1640/638 1530/1641/638 1528/1642/638
f 1541/1634/639 1532/1633/639 1534/1643/639 1542/1644/639
f 1542/1644/640 1534/1643/640 1520/1645/640 1535/1646/640
f 1525/1647/635 1527/1648/635 1555/1648/635 1554/1647/635
f 1544/1649/641 1543/1650/641 1535/1651/641 1536/1652/641
f 1545/1653/642 1544/1649/642 1536/1652/642 1537/1654/642
f 1546/1655/643 1545/1653/643 1537/1654/643 1538/1656/643
f 1547/1657/644 1546/1655/644 1538/1656/644 1539/1658/644
f 1548/1659/645 1547/1657/645 1539/1658/645 1540/1660/645
f 1549/1661/646 1548/1659/646 1540/1660/646 1541/1662/646
f 1550/1663/647 1549/1661/647 1541/1662/647 1542/1664/647
f 1543/1650/648 1550/1663/648 1542/1664/648 1535/1651/648
f 1521/1665/649 1519/1666/649 1543/1650/649 1544/1649/649
f 1523/1667/649 1521/1665/649 1544/1649/649 1545/1653/649
f 1525/1647/649 1523/1667/649 1545/1653/649 1546/1655/649
f 1527/1648/649 1525/1647/649 1546/1655/649 1547/1657/649
f 1529/1668/649 1527/1648/649 1547/1657/649 1548/1659/649
f 1531/1669/649 1529/1668/649 1548/1659/649 1549/1661/649
f 1533/1670/649 1531/1669/649 1549/1661/649 1550/1663/649
f 1519/1666/649 1533/1670/649 1550/1663/649 1543/1650/649
f 1553/1667/634 1554/1647/634 1565/1647/634 1563/1671/634
f 1521/1665/633 1523/1667/633 1553/1667/633 1552/1665/633
f 1531/1669/639 1533/1670/639 1558/1670/639 1557/1669/639
f 1527/1648/636 1529/1668/636 1556/1668/636 1555/1648/636
f 1523/1667/634 1525/1647/634 1554/1647/634 1553/1667/634
f 1519/1666/632 1521/1665/632 1552/1665/632 1551/1666/632
f 1533/1670/640 1519/1666/640 1551/1666/640 1558/1670/640
f 1529/1668/637 1531/1669/637 1557/1669/637 1556/1668/637
f 1558/1670/640 1551/1666/640 1560/1666/640 1573/1670/640
f 1556/1668/637 1557/1669/637 1571/1672/637 1569/1668/637
f 1554/1647/635 1555/1648/635 1567/1673/635 1565/1647/635
f 1576/1674/650 1570/1674/650 1572/1675/650 1575/1675/650
f 1552/1665/633 1553/1667/633 1563/1671/633 1561/1676/633
f 1557/1669/639 1558/1670/639 1573/1670/639 1571/1672/639
f 1555/1648/636 1556/1668/636 1569/1668/636 1567/1673/636
f 1560/1666/651 1561/1676/651 1562/1677/651 1559/1678/651
f 1561/1676/652 1563/1671/652 1564/1679/652 1562/1677/652
f 1563/1671/653 1565/1647/653 1566/1680/653 1564/1679/653
f 1565/1647/654 1567/1673/654 1568/1681/654 1566/1680/654
f 1567/1673/655 1569/1668/655 1570/1674/655 1568/1681/655
f 1569/1668/656 1571/1672/656 1572/1675/656 1570/1674/656
f 1571/1672/657 1573/1670/657 1574/1682/657 1572/1675/657
f 1573/1670/658 1560/1666/658 1559/1678/658 1574/1682/658
f 1551/1666/632 1552/1665/632 1561/1676/632 1560/1666/632
f 1578/1678/659 1559/1678/659 1562/1677/659 1577/1677/659
f 1574/1682/660 1559/1678/660 1578/1678/660 1579/1683/660
f 1581/1680/661 1566/1680/661 1568/1681/661 1580/1681/661
f 1575/1675/662 1572/1675/662 1574/1682/662 1579/1683/662
f 1577/1677/663 1562/1677/663 1564/1679/663 1582/1679/663
f 1580/1681/664 1568/1681/664 1570/1674/664 1576/1674/664
f 1582/1679/665 1564/1679/665 1566/1680/665 1581/1680/665
f 1579/1683/666 1578/1678/666 1586/1678/666 1587/1683/666
f 1595/1683/667 1591/1675/667 1817/1675/667 1818/1683/667
f 1580/1681/668 1576/1674/668 1584/1674/668 1588/1681/668
f 1578/1678/669 1577/1677/669 1585/1677/669 1599/1684/669 1586/1678/669
f 1577/1677/670 1582/1679/670 1590/1679/670 1585/1677/670
f 1576/1674/671 1575/1675/671 1583/1675/671 1584/1674/671
f 1581/1680/672 1580/1681/672 1588/1681/672 1589/1680/672
f 1582/1679/673 1581/1680/673 1589/1680/673 1590/1679/673
f 1575/1675/674 1579/1683/674 1587/1683/674 1583/1675/674
f 1600/1685/675 1601/1686/675 1607/1686/675 1604/1685/675
f 1587/1683/676 1586/1678/676 1594/1678/676 1595/1683/676
f 1584/1674/677 1583/1675/677 1591/1675/677 1592/1674/677
f 1590/1679/678 1589/1680/678 1597/1680/678 1598/1679/678
f 1585/1677/679 1590/1679/679 1598/1679/679 1593/1677/679
f 1589/1680/680 1588/1681/680 1596/1681/680 1597/1680/680
f 1586/1678/681 1599/1684/681 1600/1687/681 1594/1678/681
f 1588/1681/682 1584/1674/682 1592/1674/682 1601/1688/682 1596/1681/682
f 1609/1689/683 1608/1690/683 1621/1690/683 1622/1689/683
f 1601/1686/649 1600/1685/649 1593/1691/649 1598/1692/649 1597/1691/649 1596/1693/649
f 1600/1687/681 1599/1684/681 1585/1677/681 1593/1677/681
f 1591/1675/638 1595/1683/638 1812/1683/638 1811/1675/638
f 1595/1683/684 1594/1678/684 1605/1678/684 1608/1694/684 1606/1683/684
f 1592/1674/685 1591/1675/685 1602/1675/685 1603/1674/685
f 1601/1688/686 1592/1674/686 1603/1674/686 1607/1688/686
f 1594/1678/687 1600/1687/687 1604/1687/687 1605/1678/687
f 1661/1675/688 1657/1683/688 2078/1683/688 2088/1675/688
f 1662/1695/689 1661/1696/689 2088/1696/689 2090/1697/689 2091/1698/689 2092/1699/689 2093/1700/689 2094/1701/689 2095/1702/689 2096/1703/689 2097/1704/689 2098/1705/689 2089/1706/689 1611/1689/689
f 1898/1707/690 1869/1707/690 1867/1708/690 2099/1708/690 2101/1709/690 2102/1710/690 2103/1711/690 2104/1712/690 2105/1713/690 2106/1714/690 2107/1715/690 2108/1716/690 2109/1717/690 2100/1718/690
f 1610/1690/649 1611/1689/649 2089/1706/649 2077/1719/649
f 1648/1694/691 1627/1694/691 1625/1694/691 1645/1694/691
f 1608/1690/692 1609/1689/692 1614/1695/692 1615/1690/692
f 1606/1683/684 1608/1694/684 1615/1694/684 1612/1683/684
f 1609/1689/689 1602/1696/689 1613/1696/689 1614/1695/689
f 1602/1675/638 1606/1683/638 1808/1683/638 1807/1675/638
f 1619/1720/649 1618/1685/649 1620/1686/649 1617/1721/649 1616/1696/649 1622/1689/649 1621/1690/649
f 1603/1674/685 1602/1675/685 1616/1675/685 1617/1674/685
f 1604/1685/675 1607/1686/675 1620/1686/675 1618/1685/675
f 1608/1694/684 1605/1678/684 1619/1678/684 1621/1694/684
f 1605/1678/687 1604/1687/687 1618/1687/687 1619/1678/687
f 1602/1696/693 1609/1689/693 1622/1689/693 1616/1696/693
f 1607/1688/686 1603/1674/686 1617/1674/686 1620/1688/686
f 1659/1722/694 1663/1689/694 1623/1689/694 1624/1690/694
f 1627/1722/638 1629/1695/638 1626/1695/638 1625/1690/638
f 1664/1723/695 1630/1723/695 1623/1689/695 1663/1689/695
f 1690/1694/691 1692/1694/691 1675/1694/691 1728/1694/691 1730/1694/691 1731/1694/691 1732/1724/691 1733/1725/691 1734/1694/691 1735/1726/691 1736/1727/691 1737/1694/691 1738/1727/691 1729/1694/691
f 1611/1689/649 1610/1690/649 1628/1722/649 1630/1723/649
f 1662/1695/695 1611/1689/695 1630/1723/695 1664/1723/695
f 1615/1690/638 1614/1695/638 1629/1695/638 1627/1722/638
f 1642/1727/691 1615/1694/691 1627/1694/691 1648/1694/691
f 1636/1723/696 1635/1722/696 1751/1722/696 1739/1723/696
f 1740/1689/649 1750/1728/649 1632/1690/649 1631/1689/649
f 1635/1694/691 1634/1694/691 1632/1694/691 1750/1694/691 1752/1725/691 1753/1694/691 1754/1725/691 1755/1724/691 1756/1726/691 1757/1694/691 1758/1729/691 1759/1727/691 1760/1694/691 1751/1694/691
f 1640/1723/683 1638/1722/683 1635/1722/683 1636/1723/683
f 1639/1689/695 1640/1723/695 1636/1723/695 1633/1689/695
f 1638/1694/697 1637/1694/697 1634/1694/697 1635/1694/697
f 1688/1723/695 1687/1689/695 1673/1689/695 1674/1689/695
f 1624/1690/692 1623/1689/692 1639/1689/692 1637/1690/692
f 1628/1694/691 1624/1694/691 1637/1694/691 1638/1694/691
f 1623/1689/698 1630/1723/698 1640/1723/698 1639/1689/698
f 1630/1723/696 1628/1722/696 1638/1722/696 1640/1723/696
f 1670/1724/691 1642/1727/691 1648/1694/691 1672/1694/691
f 1614/1695/695 1644/1695/695 1647/1689/695 1629/1695/695
f 1629/1695/698 1647/1689/698 1646/1689/698 1626/1695/698
f 1625/1690/692 1626/1695/692 1646/1689/692 1645/1722/692
f 1672/1694/691 1648/1694/691 1645/1694/691 1671/1694/691
f 1612/1683/684 1615/1694/684 1642/1727/684 1641/1683/684
f 1614/1695/689 1613/1696/689 1643/1696/689 1644/1695/689
f 1612/1683/699 1641/1683/699 1806/1683/699 1805/1683/699
f 1660/1694/691 1652/1694/691 1651/1694/691 1659/1694/691
f 1658/1724/691 1650/1724/691 1652/1694/691 1660/1694/691
f 1666/1695/695 1654/1695/695 1656/1723/695 1668/1723/695
f 1668/1723/695 1656/1723/695 1655/1689/695 1667/1689/695
f 1655/1689/700 1651/1722/700 1681/1722/700 1682/1689/700
f 1669/1683/684 1670/1724/684 1650/1724/684 1649/1683/684
f 1666/1695/689 1665/1696/689 1653/1696/689 1654/1695/689
f 1653/1696/638 1665/1696/638 2067/1696/638 2056/1696/638
f 1610/1694/691 1658/1724/691 1660/1694/691 1628/1694/691
f 1628/1694/691 1660/1694/691 1659/1694/691 1624/1694/691
f 1654/1695/695 1662/1695/695 1664/1723/695 1656/1723/695
f 1656/1723/698 1664/1723/698 1663/1689/698 1655/1689/698
f 1686/1694/697 1684/1694/697 1794/1694/697 1796/1694/697 1797/1727/697 1798/1730/697 1799/1694/697 1800/1727/697 1801/1726/697 1802/1727/697 1803/1694/697 1804/1724/697 1795/1730/697 1680/1694/697
f 1649/1683/684 1650/1724/684 1658/1724/684 1657/1683/684
f 1654/1695/689 1653/1696/689 1661/1696/689 1662/1695/689
f 1661/1696/701 1653/1696/701 1820/1696/701 1819/1696/701
f 1643/1675/638 1641/1683/638 2014/1683/638 2016/1731/638 2017/1732/638 2018/1733/638 2019/1734/638 2020/1735/638 2021/1736/638 2022/1737/638 2023/1738/638 2024/1739/638 2015/1740/638 2003/1741/638 2005/1742/638 2006/1743/638 2007/1744/638 2008/1745/638 2009/1746/638 2010/1747/638 2011/1748/638 2012/1749/638 2013/1750/638 2004/1675/638
f 1644/1695/689 1643/1696/689 1665/1696/689 1666/1695/689
f 1641/1683/684 1642/1727/684 1670/1724/684 1669/1683/684
f 1645/1722/692 1646/1689/692 1667/1689/692 1671/1722/692
f 1647/1689/698 1668/1723/698 1667/1689/698 1646/1689/698
f 1644/1695/695 1666/1695/695 1668/1723/695 1647/1689/695
f 1652/1694/691 1672/1694/691 1671/1694/691 1651/1694/691
f 1650/1724/691 1670/1724/691 1672/1694/691 1652/1694/691
f 1687/1689/698 1689/1689/698 1717/1689/698 1719/1695/698 1720/1723/698 1721/1695/698 1722/1723/698 1723/1723/698 1724/1723/698 1725/1723/698 1726/1695/698 1727/1723/698 1718/1689/698 1673/1689/698
f 1676/1690/692 1674/1689/692 1673/1689/692 1675/1690/692
f 1675/1690/694 1673/1689/694 1718/1689/694 1728/1751/694
f 1691/1722/638 1688/1723/638 1674/1689/638 1676/1690/638
f 1692/1694/691 1691/1694/691 1676/1694/691 1675/1694/691
f 1684/1722/638 1683/1695/638 1784/1689/638 1794/1722/638
f 1795/1722/694 1783/1695/694 1677/1689/694 1680/1722/694
f 1679/1696/638 1678/1696/638 1983/1696/638 1961/1696/638
f 1671/1722/702 1667/1689/702 1773/1689/702 1761/1722/702
f 1667/1689/698 1655/1689/698 1682/1689/698 1772/1689/698 1774/1695/698 1775/1752/698 1776/1723/698 1777/1723/698 1778/1723/698 1779/1723/698 1780/1723/698 1781/1723/698 1782/1723/698 1773/1753/698
f 1762/1722/694 1772/1689/694 1682/1689/694 1681/1722/694
f 1659/1694/697 1651/1694/697 1684/1694/697 1686/1694/697
f 1663/1689/649 1659/1722/649 1686/1722/649 1685/1695/649
f 1655/1689/698 1663/1689/698 1685/1695/698 1683/1695/698
f 1651/1722/638 1655/1689/638 1683/1695/638 1684/1722/638
f 1634/1694/691 1637/1694/691 1691/1694/691 1692/1694/691
f 1632/1694/697 1634/1694/697 1692/1694/697 1690/1694/697
f 1637/1690/638 1639/1689/638 1688/1723/638 1691/1722/638
f 1631/1689/649 1632/1690/649 1690/1722/649 1689/1689/649
f 1639/1689/695 1633/1689/695 1687/1689/695 1688/1723/695
f 1633/1689/698 1631/1689/698 1689/1689/698 1687/1689/698
f 1677/1689/695 1685/1695/695 1693/1695/695 1695/1689/695 1697/1723/695 1698/1754/695 1699/1752/695 1700/1723/695 1701/1695/695 1702/1723/695 1703/1723/695 1704/1695/695 1705/1723/695 1696/1689/695
f 1693/1695/649 1694/1722/649 1707/1722/649 1695/1755/649
f 1685/1695/683 1686/1722/683 1694/1722/683 1693/1695/683
f 1686/1694/691 1680/1694/691 1706/1694/691 1708/1694/691 1709/1730/691 1710/1694/691 1711/1694/691 1712/1724/691 1713/1724/691 1714/1726/691 1715/1694/691 1716/1694/691 1707/1694/691 1694/1694/691
f 1695/1755/703 1707/1722/703 1716/1722/703 1697/1723/703
f 1697/1723/704 1716/1722/704 1715/1722/704 1698/1754/704
f 1698/1754/705 1715/1722/705 1714/1722/705 1699/1752/705
f 1699/1752/706 1714/1722/706 1713/1722/706 1700/1723/706
f 1700/1723/707 1713/1722/707 1712/1722/707 1701/1695/707
f 1701/1695/708 1712/1722/708 1711/1722/708 1702/1723/708
f 1702/1723/709 1711/1722/709 1710/1756/709 1703/1723/709
f 1703/1723/710 1710/1756/710 1709/1722/710 1704/1695/710
f 1704/1695/711 1709/1722/711 1708/1722/711 1705/1723/711
f 1705/1723/712 1708/1722/712 1706/1756/712 1696/1689/712
f 1680/1722/692 1677/1689/692 1696/1689/692 1706/1756/692
f 1717/1689/713 1729/1722/713 1738/1690/713 1719/1695/713
f 1719/1695/714 1738/1690/714 1737/1690/714 1720/1723/714
f 1720/1723/715 1737/1690/715 1736/1690/715 1721/1695/715
f 1721/1695/716 1736/1690/716 1735/1690/716 1722/1723/716
f 1722/1723/717 1735/1690/717 1734/1690/717 1723/1723/717
f 1723/1723/718 1734/1690/718 1733/1690/718 1724/1723/718
f 1724/1723/719 1733/1690/719 1732/1722/719 1725/1723/719
f 1725/1723/720 1732/1722/720 1731/1690/720 1726/1695/720
f 1726/1695/721 1731/1690/721 1730/1690/721 1727/1723/721
f 1727/1723/722 1730/1690/722 1728/1751/722 1718/1689/722
f 1689/1689/649 1690/1722/649 1729/1722/649 1717/1689/649
f 1750/1728/723 1740/1689/723 1749/1752/723 1752/1722/723
f 1752/1722/724 1749/1752/724 1748/1752/724 1753/1722/724
f 1753/1722/725 1748/1752/725 1747/1752/725 1754/1722/725
f 1754/1722/726 1747/1752/726 1746/1752/726 1755/1722/726
f 1755/1722/727 1746/1752/727 1745/1752/727 1756/1722/727
f 1756/1722/728 1745/1752/728 1744/1752/728 1757/1722/728
f 1757/1722/729 1744/1752/729 1743/1752/729 1758/1722/729
f 1758/1722/730 1743/1752/730 1742/1752/730 1759/1722/730
f 1759/1722/731 1742/1752/731 1741/1752/731 1760/1722/731
f 1760/1722/732 1741/1752/732 1739/1723/732 1751/1722/732
f 1633/1689/698 1636/1723/698 1739/1723/698 1741/1752/698 1742/1752/698 1743/1752/698 1744/1752/698 1745/1752/698 1746/1752/698 1747/1752/698 1748/1752/698 1749/1752/698 1740/1689/698 1631/1689/698
f 1772/1689/733 1762/1722/733 1771/1722/733 1774/1695/733
f 1774/1695/734 1771/1722/734 1770/1722/734 1775/1752/734
f 1775/1752/735 1770/1722/735 1769/1722/735 1776/1723/735
f 1776/1723/736 1769/1722/736 1768/1722/736 1777/1723/736
f 1777/1723/737 1768/1722/737 1767/1722/737 1778/1723/737
f 1778/1723/738 1767/1722/738 1766/1722/738 1779/1723/738
f 1779/1723/739 1766/1722/739 1765/1722/739 1780/1723/739
f 1780/1723/740 1765/1722/740 1764/1722/740 1781/1723/740
f 1781/1723/741 1764/1722/741 1763/1722/741 1782/1723/741
f 1782/1723/742 1763/1722/742 1761/1722/742 1773/1689/742
f 1651/1694/691 1671/1694/691 1761/1694/691 1763/1694/691 1764/1694/691 1765/1757/691 1766/1724/691 1767/1724/691 1768/1694/691 1769/1694/691 1770/1724/691 1771/1757/691 1762/1694/691 1681/1694/691
f 1783/1695/743 1795/1722/743 1804/1722/743 1785/1723/743
f 1785/1723/744 1804/1722/744 1803/1722/744 1786/1695/744
f 1786/1695/745 1803/1722/745 1802/1722/745 1787/1723/745
f 1787/1723/746 1802/1722/746 1801/1722/746 1788/1695/746
f 1788/1695/747 1801/1722/747 1800/1722/747 1789/1723/747
f 1789/1723/748 1800/1722/748 1799/1722/748 1790/1723/748
f 1790/1723/749 1799/1722/749 1798/1722/749 1791/1695/749
f 1791/1695/750 1798/1722/750 1797/1722/750 1792/1723/750
f 1792/1723/751 1797/1722/751 1796/1722/751 1793/1723/751
f 1793/1723/752 1796/1722/752 1794/1722/752 1784/1689/752
f 1683/1695/698 1685/1695/698 1677/1689/698 1783/1689/698 1785/1723/698 1786/1695/698 1787/1723/698 1788/1695/698 1789/1723/698 1790/1723/698 1791/1695/698 1792/1723/698 1793/1723/698 1784/1695/698
f 1613/1675/638 1612/1683/638 1805/1683/638 1678/1675/638
f 1643/1696/701 1613/1696/701 1678/1696/701 1679/1696/701
f 1641/1683/649 1643/1675/649 1679/1675/649 1806/1683/649
f 1970/1758/753 1984/1742/753 1982/1708/753 2154/1759/753 2156/1760/753 2157/1761/753 2158/1762/753 2159/1763/753 2160/1764/753 2161/1765/753 2162/1766/753 2163/1767/753 2164/1768/753 2155/1769/753
f 1606/1683/699 1612/1683/699 1810/1683/699 1808/1683/699
f 1612/1683/649 1613/1675/649 1809/1675/649 1810/1683/649
f 1613/1696/701 1602/1696/701 1807/1696/701 1809/1696/701
f 1888/1739/754 1900/1739/754 2110/1770/754 2112/1771/754 2113/1772/754 2114/1773/754 2115/1774/754 2116/1775/754 2117/1776/754 2118/1777/754 2119/1778/754 2120/1779/754 2111/1740/754 1879/1740/754
f 1606/1683/649 1602/1675/649 1813/1675/649 1814/1683/649
f 1595/1683/699 1606/1683/699 1814/1683/699 1812/1683/699
f 1602/1675/701 1591/1675/701 1811/1675/701 1813/1675/701
f 1816/1683/638 1818/1683/638 1857/1683/638 1834/1683/638
f 1591/1675/755 1583/1675/755 1815/1675/755 1817/1675/755
f 1583/1675/756 1587/1683/756 1816/1683/756 1815/1675/756
f 1587/1683/757 1595/1683/757 1818/1683/757 1816/1683/757
f 1817/1675/638 1815/1675/638 1824/1675/638 1845/1675/638
f 1815/1675/756 1816/1683/756 1834/1683/756 1836/1780/756 1837/1781/756 1838/1733/756 1839/1734/756 1840/1735/756 1841/1736/756 1842/1737/756 1843/1738/756 1844/1739/756 1835/1782/756 1823/1708/756 1825/1707/756 1826/1783/756 1827/1784/756 1828/1785/756 1829/1786/756 1830/1787/756 1831/1788/756 1832/1789/756 1833/1790/756 1824/1675/756
f 1811/1675/638 1812/1683/638 1878/1683/638 1880/1791/638 1881/1732/638 1882/1733/638 1883/1734/638 1884/1735/638 1885/1792/638 1886/1737/638 1887/1738/638 1888/1739/638 1879/1782/638 1867/1708/638 1869/1707/638 1870/1783/638 1871/1793/638 1872/1785/638 1873/1794/638 1874/1795/638 1875/1796/638 1876/1797/638 1877/1790/638 1868/1675/638
f 1818/1683/758 1817/1675/758 1845/1675/758 1847/1790/758 1848/1789/758 1849/1796/758 1850/1787/758 1851/1794/758 1852/1798/758 1853/1784/758 1854/1743/758 1855/1707/758 1846/1741/758 1856/1782/758 1858/1739/758 1859/1799/758 1860/1800/758 1861/1736/758 1862/1735/758 1863/1734/758 1864/1733/758 1865/1781/758 1866/1731/758 1857/1683/758
f 1813/1675/638 1811/1675/638 1868/1675/638 1889/1675/638
f 1814/1683/759 1813/1675/759 1889/1675/759 1890/1790/759 1891/1789/759 1892/1796/759 1893/1787/759 1894/1786/759 1895/1785/759 1896/1801/759 1897/1783/759 1898/1707/759 2100/1802/759 2110/1803/759 1900/1739/759 1901/1738/759 1902/1804/759 1903/1805/759 1904/1735/759 1905/1734/759 1906/1806/759 1907/1732/759 1908/1807/759 1899/1683/759
f 1812/1683/638 1814/1683/638 1899/1683/638 1878/1683/638
f 1807/1675/638 1808/1683/638 1920/1683/638 1922/1731/638 1923/1732/638 1924/1733/638 1925/1734/638 1926/1735/638 1927/1736/638 1928/1808/638 1929/1809/638 1930/1739/638 1921/1782/638 1909/1708/638 1911/1810/638 1912/1811/638 1913/1744/638 1914/1745/638 1915/1746/638 1916/1812/638 1917/1748/638 1918/1749/638 1919/1813/638 1910/1675/638
f 1809/1696/638 1807/1696/638 1910/1696/638 1931/1696/638
f 1808/1683/638 1810/1683/638 1941/1683/638 1920/1683/638
f 1930/1739/760 1942/1739/760 2132/1814/760 2134/1815/760 2135/1816/760 2136/1817/760 2137/1818/760 2138/1819/760 2139/1820/760 2140/1821/760 2141/1778/760 2142/1822/760 2133/1740/760 1921/1740/760
f 1810/1683/761 1809/1675/761 1931/1675/761 1932/1823/761 1933/1824/761 1934/1825/761 1935/1747/761 1936/1826/761 1937/1827/761 1938/1784/761 1939/1811/761 1940/1758/761 2122/1828/761 2132/1829/761 1942/1739/761 1943/1738/761 1944/1808/761 1945/1736/761 1946/1735/761 1947/1734/761 1948/1733/761 1949/1781/761 1950/1731/761 1941/1683/761
f 1805/1683/638 1806/1683/638 1951/1683/638 1971/1683/638
f 1669/1683/649 1665/1675/649 1993/1675/649 1994/1750/649 1995/1830/649 1996/1748/649 1997/1831/649 1998/1832/649 1999/1745/649 2000/1744/649 2001/1743/649 2002/1742/649 2166/1742/649 2176/1739/649 2026/1739/649 2027/1738/649 2028/1808/649 2029/1736/649 2030/1735/649 2031/1734/649 2032/1733/649 2033/1781/649 2034/1833/649 2025/1683/649
f 1806/1683/762 1679/1675/762 1961/1675/762 1962/1834/762 1963/1830/762 1964/1748/762 1965/1747/762 1966/1832/762 1967/1835/762 1968/1801/762 1969/1743/762 1970/1707/762 2155/1836/762 2143/1837/762 1952/1739/762 1953/1799/762 1954/1838/762 1955/1736/762 1956/1735/762 1957/1734/762 1958/1733/762 1959/1732/762 1960/1731/762 1951/1683/762
f 1678/1675/638 1805/1683/638 1971/1683/638 1973/1731/638 1974/1732/638 1975/1733/638 1976/1734/638 1977/1735/638 1978/1736/638 1979/1737/638 1980/1738/638 1981/1739/638 1972/1782/638 1982/1741/638 1984/1758/638 1985/1743/638 1986/1793/638 1987/1785/638 1988/1832/638 1989/1747/638 1990/1748/638 1991/1749/638 1992/1834/638 1983/1675/638
f 2024/1739/763 2026/1739/763 2176/1739/763 2178/1839/763 2179/1840/763 2180/1841/763 2181/1842/763 2182/1843/763 2183/1844/763 2184/1845/763 2185/1846/763 2186/1847/763 2177/1740/763 2015/1740/763
f 1665/1696/638 1643/1696/638 2004/1696/638 1993/1696/638
f 1669/1683/638 1649/1683/638 2046/1683/638 2035/1683/638
f 1641/1683/638 1669/1683/638 2025/1683/638 2014/1683/638
f 1665/1675/638 1669/1683/638 2035/1683/638 2037/1731/638 2038/1732/638 2039/1733/638 2040/1734/638 2041/1735/638 2042/1736/638 2043/1804/638 2044/1738/638 2045/1848/638 2036/1740/638 2066/1708/638 2068/1742/638 2069/1811/638 2070/1849/638 2071/1835/638 2072/1850/638 2073/1747/638 2074/1748/638 2075/1749/638 2076/1823/638 2067/1675/638
f 1649/1683/764 1653/1675/764 2056/1675/764 2057/1813/764 2058/1749/764 2059/1748/764 2060/1747/764 2061/1746/764 2062/1835/764 2063/1744/764 2064/1783/764 2065/1742/764 2199/1851/764 2187/1852/764 2047/1739/764 2048/1738/764 2049/1804/764 2050/1736/764 2051/1735/764 2052/1734/764 2053/1733/764 2054/1732/764 2055/1853/764 2046/1683/764
f 2065/1758/765 2068/1742/765 2066/1708/765 2198/1708/765 2200/1854/765 2201/1855/765 2202/1856/765 2203/1857/765 2204/1858/765 2205/1859/765 2206/1860/765 2207/1861/765 2208/1862/765 2199/1863/765
f 1820/1675/688 1821/1683/688 1822/1683/688 1819/1675/688
f 1653/1675/638 1649/1683/638 1821/1683/638 1820/1675/638
f 1657/1683/766 1661/1675/766 1819/1675/766 1822/1683/766
f 1649/1683/699 1657/1683/699 1822/1683/699 1821/1683/699
f 1834/1683/767 1857/1683/767 1866/1731/767 1836/1780/767
f 1836/1780/768 1866/1731/768 1865/1781/768 1837/1781/768
f 1837/1781/769 1865/1781/769 1864/1733/769 1838/1733/769
f 1838/1733/770 1864/1733/770 1863/1734/770 1839/1734/770
f 1839/1734/771 1863/1734/771 1862/1735/771 1840/1735/771
f 1840/1735/772 1862/1735/772 1861/1736/772 1841/1736/772
f 1841/1736/773 1861/1736/773 1860/1800/773 1842/1737/773
f 1842/1737/774 1860/1800/774 1859/1799/774 1843/1738/774
f 1843/1738/775 1859/1799/775 1858/1739/775 1844/1739/775
f 1844/1739/776 1858/1739/776 1856/1782/776 1835/1782/776
f 1845/1675/777 1824/1675/777 1833/1790/777 1847/1790/777
f 1847/1790/778 1833/1790/778 1832/1789/778 1848/1789/778
f 1848/1789/779 1832/1789/779 1831/1788/779 1849/1796/779
f 1849/1796/780 1831/1788/780 1830/1787/780 1850/1787/780
f 1850/1787/781 1830/1787/781 1829/1786/781 1851/1794/781
f 1851/1794/782 1829/1786/782 1828/1785/782 1852/1798/782
f 1852/1798/783 1828/1785/783 1827/1784/783 1853/1784/783
f 1853/1784/784 1827/1784/784 1826/1783/784 1854/1743/784
f 1854/1743/785 1826/1783/785 1825/1707/785 1855/1707/785
f 1855/1707/786 1825/1707/786 1823/1708/786 1846/1741/786
f 1878/1683/787 1899/1683/787 1908/1807/787 1880/1791/787
f 1880/1791/788 1908/1807/788 1907/1732/788 1881/1732/788
f 1881/1732/789 1907/1732/789 1906/1806/789 1882/1733/789
f 1882/1733/790 1906/1806/790 1905/1734/790 1883/1734/790
f 1883/1734/791 1905/1734/791 1904/1735/791 1884/1735/791
f 1884/1735/792 1904/1735/792 1903/1805/792 1885/1792/792
f 1885/1792/793 1903/1805/793 1902/1804/793 1886/1737/793
f 1886/1737/794 1902/1804/794 1901/1738/794 1887/1738/794
f 1887/1738/795 1901/1738/795 1900/1739/795 1888/1739/795
f 1940/1707/796 1911/1707/796 1909/1708/796 2121/1708/796 2123/1709/796 2124/1710/796 2125/1762/796 2126/1864/796 2127/1865/796 2128/1866/796 2129/1867/796 2130/1868/796 2131/1869/796 2122/1870/796
f 1889/1675/797 1868/1675/797 1877/1790/797 1890/1790/797
f 1890/1790/798 1877/1790/798 1876/1797/798 1891/1789/798
f 1891/1789/799 1876/1797/799 1875/1796/799 1892/1796/799
f 1892/1796/800 1875/1796/800 1874/1795/800 1893/1787/800
f 1893/1787/801 1874/1795/801 1873/1794/801 1894/1786/801
f 1894/1786/802 1873/1794/802 1872/1785/802 1895/1785/802
f 1895/1785/803 1872/1785/803 1871/1793/803 1896/1801/803
f 1896/1801/804 1871/1793/804 1870/1783/804 1897/1783/804
f 1897/1783/805 1870/1783/805 1869/1707/805 1898/1707/805
f 1867/1708/688 1879/1740/688 2111/1740/688 2099/1708/688
f 1931/1696/806 1910/1696/806 1919/1696/806 1932/1696/806
f 1932/1696/807 1919/1696/807 1918/1696/807 1933/1696/807
f 1933/1696/808 1918/1696/808 1917/1696/808 1934/1696/808
f 1934/1696/809 1917/1696/809 1916/1696/809 1935/1696/809
f 1935/1696/810 1916/1696/810 1915/1696/810 1936/1696/810
f 1936/1675/811 1915/1675/811 1914/1745/811 1937/1827/811
f 1937/1827/812 1914/1745/812 1913/1744/812 1938/1744/812
f 1938/1744/813 1913/1744/813 1912/1811/813 1939/1811/813
f 1939/1811/814 1912/1811/814 1911/1707/814 1940/1707/814
f 1909/1708/688 1921/1740/688 2133/1740/688 2121/1741/688
f 1920/1683/815 1941/1683/815 1950/1731/815 1922/1731/815
f 1922/1731/816 1950/1731/816 1949/1781/816 1923/1732/816
f 1923/1732/817 1949/1781/817 1948/1733/817 1924/1733/817
f 1924/1733/818 1948/1733/818 1947/1734/818 1925/1734/818
f 1925/1734/819 1947/1734/819 1946/1735/819 1926/1735/819
f 1926/1735/820 1946/1735/820 1945/1736/820 1927/1736/820
f 1927/1736/821 1945/1736/821 1944/1808/821 1928/1808/821
f 1928/1808/822 1944/1808/822 1943/1738/822 1929/1809/822
f 1929/1809/823 1943/1738/823 1942/1739/823 1930/1739/823
f 1981/1739/824 1952/1739/824 2143/1871/824 2145/1872/824 2146/1873/824 2147/1874/824 2148/1875/824 2149/1876/824 2150/1877/824 2151/1878/824 2152/1879/824 2153/1822/824 2144/1880/824 1972/1782/824
f 1971/1683/825 1951/1683/825 1960/1731/825 1973/1731/825
f 1973/1731/826 1960/1731/826 1959/1732/826 1974/1732/826
f 1974/1732/827 1959/1732/827 1958/1733/827 1975/1733/827
f 1975/1733/828 1958/1733/828 1957/1734/828 1976/1734/828
f 1976/1734/829 1957/1734/829 1956/1735/829 1977/1735/829
f 1977/1735/830 1956/1735/830 1955/1736/830 1978/1736/830
f 1978/1736/831 1955/1736/831 1954/1838/831 1979/1737/831
f 1979/1737/832 1954/1838/832 1953/1799/832 1980/1738/832
f 1980/1738/833 1953/1799/833 1952/1739/833 1981/1739/833
f 1982/1708/688 1972/1782/688 2144/1740/688 2154/1708/688
f 1961/1696/834 1983/1696/834 1992/1696/834 1962/1696/834
f 1962/1696/835 1992/1696/835 1991/1696/835 1963/1696/835
f 1963/1696/836 1991/1696/836 1990/1696/836 1964/1696/836
f 1964/1696/837 1990/1696/837 1989/1696/837 1965/1696/837
f 1965/1696/838 1989/1696/838 1988/1696/838 1966/1696/838
f 1966/1675/839 1988/1675/839 1987/1835/839 1967/1785/839
f 1967/1785/840 1987/1835/840 1986/1784/840 1968/1744/840
f 1968/1744/841 1986/1784/841 1985/1783/841 1969/1743/841
f 1969/1743/842 1985/1783/842 1984/1742/842 1970/1758/842
f 2002/1707/843 2005/1707/843 2003/1708/843 2165/1708/843 2167/1881/843 2168/1882/843 2169/1883/843 2170/1884/843 2171/1885/843 2172/1886/843 2173/1887/843 2174/1888/843 2175/1889/843 2166/1707/843
f 1993/1696/844 2004/1696/844 2013/1890/844 1994/1696/844
f 1994/1696/845 2013/1890/845 2012/1696/845 1995/1696/845
f 1995/1696/846 2012/1696/846 2011/1696/846 1996/1696/846
f 1996/1696/847 2011/1696/847 2010/1696/847 1997/1696/847
f 1997/1696/848 2010/1696/848 2009/1696/848 1998/1696/848
f 1998/1675/849 2009/1675/849 2008/1785/849 1999/1827/849
f 1999/1827/850 2008/1785/850 2007/1784/850 2000/1744/850
f 2000/1744/851 2007/1784/851 2006/1783/851 2001/1783/851
f 2001/1783/852 2006/1783/852 2005/1707/852 2002/1707/852
f 2003/1708/688 2015/1740/688 2177/1740/688 2165/1708/688
f 2014/1683/853 2025/1683/853 2034/1833/853 2016/1731/853
f 2016/1731/854 2034/1833/854 2033/1781/854 2017/1732/854
f 2017/1732/855 2033/1781/855 2032/1733/855 2018/1733/855
f 2018/1733/856 2032/1733/856 2031/1734/856 2019/1734/856
f 2019/1734/857 2031/1734/857 2030/1735/857 2020/1735/857
f 2020/1735/858 2030/1735/858 2029/1736/858 2021/1736/858
f 2021/1736/859 2029/1736/859 2028/1808/859 2022/1737/859
f 2022/1737/860 2028/1808/860 2027/1738/860 2023/1738/860
f 2023/1738/861 2027/1738/861 2026/1739/861 2024/1739/861
f 2045/1848/862 2047/1739/862 2187/1891/862 2189/1892/862 2190/1893/862 2191/1894/862 2192/1895/862 2193/1896/862 2194/1897/862 2195/1898/862 2196/1899/862 2197/1900/862 2188/1740/862 2036/1740/862
f 2035/1683/863 2046/1683/863 2055/1853/863 2037/1731/863
f 2037/1731/864 2055/1853/864 2054/1732/864 2038/1732/864
f 2038/1732/865 2054/1732/865 2053/1733/865 2039/1733/865
f 2039/1733/866 2053/1733/866 2052/1734/866 2040/1734/866
f 2040/1734/867 2052/1734/867 2051/1735/867 2041/1735/867
f 2041/1735/868 2051/1735/868 2050/1736/868 2042/1736/868
f 2042/1736/869 2050/1736/869 2049/1804/869 2043/1804/869
f 2043/1804/870 2049/1804/870 2048/1738/870 2044/1738/870
f 2044/1738/871 2048/1738/871 2047/1739/871 2045/1848/871
f 2066/1708/688 2036/1740/688 2188/1740/688 2198/1708/688
f 2056/1696/872 2067/1696/872 2076/1890/872 2057/1696/872
f 2057/1696/873 2076/1890/873 2075/1696/873 2058/1696/873
f 2058/1696/874 2075/1696/874 2074/1696/874 2059/1696/874
f 2059/1696/875 2074/1696/875 2073/1696/875 2060/1696/875
f 2060/1696/876 2073/1696/876 2072/1696/876 2061/1696/876
f 2061/1675/877 2072/1675/877 2071/1785/877 2062/1827/877
f 2062/1827/878 2071/1785/878 2070/1744/878 2063/1744/878
f 2063/1744/879 2070/1744/879 2069/1783/879 2064/1783/879
f 2064/1783/880 2069/1783/880 2068/1742/880 2065/1758/880
f 1823/1708/881 1835/1782/881 1856/1782/881 1846/1741/881
f 2088/1675/882 2078/1683/882 2087/1901/882 2090/1902/882
f 2090/1902/883 2087/1901/883 2086/1903/883 2091/1904/883
f 2091/1904/884 2086/1903/884 2085/1905/884 2092/1906/884
f 2092/1906/885 2085/1905/885 2084/1907/885 2093/1908/885
f 2093/1908/886 2084/1907/886 2083/1683/886 2094/1909/886
f 2094/1910/887 2083/1721/887 2082/1911/887 2095/1912/887
f 2095/1912/888 2082/1911/888 2081/1913/888 2096/1703/888
f 2096/1703/889 2081/1913/889 2080/1914/889 2097/1915/889
f 2097/1915/890 2080/1914/890 2079/1916/890 2098/1917/890
f 2098/1917/891 2079/1916/891 2077/1719/891 2089/1706/891
f 2110/1803/892 2100/1802/892 2109/1717/892 2112/1771/892
f 2112/1771/893 2109/1717/893 2108/1716/893 2113/1772/893
f 2113/1772/889 2108/1716/889 2107/1715/889 2114/1773/889
f 2114/1773/894 2107/1715/894 2106/1714/894 2115/1774/894
f 2115/1774/895 2106/1714/895 2105/1713/895 2116/1775/895
f 2116/1775/896 2105/1713/896 2104/1712/896 2117/1776/896
f 2117/1776/897 2104/1712/897 2103/1711/897 2118/1777/897
f 2118/1777/898 2103/1711/898 2102/1710/898 2119/1778/898
f 2119/1778/899 2102/1710/899 2101/1709/899 2120/1779/899
f 2120/1779/900 2101/1709/900 2099/1708/900 2111/1740/900
f 2132/1829/901 2122/1828/901 2131/1869/901 2134/1815/901
f 2134/1815/902 2131/1869/902 2130/1868/902 2135/1816/902
f 2135/1816/903 2130/1868/903 2129/1867/903 2136/1817/903
f 2136/1817/894 2129/1867/894 2128/1866/894 2137/1818/894
f 2137/1818/904 2128/1866/904 2127/1865/904 2138/1819/904
f 2138/1819/905 2127/1865/905 2126/1864/905 2139/1820/905
f 2139/1820/906 2126/1864/906 2125/1762/906 2140/1821/906
f 2140/1821/907 2125/1762/907 2124/1710/907 2141/1778/907
f 2141/1778/908 2124/1710/908 2123/1709/908 2142/1822/908
f 2142/1822/882 2123/1709/882 2121/1741/882 2133/1740/882
f 2154/1708/882 2144/1740/882 2153/1822/882 2156/1760/882
f 2156/1760/899 2153/1822/899 2152/1879/899 2157/1761/899
f 2157/1761/909 2152/1879/909 2151/1878/909 2158/1762/909
f 2158/1762/910 2151/1878/910 2150/1877/910 2159/1763/910
f 2159/1763/905 2150/1877/905 2149/1876/905 2160/1764/905
f 2160/1764/895 2149/1876/895 2148/1875/895 2161/1765/895
f 2161/1765/894 2148/1875/894 2147/1874/894 2162/1766/894
f 2162/1766/903 2147/1874/903 2146/1873/903 2163/1767/903
f 2163/1767/911 2146/1873/911 2145/1872/911 2164/1768/911
f 2164/1768/912 2145/1872/912 2143/1837/912 2155/1836/912
f 2176/1739/913 2166/1742/913 2175/1889/913 2178/1839/913
f 2178/1839/914 2175/1889/914 2174/1888/914 2179/1840/914
f 2179/1840/915 2174/1888/915 2173/1887/915 2180/1841/915
f 2180/1841/916 2173/1887/916 2172/1886/916 2181/1842/916
f 2181/1842/917 2172/1886/917 2171/1885/917 2182/1843/917
f 2182/1843/918 2171/1885/918 2170/1884/918 2183/1844/918
f 2183/1844/919 2170/1884/919 2169/1883/919 2184/1845/919
f 2184/1845/920 2169/1883/920 2168/1882/920 2185/1846/920
f 2185/1846/921 2168/1882/921 2167/1881/921 2186/1847/921
f 2186/1847/922 2167/1881/922 2165/1708/922 2177/1740/922
f 2187/1852/923 2199/1851/923 2208/1862/923 2189/1892/923
f 2189/1892/924 2208/1862/924 2207/1861/924 2190/1893/924
f 2190/1893/925 2207/1861/925 2206/1860/925 2191/1894/925
f 2191/1894/894 2206/1860/894 2205/1859/894 2192/1895/894
f 2192/1895/895 2205/1859/895 2204/1858/895 2193/1896/895
f 2193/1896/926 2204/1858/926 2203/1857/926 2194/1897/926
f 2194/1897/885 2203/1857/885 2202/1856/885 2195/1898/885
f 2195/1898/927 2202/1856/927 2201/1855/927 2196/1899/927
f 2196/1899/883 2201/1855/883 2200/1854/883 2197/1900/883
f 2197/1900/882 2200/1854/882 2198/1708/882 2188/1740/882
f 1657/1683/684 1658/1724/684 1610/1694/684 2077/1918/684 2079/1919/684 2080/1920/684 2081/1921/684 2082/1922/684 2083/1923/684 2084/1924/684 2085/1925/684 2086/1926/684 2087/1927/684 2078/1683/684
f 2333/1928/928 2305/1929/928 2211/1632/928 2330/1930/928
f 2305/1931/638 2306/1932/638 2212/1628/638 2211/1632/638
f 2222/1933/929 2299/1934/929 2300/1935/929 2434/1936/929 2436/1937/929 2437/1938/929 2438/1939/929 2439/1940/929 2440/1941/929 2441/1942/929 2442/1943/929 2443/1944/929 2444/1945/929 2435/1933/929
f 2301/1946/930 2300/1935/930 2290/1947/930 2234/1948/930
f 2411/1949/930 2434/1950/930 2300/1935/930 2301/1946/930
f 2308/1951/931 2223/1952/931 2232/1953/931 2311/1954/931
f 2311/1954/932 2232/1953/932 2231/1955/932 2312/1956/932
f 2312/1956/933 2231/1955/933 2230/1957/933 2310/1958/933
f 2310/1958/934 2230/1957/934 2229/1959/934 2309/1960/934
f 2309/1960/935 2229/1959/935 2228/1961/935 2313/1962/935
f 2313/1963/936 2228/1964/936 2227/1965/936 2314/1966/936
f 2314/1966/937 2227/1965/937 2226/1967/937 2315/1968/937
f 2315/1968/938 2226/1967/938 2225/1969/938 2316/1970/938
f 2316/1970/939 2225/1969/939 2224/1971/939 2317/1972/939
f 2445/1973/940 2224/1973/940 2225/1974/940 2226/1975/940 2227/1976/940 2228/1977/940 2229/1978/940 2230/1979/940 2231/1980/940 2232/1981/940 2223/1982/940 2325/1983/940 2320/1984/940 2330/1930/940 2211/1632/940 2212/1628/940 2423/1985/940
f 2212/1628/638 2306/1932/638 2235/1986/638 2302/1987/638 2210/1988/638 2237/1988/638 2239/1989/638 2240/1990/638 2241/1991/638 2242/1992/638 2243/1993/638 2244/1994/638 2245/1995/638 2246/1996/638 2247/1997/638 2238/1998/638 2259/1999/638 2261/2000/638 2262/2001/638 2263/2002/638 2264/2003/638 2265/2004/638 2266/2005/638 2267/2006/638 2268/2007/638 2269/2008/638 2260/1628/638
f 2410/2009/941 2210/1988/941 2209/2010/941 2329/2011/941 2319/2012/941 2324/2013/941 2213/2014/941 2214/2015/941 2215/2016/941 2216/2017/941 2217/2018/941 2218/2019/941 2219/2020/941 2220/2021/941 2221/2022/941 2222/2023/941 2435/2023/941
f 2307/2024/930 2318/2025/930 2446/2026/930 2422/2027/930
f 2271/2028/942 2259/2029/942 2238/2030/942 2248/2031/942
f 2237/1988/943 2249/2032/943 2258/2032/943 2239/1988/943
f 2239/1988/944 2258/2032/944 2257/2032/944 2240/1988/944
f 2240/1988/945 2257/2032/945 2256/2032/945 2241/1988/945
f 2241/1988/946 2256/2032/946 2255/2032/946 2242/2033/946
f 2242/2033/947 2255/2032/947 2254/2032/947 2243/1988/947
f 2243/1624/948 2254/2034/948 2253/2035/948 2244/2036/948
f 2244/2036/949 2253/2035/949 2252/2037/949 2245/2038/949
f 2245/2038/950 2252/2037/950 2251/2039/950 2246/2040/950
f 2246/2040/951 2251/2039/951 2250/2041/951 2247/2042/951
f 2247/2042/952 2250/2041/952 2248/2031/952 2238/2030/952
f 2259/2029/953 2271/2028/953 2280/2043/953 2261/2044/953
f 2261/2044/954 2280/2043/954 2279/2045/954 2262/2046/954
f 2262/2046/955 2279/2045/955 2278/2047/955 2263/2048/955
f 2263/2048/956 2278/2047/956 2277/2049/956 2264/2050/956
f 2264/2050/957 2277/2049/957 2276/2051/957 2265/1628/957
f 2265/1628/958 2276/2051/958 2275/2052/958 2266/1628/958
f 2266/1628/959 2275/2052/959 2274/2051/959 2267/1628/959
f 2267/1628/960 2274/2051/960 2273/2051/960 2268/1628/960
f 2268/1628/961 2273/2051/961 2272/2051/961 2269/1628/961
f 2269/1628/962 2272/2051/962 2270/2051/962 2260/1628/962
f 2412/2053/649 2411/1949/649 2301/1946/649 2234/1948/649 2307/2024/649 2422/2027/649 2424/2054/649 2270/2054/649 2272/2055/649 2273/2056/649 2274/2057/649 2275/2058/649 2276/2059/649 2277/2060/649 2278/2061/649 2279/2062/649 2280/2063/649 2271/2064/649 2248/2065/649 2250/2066/649 2251/2067/649 2252/2068/649 2253/2069/649 2254/2070/649 2255/2071/649 2256/2072/649 2257/2073/649 2258/2074/649 2249/2075/649
f 2299/1934/929 2289/2076/929 2290/1947/929 2300/1935/929
f 2298/2077/939 2288/2078/939 2289/2076/939 2299/1934/939
f 2297/2079/938 2287/2080/938 2288/2078/938 2298/2077/938
f 2296/2081/937 2286/2082/937 2287/2080/937 2297/2079/937
f 2295/2083/936 2285/2084/936 2286/2082/936 2296/2081/936
f 2294/2085/935 2284/2086/935 2285/2087/935 2295/2088/935
f 2293/2089/934 2283/2090/934 2284/2086/934 2294/2085/934
f 2292/2091/933 2282/2092/933 2283/2090/933 2293/2089/933
f 2291/2093/932 2281/2094/932 2282/2092/932 2292/2091/932
f 2304/2095/931 2233/2096/931 2281/2094/931 2291/2093/931
f 2303/2097/638 2302/1987/638 2235/1986/638 2236/2098/638
f 2332/2099/928 2303/2100/928 2236/1634/928 2331/2101/928
f 2329/2102/928 2209/1644/928 2303/2100/928 2332/2099/928
f 2209/2010/638 2210/1988/638 2302/1987/638 2303/2097/638
f 2213/2103/931 2304/2095/931 2291/2093/931 2214/2104/931
f 2214/2104/932 2291/2093/932 2292/2091/932 2215/2105/932
f 2215/2105/933 2292/2091/933 2293/2089/933 2216/2106/933
f 2216/2106/934 2293/2089/934 2294/2085/934 2217/2107/934
f 2217/2107/935 2294/2085/935 2295/2088/935 2218/2108/935
f 2218/2109/936 2295/2083/936 2296/2081/936 2219/2110/936
f 2219/2110/937 2296/2081/937 2297/2079/937 2220/2111/937
f 2220/2111/938 2297/2079/938 2298/2077/938 2221/2112/938
f 2221/2112/939 2298/2077/939 2299/1934/939 2222/1933/939
f 2317/1972/929 2224/1971/929 2445/1971/929 2447/2113/929 2448/2114/929 2449/2115/929 2450/2116/929 2451/2117/929 2452/2118/929 2453/2119/929 2454/2120/929 2455/2121/929 2446/2026/929 2318/2025/929
f 2424/2051/940 2423/2122/940 2212/1628/940 2260/1628/940 2270/2051/940
f 2234/1948/930 2290/1947/930 2318/2025/930 2307/2024/930
f 2289/2076/929 2317/1972/929 2318/2025/929 2290/1947/929
f 2288/2078/939 2316/1970/939 2317/1972/939 2289/2076/939
f 2287/2080/938 2315/1968/938 2316/1970/938 2288/2078/938
f 2286/2082/937 2314/1966/937 2315/1968/937 2287/2080/937
f 2285/2084/936 2313/1963/936 2314/1966/936 2286/2082/936
f 2284/2086/935 2309/1960/935 2313/1962/935 2285/2087/935
f 2283/2090/934 2310/1958/934 2309/1960/934 2284/2086/934
f 2282/2092/933 2312/1956/933 2310/1958/933 2283/2090/933
f 2281/2094/932 2311/1954/932 2312/1956/932 2282/2092/932
f 2233/2096/931 2308/1951/931 2311/1954/931 2281/2094/931
f 2236/2098/638 2235/1986/638 2306/1932/638 2305/1931/638
f 2331/2101/928 2236/1634/928 2305/1929/928 2333/1928/928
f 2327/2123/941 2322/2124/941 2336/2124/941 2340/2123/941
f 2324/2125/928 2319/2126/928 2322/2124/928 2327/2123/928
f 2331/2101/638 2333/1928/638 2337/1928/638 2334/2101/638
f 2328/2127/928 2323/2128/928 2320/1984/928 2325/1983/928
f 2308/1951/928 2328/2127/928 2325/1983/928 2223/1952/928
f 2304/2095/928 2327/2123/928 2326/2129/928 2233/2096/928
f 2213/2103/928 2324/2125/928 2327/2123/928 2304/2095/928
f 2233/2096/928 2326/2129/928 2328/2127/928 2308/1951/928
f 2322/2124/941 2332/2099/941 2335/2099/941 2336/2124/941
f 2319/2126/928 2329/2102/928 2332/2099/928 2322/2124/928
f 2332/2099/638 2331/2101/638 2334/2101/638 2335/2099/638
f 2323/2128/928 2333/1928/928 2330/1930/928 2320/1984/928
f 2343/2129/928 2342/2130/928 2356/2131/928 2366/2132/928
f 2400/2133/928 2388/2134/928 2342/2130/928 2343/2129/928
f 2342/2130/928 2321/2101/928 2345/2135/928 2356/2131/928
f 2328/2127/649 2326/2129/649 2339/2129/649 2341/2127/649
f 2326/2129/649 2327/2123/649 2340/2123/649 2339/2129/649
f 2333/1928/940 2323/2128/940 2338/2128/940 2337/1928/940
f 2323/2128/940 2328/2127/940 2341/2127/940 2338/2128/940
f 2341/2127/649 2339/2129/649 2343/2129/649 2366/2132/649 2368/2136/649 2369/2137/649 2370/2138/649 2371/2139/649 2372/2140/649 2373/2141/649 2374/2142/649 2375/2143/649 2376/2144/649 2367/2145/649
f 2340/2123/941 2336/2124/941 2389/2124/941 2399/2123/941
f 2338/2128/940 2341/2127/940 2367/2127/940 2355/2146/940
f 2335/2099/638 2334/2101/638 2321/2101/638 2377/2147/638 2379/2148/638 2380/2149/638 2381/2150/638 2382/2151/638 2383/2152/638 2384/2153/638 2385/2154/638 2386/2155/638 2387/2156/638 2378/2099/638
f 2388/2134/928 2377/2147/928 2321/2101/928 2342/2130/928
f 2337/1928/940 2338/2128/940 2355/2128/940 2344/2157/940
f 2339/2129/649 2340/2123/649 2399/2123/649 2401/2158/649 2402/2159/649 2403/2160/649 2404/2161/649 2405/2162/649 2406/2163/649 2407/2164/649 2408/2165/649 2409/2166/649 2400/2133/649 2343/2129/649
f 2344/2157/963 2355/2128/963 2357/2128/963 2346/2167/963
f 2346/2167/964 2357/2128/964 2358/2128/964 2347/2168/964
f 2347/2168/965 2358/2128/965 2359/2128/965 2348/2169/965
f 2348/2169/966 2359/2128/966 2360/2128/966 2349/2170/966
f 2349/2170/967 2360/2128/967 2361/2128/967 2350/2171/967
f 2350/2171/968 2361/2128/968 2362/2172/968 2351/2173/968
f 2351/2173/969 2362/2172/969 2363/2174/969 2352/2175/969
f 2352/2175/970 2363/2174/970 2364/2176/970 2353/2177/970
f 2353/2177/971 2364/2176/971 2365/2178/971 2354/2179/971
f 2354/2179/972 2365/2178/972 2356/2131/972 2345/2135/972
f 2355/2146/963 2367/2127/963 2376/2144/963 2357/2128/963
f 2357/2128/973 2376/2144/973 2375/2143/973 2358/2128/973
f 2358/2128/965 2375/2143/965 2374/2142/965 2359/2128/965
f 2359/2128/966 2374/2142/966 2373/2141/966 2360/2128/966
f 2360/2128/967 2373/2141/967 2372/2140/967 2361/2128/967
f 2361/2128/968 2372/2140/968 2371/2139/968 2362/2172/968
f 2362/2172/969 2371/2139/969 2370/2138/969 2363/2174/969
f 2363/2174/970 2370/2138/970 2369/2137/970 2364/2176/970
f 2364/2176/971 2369/2137/971 2368/2136/971 2365/2178/971
f 2365/2178/972 2368/2136/972 2366/2132/972 2356/2131/972
f 2334/2101/638 2337/1928/638 2344/1928/638 2346/2167/638 2347/2168/638 2348/2169/638 2349/2170/638 2350/2171/638 2351/2173/638 2352/2175/638 2353/2177/638 2354/2179/638 2345/2135/638 2321/2101/638
f 2377/2147/974 2388/2134/974 2390/2180/974 2379/2148/974
f 2379/2148/975 2390/2180/975 2391/2181/975 2380/2149/975
f 2380/2149/976 2391/2181/976 2392/2182/976 2381/2150/976
f 2381/2150/977 2392/2182/977 2393/2183/977 2382/2151/977
f 2382/2151/978 2393/2183/978 2394/2124/978 2383/2152/978
f 2383/2152/979 2394/2124/979 2395/2124/979 2384/2153/979
f 2384/2153/980 2395/2124/980 2396/2124/980 2385/2154/980
f 2385/2154/981 2396/2124/981 2397/2124/981 2386/2155/981
f 2386/2155/982 2397/2124/982 2398/2124/982 2387/2156/982
f 2387/2156/983 2398/2124/983 2389/2124/983 2378/2099/983
f 2388/2134/974 2400/2133/974 2409/2166/974 2390/2180/974
f 2390/2180/975 2409/2166/975 2408/2165/975 2391/2181/975
f 2391/2181/976 2408/2165/976 2407/2164/976 2392/2182/976
f 2392/2182/977 2407/2164/977 2406/2163/977 2393/2183/977
f 2393/2183/978 2406/2163/978 2405/2162/978 2394/2124/978
f 2394/2124/979 2405/2162/979 2404/2161/979 2395/2124/979
f 2395/2124/980 2404/2161/980 2403/2160/980 2396/2124/980
f 2396/2124/981 2403/2160/981 2402/2159/981 2397/2124/981
f 2397/2124/984 2402/2159/984 2401/2158/984 2398/2124/984
f 2398/2124/983 2401/2158/983 2399/2123/983 2389/2124/983
f 2336/2124/941 2335/2099/941 2378/2099/941 2389/2124/941
f 2410/2184/985 2413/2185/985 2412/2075/985
f 2413/2185/986 2414/2186/986 2412/2075/986
f 2414/2186/987 2415/2187/987 2412/2075/987
f 2415/2187/988 2416/2188/988 2412/2075/988
f 2416/2188/989 2417/2189/989 2412/2075/989
f 2417/2189/990 2418/2190/990 2412/2075/990
f 2418/2190/991 2419/2191/991 2412/2075/991
f 2419/2191/992 2420/2192/992 2412/2075/992
f 2420/2192/993 2421/2193/993 2412/2075/993
f 2421/2193/994 2411/1949/994 2412/2075/994
f 2422/2027/995 2425/2194/995 2424/2054/995
f 2425/2194/996 2426/2195/996 2424/2054/996
f 2426/2195/997 2427/2196/997 2424/2054/997
f 2427/2196/998 2428/2197/998 2424/2054/998
f 2428/2197/999 2429/2198/999 2424/2054/999
f 2429/2198/1000 2430/2199/1000 2424/2054/1000
f 2430/2199/1001 2431/2200/1001 2424/2054/1001
f 2431/2200/1002 2432/2201/1002 2424/2054/1002
f 2432/2201/1003 2433/2202/1003 2424/2054/1003
f 2433/2202/1004 2423/2203/1004 2424/2054/1004
f 2410/2009/1005 2435/2023/1005 2444/2204/1005 2413/2205/1005
f 2413/2205/1006 2444/2204/1006 2443/2206/1006 2414/2207/1006
f 2414/2207/1007 2443/2206/1007 2442/2208/1007 2415/2209/1007
f 2415/2209/1008 2442/2208/1008 2441/2210/1008 2416/2211/1008
f 2416/2211/1009 2441/2210/1009 2440/2212/1009 2417/2213/1009
f 2417/2214/1010 2440/2215/1010 2439/2216/1010 2418/2217/1010
f 2418/2217/1011 2439/2216/1011 2438/2218/1011 2419/2219/1011
f 2419/2219/1012 2438/2218/1012 2437/2220/1012 2420/2221/1012
f 2420/2221/1013 2437/2220/1013 2436/2222/1013 2421/2223/1013
f 2421/2223/1014 2436/2222/1014 2434/1950/1014 2411/1949/1014
f 2445/1973/1015 2423/1985/1015 2433/2224/1015 2447/2225/1015
f 2447/2225/1016 2433/2224/1016 2432/2226/1016 2448/2227/1016
f 2448/2227/1017 2432/2226/1017 2431/2228/1017 2449/2229/1017
f 2449/2229/1018 2431/2228/1018 2430/2230/1018 2450/2231/1018
f 2450/2231/1019 2430/2230/1019 2429/2232/1019 2451/2233/1019
f 2451/2234/1020 2429/2235/1020 2428/2197/1020 2452/2236/1020
f 2452/2236/1021 2428/2197/1021 2427/2196/1021 2453/2119/1021
f 2453/2119/1022 2427/2196/1022 2426/2195/1022 2454/2237/1022
f 2454/2237/1023 2426/2195/1023 2425/2194/1023 2455/2238/1023
f 2455/2238/1024 2425/2194/1024 2422/2027/1024 2446/2026/1024
f 2210/1988/941 2410/2239/941 2412/2032/941 2249/2032/941 2237/1988/941
f 2456/1621/1025 2457/1622/1025 2459/2240/1025 2458/2241/1025
f 2458/2241/1026 2459/2240/1026 2461/2242/1026 2460/2243/1026
f 2460/2243/1027 2461/2242/1027 2463/2244/1027 2462/2245/1027
f 2462/2245/1028 2463/2244/1028 2465/1623/1028 2464/1624/1028
f 2464/1624/1029 2465/1623/1029 2467/2246/1029 2466/2247/1029
f 2466/2247/1030 2467/2246/1030 2469/2248/1030 2468/2249/1030
f 2468/2249/1031 2469/2248/1031 2471/2250/1031 2470/2251/1031
f 2470/2251/1032 2471/2250/1032 2473/1625/1032 2472/1626/1032
f 2472/1626/1033 2473/1625/1033 2475/2252/1033 2474/2253/1033
f 2474/2253/1034 2475/2252/1034 2477/2254/1034 2476/2255/1034
f 2476/2255/1035 2477/2254/1035 2479/2256/1035 2478/2257/1035
f 2478/2257/1036 2479/2256/1036 2481/1627/1036 2480/1628/1036
f 2480/1628/1037 2481/1627/1037 2483/2258/1037 2482/2259/1037
f 2482/2259/1038 2483/2258/1038 2485/2260/1038 2484/2261/1038
f 2484/2261/1039 2485/2260/1039 2487/2262/1039 2486/2263/1039
f 2486/2263/1040 2487/2262/1040 2489/1629/1040 2488/1630/1040
f 2488/1630/1041 2489/1629/1041 2491/2264/1041 2490/2265/1041
f 2490/2265/1042 2491/2264/1042 2493/2266/1042 2492/2267/1042
f 2492/2267/1043 2493/2266/1043 2495/2268/1043 2494/2269/1043
f 2494/2269/1044 2495/2268/1044 2497/1631/1044 2496/1632/1044
f 2496/1632/1045 2497/1631/1045 2499/2270/1045 2498/2271/1045
f 2498/2271/1046 2499/2270/1046 2501/2272/1046 2500/2273/1046
f 2500/2273/1047 2501/2272/1047 2503/2274/1047 2502/2275/1047
f 2502/2275/1048 2503/2274/1048 2505/1633/1048 2504/1634/1048
f 2504/1634/1049 2505/1633/1049 2507/2276/1049 2506/2277/1049
f 2506/2277/1050 2507/2276/1050 2509/2278/1050 2508/2100/1050
f 2508/2100/1051 2509/2278/1051 2511/2279/1051 2510/2280/1051
f 2510/2280/1052 2511/2279/1052 2513/1643/1052 2512/1644/1052
f 2512/1644/1053 2513/1643/1053 2515/2281/1053 2514/2282/1053
f 2514/2282/1054 2515/2281/1054 2517/2283/1054 2516/2284/1054
f 2477/2254/1034 2475/2252/1034 2561/2252/1034 2562/2254/1034
f 2516/2284/1055 2517/2283/1055 2519/2285/1055 2518/2286/1055
f 2518/2286/1056 2519/2285/1056 2457/1645/1056 2456/1646/1056
f 2456/1651/928 2458/2287/928 2460/2288/928 2462/2289/928 2464/1652/928 2466/2290/928 2468/2291/928 2470/2292/928 2472/1654/928 2474/2293/928 2476/2294/928 2478/2295/928 2480/1656/928 2482/2296/928 2484/2297/928 2486/2298/928 2488/1658/928 2490/2299/928 2492/2300/928 2494/2301/928 2496/1660/928 2498/2302/928 2500/2303/928 2502/2304/928 2504/1662/928 2506/2305/928 2508/2306/928 2510/2307/928 2512/1664/928 2514/2308/928 2516/2309/928 2518/2310/928
f 2539/2311/1043 2538/2312/1043 2602/2312/1043 2603/2311/1043
f 2495/2268/1043 2493/2266/1043 2570/2266/1043 2571/2268/1043
f 2513/1643/1052 2511/2279/1052 2579/2279/1052 2580/1643/1052
f 2469/2248/1030 2467/2246/1030 2557/2246/1030 2558/2248/1030
f 2487/2262/1039 2485/2260/1039 2566/2260/1039 2567/2262/1039
f 2505/1633/1048 2503/2274/1048 2575/2274/1048 2576/1633/1048
f 2461/2242/1026 2459/2240/1026 2552/2240/1026 2554/2242/1026
f 2479/2256/1035 2477/2254/1035 2562/2254/1035 2563/2256/1035
f 2497/1631/1044 2495/2268/1044 2571/2268/1044 2572/1631/1044
f 2515/2281/1053 2513/1643/1053 2580/1643/1053 2581/2281/1053
f 2471/2250/1031 2469/2248/1031 2558/2248/1031 2559/2250/1031
f 2489/1629/1040 2487/2262/1040 2567/2262/1040 2568/1629/1040
f 2507/2276/1049 2505/1633/1049 2576/1633/1049 2577/2276/1049
f 2463/2244/1027 2461/2242/1027 2554/2242/1027 2555/2244/1027
f 2481/1627/1036 2479/2256/1036 2563/2256/1036 2564/1627/1036
f 2499/2270/1045 2497/1631/1045 2572/1631/1045 2573/2270/1045
f 2517/2283/1054 2515/2281/1054 2581/2281/1054 2582/2283/1054
f 2473/1625/1032 2471/2250/1032 2559/2250/1032 2560/1625/1032
f 2491/2264/1041 2489/1629/1041 2568/1629/1041 2569/2264/1041
f 2509/2278/1050 2507/2276/1050 2577/2276/1050 2578/2278/1050
f 2465/1623/1028 2463/2244/1028 2555/2244/1028 2556/1623/1028
f 2483/2258/1037 2481/1627/1037 2564/1627/1037 2565/2258/1037
f 2501/2272/1046 2499/2270/1046 2573/2270/1046 2574/2272/1046
f 2519/2285/1055 2517/2283/1055 2582/2283/1055 2583/2285/1055
f 2475/2252/1033 2473/1625/1033 2560/1625/1033 2561/2252/1033
f 2493/2266/1042 2491/2264/1042 2569/2264/1042 2570/2266/1042
f 2511/2279/1051 2509/2278/1051 2578/2278/1051 2579/2279/1051
f 2467/2246/1029 2465/1623/1029 2556/1623/1029 2557/2246/1029
f 2485/2260/1038 2483/2258/1038 2565/2258/1038 2566/2260/1038
f 2503/2274/1047 2501/2272/1047 2574/2272/1047 2575/2274/1047
f 2459/2240/1025 2457/1622/1025 2553/1622/1025 2552/2240/1025
f 2457/1645/1056 2519/2285/1056 2583/2285/1056 2553/1645/1056
f 2521/2313/942 2520/2314/942 2552/2315/942 2553/1638/942
f 2520/2314/942 2522/2316/942 2554/2317/942 2552/2315/942
f 2522/2316/942 2523/2318/942 2555/2319/942 2554/2317/942
f 2523/2318/942 2524/2320/942 2556/1637/942 2555/2319/942
f 2524/2320/942 2525/2321/942 2557/2322/942 2556/1637/942
f 2525/2321/942 2526/2323/942 2558/2324/942 2557/2322/942
f 2526/2323/942 2527/2325/942 2559/2326/942 2558/2324/942
f 2527/2325/942 2528/2327/942 2560/1636/942 2559/2326/942
f 2528/2327/942 2529/2328/942 2561/2329/942 2560/1636/942
f 2529/2328/942 2530/2330/942 2562/2331/942 2561/2329/942
f 2530/2330/942 2531/2332/942 2563/2333/942 2562/2331/942
f 2531/2332/942 2532/2334/942 2564/1635/942 2563/2333/942
f 2532/2334/942 2533/2335/942 2565/2336/942 2564/1635/942
f 2533/2335/942 2534/2337/942 2566/2338/942 2565/2336/942
f 2534/2337/942 2535/2339/942 2567/2340/942 2566/2338/942
f 2535/2339/942 2536/2341/942 2568/1642/942 2567/2340/942
f 2536/2341/942 2537/2342/942 2569/2343/942 2568/1642/942
f 2537/2342/942 2538/2312/942 2570/2344/942 2569/2343/942
f 2538/2312/942 2539/2311/942 2571/2345/942 2570/2344/942
f 2539/2311/942 2540/2346/942 2572/1641/942 2571/2345/942
f 2540/2346/942 2541/2347/942 2573/2348/942 2572/1641/942
f 2541/2347/942 2542/2349/942 2574/2350/942 2573/2348/942
f 2542/2349/942 2543/2351/942 2575/2352/942 2574/2350/942
f 2543/2351/942 2544/2353/942 2576/1640/942 2575/2352/942
f 2544/2353/942 2545/2354/942 2577/2355/942 2576/1640/942
f 2545/2354/942 2546/2356/942 2578/2357/942 2577/2355/942
f 2546/2356/942 2547/2358/942 2579/2359/942 2578/2357/942
f 2547/2358/942 2548/2360/942 2580/1639/942 2579/2359/942
f 2548/2360/942 2549/2361/942 2581/2362/942 2580/1639/942
f 2549/2361/942 2550/2363/942 2582/2364/942 2581/2362/942
f 2550/2363/942 2551/2365/942 2583/2366/942 2582/2364/942
f 2551/2365/942 2521/2313/942 2553/1638/942 2583/2366/942
f 2584/2314/942 2585/2313/942 2615/2365/942 2614/2363/942 2613/2361/942 2612/2360/942 2611/2358/942 2610/2356/942 2609/2354/942 2608/2353/942 2607/2351/942 2606/2349/942 2605/2347/942 2604/2346/942 2603/2311/942 2602/2312/942 2601/2342/942 2600/2341/942 2599/2339/942 2598/2337/942 2597/2335/942 2596/2334/942 2595/2332/942 2594/2330/942 2593/2328/942 2592/2327/942 2591/2325/942 2590/2323/942 2589/2321/942 2588/2320/942 2587/2318/942 2586/2316/942
f 2526/2323/1030 2525/2321/1030 2589/2321/1030 2590/2323/1030
f 2540/2346/1044 2539/2311/1044 2603/2311/1044 2604/2346/1044
f 2527/2325/1031 2526/2323/1031 2590/2323/1031 2591/2325/1031
f 2541/2347/1045 2540/2346/1045 2604/2346/1045 2605/2347/1045
f 2528/2327/1032 2527/2325/1032 2591/2325/1032 2592/2327/1032
f 2542/2349/1046 2541/2347/1046 2605/2347/1046 2606/2349/1046
f 2529/2328/1033 2528/2327/1033 2592/2327/1033 2593/2328/1033
f 2543/2351/1047 2542/2349/1047 2606/2349/1047 2607/2351/1047
f 2530/2330/1034 2529/2328/1034 2593/2328/1034 2594/2330/1034
f 2544/2353/1048 2543/2351/1048 2607/2351/1048 2608/2353/1048
f 2531/2332/1035 2530/2330/1035 2594/2330/1035 2595/2332/1035
f 2545/2354/1049 2544/2353/1049 2608/2353/1049 2609/2354/1049
f 2532/2334/1036 2531/2332/1036 2595/2332/1036 2596/2334/1036
f 2546/2356/1050 2545/2354/1050 2609/2354/1050 2610/2356/1050
f 2533/2335/1037 2532/2334/1037 2596/2334/1037 2597/2335/1037
f 2547/2358/1051 2546/2356/1051 2610/2356/1051 2611/2358/1051
f 2534/2337/1038 2533/2335/1038 2597/2335/1038 2598/2337/1038
f 2520/2314/1025 2521/2313/1025 2585/2313/1025 2584/2314/1025
f 2548/2360/1052 2547/2358/1052 2611/2358/1052 2612/2360/1052
f 2535/2339/1039 2534/2337/1039 2598/2337/1039 2599/2339/1039
f 2522/2316/1026 2520/2314/1026 2584/2314/1026 2586/2316/1026
f 2549/2361/1053 2548/2360/1053 2612/2360/1053 2613/2361/1053
f 2536/2341/1040 2535/2339/1040 2599/2339/1040 2600/2341/1040
f 2523/2318/1027 2522/2316/1027 2586/2316/1027 2587/2318/1027
f 2550/2363/1054 2549/2361/1054 2613/2361/1054 2614/2363/1054
f 2537/2342/1041 2536/2341/1041 2600/2341/1041 2601/2342/1041
f 2524/2320/1028 2523/2318/1028 2587/2318/1028 2588/2320/1028
f 2551/2365/1055 2550/2363/1055 2614/2363/1055 2615/2365/1055
f 2538/2312/1042 2537/2342/1042 2601/2342/1042 2602/2312/1042
f 2525/2321/1029 2524/2320/1029 2588/2320/1029 2589/2321/1029
f 2521/2313/1056 2551/2365/1056 2615/2365/1056 2585/2313/1056
f 2616/1621/1041 2617/1622/1041 2619/2240/1041 2618/2241/1041
f 2618/2241/1042 2619/2240/1042 2621/2242/1042 2620/2243/1042
f 2620/2243/1043 2621/2242/1043 2623/2244/1043 2622/2245/1043
f 2622/2245/1044 2623/2244/1044 2625/1623/1044 2624/1624/1044
f 2624/1624/1045 2625/1623/1045 2627/2246/1045 2626/2247/1045
f 2626/2247/1046 2627/2246/1046 2629/2248/1046 2628/2249/1046
f 2628/2249/1047 2629/2248/1047 2631/2250/1047 2630/2251/1047
f 2630/2251/1048 2631/2250/1048 2633/1625/1048 2632/1626/1048
f 2632/1626/1049 2633/1625/1049 2635/2252/1049 2634/2253/1049
f 2634/2253/1050 2635/2252/1050 2637/2254/1050 2636/2255/1050
f 2636/2255/1051 2637/2254/1051 2639/2256/1051 2638/2257/1051
f 2638/2257/1052 2639/2256/1052 2641/1627/1052 2640/1628/1052
f 2640/1628/1053 2641/1627/1053 2643/2258/1053 2642/2259/1053
f 2642/2259/1054 2643/2258/1054 2645/2260/1054 2644/2261/1054
f 2644/2261/1055 2645/2260/1055 2647/2262/1055 2646/2263/1055
f 2646/2263/1056 2647/2262/1056 2649/1629/1056 2648/1630/1056
f 2648/1630/1025 2649/1629/1025 2651/2264/1025 2650/2265/1025
f 2650/2265/1026 2651/2264/1026 2653/2266/1026 2652/2267/1026
f 2652/2267/1027 2653/2266/1027 2655/2268/1027 2654/2269/1027
f 2654/2269/1028 2655/2268/1028 2657/1631/1028 2656/1632/1028
f 2656/1632/1029 2657/1631/1029 2659/2270/1029 2658/2271/1029
f 2658/2271/1030 2659/2270/1030 2661/2272/1030 2660/2273/1030
f 2660/2273/1031 2661/2272/1031 2663/2274/1031 2662/2275/1031
f 2662/2275/1032 2663/2274/1032 2665/1633/1032 2664/1634/1032
f 2664/1634/1033 2665/1633/1033 2667/2276/1033 2666/2277/1033
f 2666/2277/1034 2667/2276/1034 2669/2278/1034 2668/2100/1034
f 2668/2100/1035 2669/2278/1035 2671/2279/1035 2670/2280/1035
f 2670/2280/1036 2671/2279/1036 2673/1643/1036 2672/1644/1036
f 2672/1644/1037 2673/1643/1037 2675/2281/1037 2674/2282/1037
f 2674/2282/1038 2675/2281/1038 2677/2283/1038 2676/2284/1038
f 2619/2315/942 2617/1638/942 2679/2366/942 2677/2364/942 2675/2362/942 2673/1639/942 2671/2359/942 2669/2357/942 2667/2355/942 2665/1640/942 2663/2352/942 2661/2350/942 2659/2348/942 2657/1641/942 2655/2345/942 2653/2344/942 2651/2343/942 2649/1642/942 2647/2340/942 2645/2338/942 2643/2336/942 2641/1635/942 2639/2333/942 2637/2331/942 2635/2329/942 2633/1636/942 2631/2326/942 2629/2324/942 2627/2322/942 2625/1637/942 2623/2319/942 2621/2317/942
f 2676/2284/1039 2677/2283/1039 2679/2285/1039 2678/2286/1039
f 2678/2286/1040 2679/2285/1040 2617/1645/1040 2616/1646/1040
f 2616/1651/928 2618/2287/928 2620/2288/928 2622/2289/928 2624/1652/928 2626/2290/928 2628/2291/928 2630/2292/928 2632/1654/928 2634/2293/928 2636/2294/928 2638/2295/928 2640/1656/928 2642/2296/928 2644/2297/928 2646/2298/928 2648/1658/928 2650/2299/928 2652/2300/928 2654/2301/928 2656/1660/928 2658/2302/928 2660/2303/928 2662/2304/928 2664/1662/928 2666/2305/928 2668/2306/928 2670/2307/928 2672/1664/928 2674/2308/928 2676/2309/928 2678/2310/928
o Base
v -0.098811 -1.938506 0.861967
v -0.023791 -1.938506 0.869365
v -0.095396 -1.833410 1.556850
v 0.048345 -1.938506 0.891274
v 0.114826 -1.938506 0.926851
v 0.173097 -1.938506 0.974731
v 0.220919 -1.938506 1.033073
v 0.256454 -1.938506 1.099634
v -0.095396 -1.706391 1.620713
v -0.095396 -1.727825 1.603921
v 0.278336 -1.938506 1.171857
v 0.285725 -1.938506 1.246967
v -0.095396 -1.751859 1.588792
v 0.278336 -1.938506 1.322077
v -0.095396 -1.777901 1.575699
v -0.095396 -1.805310 1.564963
v 0.256454 -1.938506 1.394300
v 0.220919 -1.938506 1.460861
v -0.065208 -1.833410 1.559823
v 0.173097 -1.938506 1.519203
v 0.114826 -1.938506 1.567083
v 0.048345 -1.938506 1.602661
v -0.023791 -1.938506 1.624569
v -0.098811 -1.938506 1.631967
v -0.173830 -1.938506 1.624569
v -0.077667 -1.706391 1.622459
v -0.074391 -1.727825 1.605990
v -0.245966 -1.938506 1.602661
v -0.312447 -1.938506 1.567083
v -0.071440 -1.751859 1.591151
v -0.370719 -1.938506 1.519203
v -0.068885 -1.777901 1.578310
v -0.418541 -1.938506 1.460861
v -0.066791 -1.805310 1.567780
v -0.454075 -1.938506 1.394300
v -0.036181 -1.833410 1.568629
v -0.475958 -1.938506 1.322077
v -0.483346 -1.938506 1.246967
v -0.475958 -1.938506 1.171857
v -0.454075 -1.938506 1.099634
v -0.418541 -1.938506 1.033073
v -0.060620 -1.706391 1.627630
v -0.370719 -1.938506 0.974731
v -0.054194 -1.727825 1.612116
v -0.312447 -1.938506 0.926851
v -0.048404 -1.751859 1.598139
v -0.245966 -1.938506 0.891274
v -0.043394 -1.777901 1.586042
v -0.173830 -1.938506 0.869365
v -0.039286 -1.805310 1.576124
v -0.098811 -1.653855 0.861967
v -0.023791 -1.653855 0.869365
v 0.048345 -1.653855 0.891274
v -0.009429 -1.833410 1.582928
v 0.114826 -1.653855 0.926851
v 0.173097 -1.653855 0.974731
v 0.220919 -1.653855 1.033073
v 0.256454 -1.653855 1.099634
v 0.278336 -1.653855 1.171857
v 0.285725 -1.653855 1.246967
v -0.035580 -1.727825 1.622066
v 0.278336 -1.653855 1.322077
v -0.027175 -1.751859 1.609486
v 0.256454 -1.653855 1.394300
v -0.019901 -1.777901 1.598600
v -0.013936 -1.805310 1.589674
v 0.220919 -1.653855 1.460861
v 0.173097 -1.653855 1.519203
v 0.114826 -1.653855 1.567083
v 0.014019 -1.833410 1.602171
v 0.048345 -1.653855 1.602661
v -0.023791 -1.653855 1.624569
v -0.098811 -1.653855 1.631967
v -0.173830 -1.653855 1.624569
v -0.245966 -1.653855 1.602661
v -0.312447 -1.653855 1.567083
v -0.370719 -1.653855 1.519203
v -0.418541 -1.653855 1.460861
v 0.000691 -1.777901 1.615499
v 0.008282 -1.805310 1.607908
v -0.454075 -1.653855 1.394300
v -0.475958 -1.653855 1.322077
v -0.483346 -1.653855 1.246967
v -0.475958 -1.653855 1.171857
v -0.454075 -1.653855 1.099634
v -0.418541 -1.653855 1.033073
v -0.370719 -1.653855 0.974731
v -0.312447 -1.653855 0.926851
v -0.245966 -1.653855 0.891274
v -0.173830 -1.653855 0.869365
v -0.098051 -1.654562 0.862097
v -0.022941 -1.654562 0.869495
v 0.049282 -1.654562 0.891404
v 0.115843 -1.654562 0.926981
v 0.174185 -1.654562 0.974861
v 0.222065 -1.654562 1.033203
v 0.257642 -1.654562 1.099764
v 0.279551 -1.654562 1.171987
v 0.286949 -1.654562 1.247097
v 0.279551 -1.654562 1.322207
v 0.257642 -1.654562 1.394430
v 0.222065 -1.654562 1.460992
v 0.174185 -1.654562 1.519333
v 0.115843 -1.654562 1.567213
v 0.049282 -1.654562 1.602791
v -0.022941 -1.654562 1.624699
v -0.098051 -1.654562 1.632097
v -0.173161 -1.654562 1.624699
v -0.245384 -1.654562 1.602791
v -0.311946 -1.654562 1.567213
v -0.370287 -1.654562 1.519333
v 0.047562 -1.840426 0.898670
v -0.418167 -1.654562 1.460992
v -0.453745 -1.654562 1.394430
v -0.475653 -1.654562 1.322207
v -0.483051 -1.654562 1.247097
v -0.475653 -1.654562 1.171987
v -0.011440 -1.713407 0.874231
v -0.453745 -1.654562 1.099764
v 0.004074 -1.734841 0.880657
v -0.418167 -1.654562 1.033203
v -0.370287 -1.654562 0.974861
v 0.018051 -1.758875 0.886446
v -0.311946 -1.654562 0.926981
v 0.030148 -1.784916 0.891457
v -0.245384 -1.654562 0.891404
v 0.040066 -1.812325 0.895565
v -0.173161 -1.654562 0.869495
v -0.032343 -1.326216 0.916759
v 0.033263 -1.840426 0.925422
v -0.098051 -1.326216 0.910287
v 0.030840 -1.326216 0.935926
v 0.089070 -1.326216 0.967050
v -0.050509 -1.680372 0.869447
v 0.140109 -1.326216 1.008937
v -0.034838 -1.695101 0.879918
v -0.019837 -1.713407 0.889941
v 0.181996 -1.326216 1.059976
v -0.005875 -1.734841 0.899270
v 0.213121 -1.326216 1.118206
v 0.006704 -1.758875 0.907676
v 0.232287 -1.326216 1.181389
v 0.017590 -1.784916 0.914950
v 0.238759 -1.326216 1.247097
v 0.232287 -1.326216 1.312806
v 0.026517 -1.812325 0.920914
v 0.213121 -1.326216 1.375989
v 0.181996 -1.326216 1.434219
v 0.014019 -1.840426 0.948870
v 0.140109 -1.326216 1.485258
v 0.089070 -1.326216 1.527144
v 0.030840 -1.326216 1.558269
v -0.057222 -1.680372 0.877628
v -0.032343 -1.326216 1.577435
v -0.043896 -1.695100 0.890955
v -0.098051 -1.326216 1.583907
v -0.031139 -1.713407 0.903712
v -0.019265 -1.734841 0.915586
v -0.163759 -1.326216 1.577435
v -0.008567 -1.758875 0.926283
v -0.226943 -1.326216 1.558269
v 0.000691 -1.784916 0.935542
v -0.285173 -1.326216 1.527144
v 0.008282 -1.812325 0.943133
v -0.336212 -1.326216 1.485258
v -0.378098 -1.326216 1.434219
v -0.409223 -1.326216 1.375989
v -0.009429 -1.840426 0.968113
v -0.428389 -1.326216 1.312806
v -0.434861 -1.326216 1.247097
v -0.076063 -1.669586 0.868388
v -0.065403 -1.680372 0.884342
v -0.428389 -1.326216 1.181389
v -0.409223 -1.326216 1.118206
v -0.054932 -1.695101 0.900012
v -0.378098 -1.326216 1.059976
v -0.044909 -1.713407 0.915013
v -0.336212 -1.326216 1.008937
v -0.035580 -1.734841 0.928975
v -0.027175 -1.758875 0.941554
v -0.285173 -1.326216 0.967050
v -0.019901 -1.784916 0.952441
v -0.226943 -1.326216 0.935926
v -0.013936 -1.812325 0.961367
v -0.163759 -1.326216 0.916759
v -0.098811 -1.330294 0.998968
v -0.036181 -1.840426 0.982412
v -0.043742 -1.330294 1.004390
v 0.009211 -1.330294 1.020448
v 0.058012 -1.330294 1.046524
v -0.082079 -1.669586 0.871603
v 0.100787 -1.330294 1.081617
v -0.074736 -1.680372 0.889331
v -0.067524 -1.695100 0.906743
v 0.135891 -1.330294 1.124378
v -0.060620 -1.713407 0.923411
v 0.161976 -1.330294 1.173163
v -0.054194 -1.734841 0.938924
v 0.178039 -1.330294 1.226098
v -0.048404 -1.758875 0.952902
v 0.183463 -1.330294 1.281149
v -0.043394 -1.784916 0.964998
v 0.178039 -1.330294 1.336200
v -0.039286 -1.812325 0.974917
v 0.161976 -1.330294 1.389135
v 0.135891 -1.330294 1.437920
v -0.065208 -1.840426 0.991218
v 0.100787 -1.330294 1.480681
v 0.058012 -1.330294 1.515774
v -0.088607 -1.669586 0.873584
v 0.009211 -1.330294 1.541850
v -0.084864 -1.680372 0.892403
v -0.043742 -1.330294 1.557908
v -0.081187 -1.695100 0.910887
v -0.098811 -1.330294 1.563330
v -0.077667 -1.713407 0.928582
v -0.153879 -1.330294 1.557908
v -0.074391 -1.734841 0.945051
v -0.206832 -1.330294 1.541850
v -0.071440 -1.758875 0.959889
v -0.255633 -1.330294 1.515774
v -0.068885 -1.784916 0.972731
v -0.298408 -1.330294 1.480681
v -0.333512 -1.330294 1.437920
v -0.066791 -1.812325 0.983260
v -0.359597 -1.330294 1.389135
v -0.095396 -1.840426 0.994191
v -0.375660 -1.330294 1.336200
v -0.381084 -1.330294 1.281149
v -0.095396 -1.669586 0.874252
v -0.375660 -1.330294 1.226098
v -0.095396 -1.680372 0.893440
v -0.359597 -1.330294 1.173163
v -0.095396 -1.695100 0.912287
v -0.333512 -1.330294 1.124378
v -0.095396 -1.713407 0.930328
v -0.298408 -1.330294 1.081617
v -0.255633 -1.330294 1.046524
v -0.095396 -1.734841 0.947120
v -0.095396 -1.758875 0.962249
v -0.206832 -1.330294 1.020448
v -0.095396 -1.784916 0.975342
v -0.153879 -1.330294 1.004390
v -0.095396 -1.812325 0.986078
v -0.098811 -1.259588 0.998968
v -0.043742 -1.259588 1.004390
v 0.009211 -1.259588 1.020448
v -0.125583 -1.840426 0.991218
v 0.058012 -1.259588 1.046524
v 0.100787 -1.259588 1.081617
v -0.102184 -1.669586 0.873584
v 0.135891 -1.259588 1.124378
v -0.105928 -1.680372 0.892403
v 0.161976 -1.259588 1.173163
v -0.109604 -1.695100 0.910887
v 0.178039 -1.259588 1.226098
v -0.113124 -1.713407 0.928582
v 0.183463 -1.259588 1.281149
v -0.116400 -1.734841 0.945051
v -0.119351 -1.758875 0.959889
v 0.178039 -1.259588 1.336200
v -0.121906 -1.784916 0.972731
v 0.161976 -1.259588 1.389135
v -0.124000 -1.812325 0.983260
v 0.135891 -1.259588 1.437920
v 0.100787 -1.259588 1.480681
v 0.058012 -1.259588 1.515774
v -0.154610 -1.840426 0.982412
v 0.009211 -1.259588 1.541850
v -0.043742 -1.259588 1.557908
v -0.108712 -1.669586 0.871603
v -0.098811 -1.259588 1.563330
v -0.116055 -1.680372 0.889331
v -0.153879 -1.259588 1.557908
v -0.123267 -1.695100 0.906743
v -0.206832 -1.259588 1.541850
v -0.130171 -1.713407 0.923411
v -0.255633 -1.259588 1.515774
v -0.136597 -1.734841 0.938924
v -0.298408 -1.259588 1.480681
v -0.142387 -1.758875 0.952902
v -0.333512 -1.259588 1.437920
v -0.147397 -1.784916 0.964998
v -0.359597 -1.259588 1.389135
v -0.151506 -1.812325 0.974917
v -0.375660 -1.259588 1.336200
v -0.381084 -1.259588 1.281149
v -0.181362 -1.840426 0.968113
v -0.375660 -1.259588 1.226098
v -0.114728 -1.669586 0.868388
v -0.359597 -1.259588 1.173163
v -0.125388 -1.680372 0.884342
v -0.333512 -1.259588 1.124378
v -0.298408 -1.259588 1.081617
v -0.135859 -1.695101 0.900012
v -0.145882 -1.713407 0.915013
v -0.255633 -1.259588 1.046524
v -0.155211 -1.734841 0.928975
v -0.206832 -1.259588 1.020448
v -0.163616 -1.758875 0.941554
v -0.153879 -1.259588 1.004390
v -0.170890 -1.784916 0.952441
v -0.333512 -1.175961 1.124378
v -0.176855 -1.812325 0.961367
v -0.298408 -1.175961 1.081617
v 0.161976 -1.175961 1.389135
v -0.204810 -1.840426 0.948870
v 0.135891 -1.175961 1.437920
v -0.255633 -1.175961 1.515774
v -0.120001 -1.669586 0.864060
v -0.298408 -1.175961 1.480681
v -0.133569 -1.680372 0.877628
v -0.375660 -1.175961 1.336200
v -0.381084 -1.175961 1.281149
v -0.146895 -1.695100 0.890955
v -0.159653 -1.713407 0.903712
v 0.161976 -1.175961 1.173163
v -0.171526 -1.734841 0.915586
v 0.178039 -1.175961 1.226098
v -0.182224 -1.758875 0.926283
v -0.043742 -1.175961 1.557908
v -0.191482 -1.784916 0.935542
v -0.098811 -1.175961 1.563330
v -0.043742 -1.175961 1.004390
v -0.199073 -1.812325 0.943133
v 0.009211 -1.175961 1.020448
v -0.224054 -1.840426 0.925422
v -0.255633 -1.175961 1.046524
v 0.100787 -1.175961 1.480681
v -0.375660 -1.175961 1.226098
v 0.183463 -1.175961 1.281149
v -0.140283 -1.680372 0.869447
v -0.153879 -1.175961 1.557908
v -0.155953 -1.695101 0.879918
v 0.058012 -1.175961 1.046524
v -0.170954 -1.713407 0.889941
v -0.333512 -1.175961 1.437920
v -0.184916 -1.734841 0.899270
v -0.206832 -1.175961 1.020448
v -0.197495 -1.758875 0.907676
v 0.058012 -1.175961 1.515774
v -0.208382 -1.784916 0.914950
v -0.359597 -1.175961 1.173163
v -0.217308 -1.812325 0.920914
v 0.178039 -1.175961 1.336200
v -0.206832 -1.175961 1.541850
v -0.238353 -1.840426 0.898670
v 0.100787 -1.175961 1.081617
v -0.359597 -1.175961 1.389135
v -0.153879 -1.175961 1.004390
v 0.135891 -1.175961 1.124378
v 0.009211 -1.175961 1.541850
v -0.179351 -1.713407 0.874231
v -0.098811 -1.175961 0.998968
v -0.194865 -1.734841 0.880657
v -0.208842 -1.758875 0.886446
v -0.204810 -1.833410 1.602171
v -0.220939 -1.784916 0.891457
v -0.191482 -1.777901 1.615499
v -0.230857 -1.812325 0.895565
v -0.199073 -1.805310 1.607908
v -0.181362 -1.833410 1.582928
v -0.155211 -1.727825 1.622066
v -0.163616 -1.751859 1.609486
v -0.170890 -1.777901 1.598600
v -0.176855 -1.805310 1.589674
v -0.154610 -1.833410 1.568629
v -0.130171 -1.706391 1.627630
v -0.136597 -1.727825 1.612116
v -0.142387 -1.751859 1.598139
v -0.147397 -1.777901 1.586042
v -0.151506 -1.805310 1.576124
v -0.125583 -1.833410 1.559823
v -0.113124 -1.706391 1.622459
v -0.116400 -1.727825 1.605990
v -0.119351 -1.751859 1.591151
v -0.121906 -1.777901 1.578310
v -0.124000 -1.805310 1.567780
v -0.130009 -1.928522 1.537574
v -0.095396 -1.928522 1.534165
v -0.027500 -1.928522 1.547670
v 0.003174 -1.928522 1.564066
v 0.030060 -1.928522 1.586130
v -0.220851 -1.928522 1.586130
v -0.193965 -1.928522 1.564066
v -0.163292 -1.928522 1.547670
v -0.060782 -1.928522 1.537574
v -0.023791 -1.928522 1.624569
v -0.001656 -1.771298 1.617847
v -0.012847 -1.751859 1.621245
v -0.023791 -1.736674 1.624569
v 0.001765 -1.777901 1.616807
v 0.044567 -1.928522 1.603808
v 0.021189 -1.833410 1.610908
v 0.012828 -1.805310 1.613447
v -0.059718 -1.706391 1.628112
v -0.060866 -1.705737 1.628225
v -0.079173 -1.698558 1.630031
v -0.038203 -1.721800 1.625990
v -0.031592 -1.727825 1.625339
v -0.098811 -1.928522 1.631967
v -0.098811 -1.695313 1.631967
v -0.095396 -1.695313 1.631630
v -0.152107 -1.720693 1.626711
v -0.132137 -1.706391 1.628681
v -0.129634 -1.704966 1.628927
v -0.111481 -1.697847 1.630718
v -0.173830 -1.743591 1.624569
v -0.173830 -1.928522 1.624569
v -0.159932 -1.727825 1.625940
v -0.204982 -1.805310 1.615108
v -0.193919 -1.777901 1.618468
v -0.186156 -1.762918 1.620826
v -0.179789 -1.751859 1.622759
v -0.236721 -1.928522 1.605468
v -0.213343 -1.833410 1.612568
v 0.068520 -1.935538 0.907351
v 0.052124 -1.935538 0.938025
v 0.030060 -1.935538 0.964910
v 0.003174 -1.935538 0.986975
v -0.027500 -1.935538 1.003370
v -0.060782 -1.935538 1.013467
v -0.095396 -1.935538 1.016876
v -0.130009 -1.935538 1.013467
v -0.163292 -1.935538 1.003370
v -0.193965 -1.935538 0.986975
v -0.220851 -1.935538 0.964910
v -0.242916 -1.935538 0.938025
v -0.259311 -1.935538 0.907351
v -0.098811 -1.935538 0.861967
v -0.098811 -1.665460 0.861967
v -0.095396 -1.665460 0.862304
v -0.090760 -1.665775 0.862761
v -0.071519 -1.669586 0.864659
v -0.079051 -1.667728 0.863916
v -0.085528 -1.666474 0.863277
v -0.049129 -1.680372 0.866866
v -0.055279 -1.677147 0.866260
v -0.023791 -1.935538 0.869365
v -0.023791 -1.699961 0.869365
v -0.028927 -1.695100 0.868859
v -0.070047 -1.670177 0.864804
v -0.021524 -1.702331 0.870053
v -0.011130 -1.713407 0.873210
v 0.019266 -1.758875 0.882442
v 0.004860 -1.734841 0.878067
v 0.041956 -1.812325 0.889333
v 0.048345 -1.935538 0.891274
v 0.048345 -1.835562 0.891274
v 0.031734 -1.784916 0.886229
v 0.049601 -1.840426 0.891946
v 0.069898 -1.935538 0.902808
v -0.261643 -1.935538 0.899663
v -0.245966 -1.935538 0.891274
v -0.245966 -1.862074 0.891274
v -0.241049 -1.840426 0.889780
v -0.233324 -1.812325 0.887434
v -0.223101 -1.784916 0.884329
v -0.210633 -1.758875 0.880542
v -0.196227 -1.734841 0.876167
v -0.173830 -1.935538 0.869365
v -0.173830 -1.706579 0.869365
v -0.180237 -1.713407 0.871311
v -0.165659 -1.698369 0.868559
v -0.162206 -1.695100 0.868219
v -0.119997 -1.669584 0.864056
v -0.120004 -1.669586 0.864057
v -0.134330 -1.676347 0.865470
v -0.142004 -1.680372 0.866227
v -0.104972 -1.666211 0.862575
v -0.111258 -1.667429 0.863195
v -0.099895 -1.665534 0.862074
v -0.098811 -1.949011 0.861967
v -0.023791 -1.949011 0.869365
v 0.048345 -1.949011 0.891274
v 0.114826 -1.949011 0.926851
v 0.173097 -1.949011 0.974731
v 0.220919 -1.949011 1.033073
v 0.256454 -1.949011 1.099634
v 0.278336 -1.949011 1.171857
v 0.285725 -1.949011 1.246967
v 0.278336 -1.949011 1.322077
v 0.256454 -1.949011 1.394300
v 0.220919 -1.949011 1.460861
v 0.173097 -1.949011 1.519203
v 0.114826 -1.949011 1.567083
v 0.048345 -1.949011 1.602661
v -0.023791 -1.949011 1.624569
v -0.098811 -1.949011 1.631967
v -0.173830 -1.949011 1.624569
v -0.245966 -1.949011 1.602661
v -0.312447 -1.949011 1.567083
v -0.370719 -1.949011 1.519203
v -0.418541 -1.949011 1.460861
v -0.454075 -1.949011 1.394300
v -0.475958 -1.949011 1.322077
v -0.483346 -1.949011 1.246967
v -0.475958 -1.949011 1.171857
v -0.454075 -1.949011 1.099634
v -0.418541 -1.949011 1.033073
v -0.370719 -1.949011 0.974731
v -0.312447 -1.949011 0.926851
v -0.245966 -1.949011 0.891274
v -0.173830 -1.949011 0.869365
vn 0.0981 -0.0000 -0.9952
vn 0.2906 -0.0000 -0.9568
vn 0.4718 -0.0000 -0.8817
vn 0.6349 -0.0000 -0.7726
vn 0.7734 -0.0000 -0.6339
vn 0.8822 -0.0000 -0.4710
vn 0.9570 -0.0000 -0.2900
vn 0.9952 -0.0000 -0.0979
vn 0.9952 -0.0000 0.0979
vn 0.9570 -0.0000 0.2900
vn 0.8822 -0.0000 0.4710
vn 0.7734 -0.0000 0.6339
vn 0.6349 -0.0000 0.7726
vn 0.4718 -0.0000 0.8817
vn 0.2906 -0.0000 0.9568
vn 0.0981 -0.0000 0.9952
vn -0.0981 -0.0000 0.9952
vn -0.2906 -0.0000 0.9568
vn -0.4718 -0.0000 0.8817
vn -0.6349 -0.0000 0.7726
vn -0.7734 -0.0000 0.6339
vn -0.8822 -0.0000 0.4710
vn -0.9570 -0.0000 0.2900
vn -0.9952 -0.0000 0.0979
vn -0.9952 -0.0000 -0.0979
vn -0.9570 -0.0000 -0.2900
vn -0.8822 -0.0000 -0.4710
vn -0.7734 -0.0000 -0.6339
vn -0.6349 -0.0000 -0.7726
vn -0.4718 -0.0000 -0.8817
vn -0.2906 -0.0000 -0.9568
vn -0.0981 -0.0000 -0.9952
vn -0.0000 1.0000 -0.0000
vn 0.0970 0.1445 -0.9847
vn 0.2872 0.1445 -0.9469
vn 0.4664 0.1445 -0.8727
vn 0.6277 0.1445 -0.7649
vn 0.7649 0.1445 -0.6277
vn 0.8727 0.1445 -0.4664
vn 0.9469 0.1445 -0.2872
vn 0.9847 0.1445 -0.0970
vn 0.9847 0.1445 0.0970
vn 0.9469 0.1445 0.2872
vn 0.8727 0.1445 0.4664
vn 0.7649 0.1445 0.6277
vn 0.6277 0.1445 0.7649
vn 0.4664 0.1445 0.8727
vn 0.2872 0.1445 0.9469
vn 0.0970 0.1445 0.9847
vn -0.0970 0.1445 0.9847
vn -0.2872 0.1445 0.9469
vn -0.4664 0.1445 0.8727
vn -0.6277 0.1445 0.7649
vn -0.7649 0.1445 0.6277
vn -0.8727 0.1445 0.4664
vn -0.9469 0.1445 0.2872
vn -0.9847 0.1445 0.0970
vn -0.9847 0.1445 -0.0970
vn -0.9469 0.1445 -0.2872
vn -0.8727 0.1445 -0.4664
vn -0.7649 0.1445 -0.6277
vn -0.6277 0.1445 -0.7649
vn -0.4664 0.1445 -0.8727
vn -0.0000 -1.0000 -0.0000
vn -0.2872 0.1445 -0.9469
vn -0.0970 0.1445 -0.9847
vn -0.0980 -0.0000 0.9952
vn -0.2902 -0.0000 0.9570
vn -0.4713 -0.0000 0.8820
vn -0.6343 -0.0000 0.7731
vn -0.7729 -0.0000 0.6345
vn -0.8819 -0.0000 0.4715
vn -0.9569 -0.0000 0.2904
vn -0.9952 -0.0000 0.0980
vn -0.9952 -0.0000 -0.0980
vn -0.9569 -0.0000 -0.2904
vn -0.8819 -0.0000 -0.4715
vn -0.7729 -0.0000 -0.6345
vn -0.6343 -0.0000 -0.7731
vn -0.4713 -0.0000 -0.8820
vn -0.2902 -0.0000 -0.9570
vn -0.0980 -0.0000 -0.9952
vn 0.0980 -0.0000 -0.9952
vn 0.2902 -0.0000 -0.9570
vn 0.4713 -0.0000 -0.8820
vn 0.6343 -0.0000 -0.7731
vn 0.7729 -0.0000 -0.6345
vn 0.8819 -0.0000 -0.4715
vn 0.9569 -0.0000 -0.2904
vn 0.9952 -0.0000 -0.0980
vn 0.9952 -0.0000 0.0980
vn 0.9569 -0.0000 0.2904
vn 0.8819 -0.0000 0.4715
vn 0.7729 -0.0000 0.6345
vn 0.6343 -0.0000 0.7731
vn 0.4713 -0.0000 0.8820
vn 0.2902 -0.0000 0.9570
vn 0.0980 -0.0000 0.9952
vn 0.0954 -0.2309 0.9683
vn -0.4587 -0.2309 0.8581
vn -0.6172 -0.2309 0.7521
vn -0.7521 -0.2309 0.6172
vn 0.7521 -0.2309 0.6172
vn 0.6172 -0.2309 0.7521
vn 0.4587 -0.2309 0.8581
vn 0.2824 -0.2309 0.9311
vn -0.0954 -0.2309 0.9683
vn -0.2824 -0.2309 0.9311
vn -0.0942 -0.2762 0.9565
vn -0.0913 -0.3632 0.9272
vn -0.0877 -0.4475 0.8900
vn -0.0831 -0.5309 0.8434
vn -0.0773 -0.6149 0.7848
vn -0.0700 -0.7002 0.7105
vn -0.2790 -0.2762 0.9197
vn -0.2705 -0.3632 0.8916
vn -0.2596 -0.4475 0.8558
vn -0.2460 -0.5309 0.8110
vn -0.2289 -0.6149 0.7547
vn -0.2072 -0.7002 0.6832
vn -0.4531 -0.2762 0.8476
vn -0.4392 -0.3632 0.8217
vn -0.4216 -0.4475 0.7887
vn -0.3995 -0.5309 0.7474
vn -0.3718 -0.6149 0.6955
vn -0.3366 -0.7002 0.6296
vn -0.6097 -0.2762 0.7429
vn -0.5911 -0.3632 0.7202
vn -0.5673 -0.4475 0.6913
vn -0.5376 -0.5309 0.6551
vn -0.5003 -0.6149 0.6096
vn -0.7430 -0.2762 0.6097
vn -0.7202 -0.3632 0.5911
vn -0.6913 -0.4475 0.5673
vn 0.7430 -0.2762 0.6097
vn 0.7202 -0.3632 0.5911
vn 0.6913 -0.4475 0.5673
vn 0.6097 -0.2762 0.7429
vn 0.5911 -0.3632 0.7202
vn 0.5673 -0.4475 0.6913
vn 0.5376 -0.5309 0.6551
vn 0.5003 -0.6149 0.6096
vn 0.4531 -0.2762 0.8476
vn 0.4392 -0.3632 0.8217
vn 0.4216 -0.4475 0.7887
vn 0.3995 -0.5309 0.7474
vn 0.3718 -0.6149 0.6955
vn 0.3366 -0.7002 0.6296
vn 0.2790 -0.2762 0.9197
vn 0.2705 -0.3632 0.8916
vn 0.2596 -0.4475 0.8558
vn 0.2460 -0.5309 0.8110
vn 0.2289 -0.6149 0.7547
vn 0.2072 -0.7002 0.6832
vn 0.0942 -0.2762 0.9565
vn 0.0913 -0.3632 0.9272
vn 0.0877 -0.4475 0.8900
vn 0.0831 -0.5309 0.8434
vn 0.0773 -0.6149 0.7848
vn 0.0700 -0.7002 0.7105
vn -0.9311 -0.2309 -0.2824
vn -0.8581 -0.2309 -0.4587
vn -0.7521 -0.2309 -0.6172
vn -0.6172 -0.2309 -0.7521
vn -0.4587 -0.2309 -0.8581
vn -0.2824 -0.2309 -0.9311
vn -0.0954 -0.2309 -0.9683
vn 0.0954 -0.2309 -0.9683
vn 0.2824 -0.2309 -0.9311
vn 0.4587 -0.2309 -0.8581
vn 0.6172 -0.2309 -0.7521
vn 0.7521 -0.2309 -0.6172
vn 0.8581 -0.2309 -0.4587
vn 0.9311 -0.2309 -0.2824
vn -0.9197 -0.2762 -0.2790
vn -0.8916 -0.3632 -0.2705
vn -0.8558 -0.4475 -0.2596
vn -0.8110 -0.5309 -0.2460
vn -0.7547 -0.6149 -0.2289
vn -0.6832 -0.7002 -0.2072
vn -0.8476 -0.2762 -0.4531
vn -0.8217 -0.3632 -0.4392
vn -0.7887 -0.4475 -0.4216
vn -0.7474 -0.5309 -0.3995
vn -0.6955 -0.6149 -0.3718
vn -0.6296 -0.7002 -0.3365
vn -0.5447 -0.7865 -0.2911
vn -0.4338 -0.8707 -0.2319
vn -0.7430 -0.2762 -0.6097
vn -0.7202 -0.3632 -0.5911
vn -0.6913 -0.4475 -0.5673
vn -0.6551 -0.5309 -0.5376
vn -0.6096 -0.6149 -0.5003
vn -0.5519 -0.7002 -0.4529
vn -0.4774 -0.7865 -0.3918
vn -0.3802 -0.8707 -0.3120
vn -0.6097 -0.2762 -0.7429
vn -0.5911 -0.3632 -0.7202
vn -0.5673 -0.4475 -0.6913
vn -0.5376 -0.5309 -0.6551
vn -0.5003 -0.6149 -0.6096
vn -0.4529 -0.7002 -0.5519
vn -0.3918 -0.7865 -0.4774
vn -0.3120 -0.8707 -0.3802
vn -0.2079 -0.9447 -0.2534
vn -0.4531 -0.2762 -0.8476
vn -0.4392 -0.3632 -0.8217
vn -0.4216 -0.4475 -0.7887
vn -0.3995 -0.5309 -0.7474
vn -0.3718 -0.6149 -0.6955
vn -0.3365 -0.7002 -0.6296
vn -0.2911 -0.7865 -0.5447
vn -0.2319 -0.8707 -0.4338
vn -0.1545 -0.9447 -0.2891
vn -0.2790 -0.2762 -0.9197
vn -0.2705 -0.3632 -0.8916
vn -0.2596 -0.4475 -0.8558
vn -0.2460 -0.5309 -0.8110
vn -0.2289 -0.6149 -0.7547
vn -0.2072 -0.7002 -0.6832
vn -0.1793 -0.7865 -0.5910
vn -0.1428 -0.8707 -0.4707
vn -0.0952 -0.9447 -0.3137
vn -0.0942 -0.2762 -0.9565
vn -0.0913 -0.3632 -0.9272
vn -0.0877 -0.4475 -0.8900
vn -0.0831 -0.5309 -0.8434
vn -0.0773 -0.6149 -0.7848
vn -0.0700 -0.7002 -0.7105
vn -0.0605 -0.7865 -0.6146
vn -0.0482 -0.8707 -0.4895
vn -0.0321 -0.9447 -0.3262
vn 0.0942 -0.2762 -0.9565
vn 0.0913 -0.3632 -0.9272
vn 0.0877 -0.4475 -0.8900
vn 0.0831 -0.5309 -0.8434
vn 0.0773 -0.6149 -0.7848
vn 0.0700 -0.7002 -0.7105
vn 0.0605 -0.7865 -0.6146
vn 0.0482 -0.8707 -0.4895
vn 0.0321 -0.9447 -0.3262
vn 0.2790 -0.2762 -0.9197
vn 0.2705 -0.3632 -0.8916
vn 0.2596 -0.4475 -0.8558
vn 0.2460 -0.5309 -0.8110
vn 0.2289 -0.6149 -0.7547
vn 0.2072 -0.7002 -0.6832
vn 0.1793 -0.7865 -0.5910
vn 0.1428 -0.8707 -0.4707
vn 0.0952 -0.9447 -0.3137
vn 0.4531 -0.2762 -0.8476
vn 0.4392 -0.3632 -0.8217
vn 0.4216 -0.4475 -0.7887
vn 0.3995 -0.5309 -0.7474
vn 0.3718 -0.6149 -0.6955
vn 0.3365 -0.7002 -0.6296
vn 0.2911 -0.7865 -0.5447
vn 0.2319 -0.8707 -0.4338
vn 0.1545 -0.9447 -0.2891
vn 0.6097 -0.2762 -0.7429
vn 0.5911 -0.3632 -0.7202
vn 0.5673 -0.4475 -0.6913
vn 0.5376 -0.5309 -0.6551
vn 0.5003 -0.6149 -0.6096
vn 0.4529 -0.7002 -0.5519
vn 0.3918 -0.7865 -0.4774
vn 0.3120 -0.8707 -0.3802
vn 0.2080 -0.9447 -0.2534
vn 0.7429 -0.2762 -0.6097
vn 0.7202 -0.3632 -0.5911
vn 0.6913 -0.4475 -0.5673
vn 0.6551 -0.5309 -0.5376
vn 0.6096 -0.6149 -0.5003
vn 0.5519 -0.7002 -0.4529
vn 0.4774 -0.7865 -0.3918
vn 0.3802 -0.8707 -0.3120
vn 0.2802 -0.9353 -0.2160
vn 0.8476 -0.2762 -0.4531
vn 0.8217 -0.3632 -0.4392
vn 0.7887 -0.4475 -0.4216
vn 0.7474 -0.5309 -0.3995
vn 0.6955 -0.6149 -0.3718
vn 0.6296 -0.7002 -0.3365
vn 0.5447 -0.7865 -0.2911
vn 0.4338 -0.8707 -0.2319
vn 0.9197 -0.2762 -0.2790
vn 0.8916 -0.3632 -0.2705
vn 0.8558 -0.4475 -0.2596
vn 0.8110 -0.5309 -0.2460
vn 0.7547 -0.6149 -0.2289
vn 0.6832 -0.7002 -0.2072
vn -0.6348 -0.0000 0.7726
vn 0.6348 -0.0000 0.7726
vt 1.000000 0.571163
vt 0.968750 0.571163
vt 0.968750 0.559636
vt 0.970889 0.560852
vt 0.979305 0.564533
vt 0.981866 0.565340
vt 0.988018 0.567082
vt 0.988631 0.567230
vt 0.991769 0.567695
vt 0.994467 0.568008
vt 0.996646 0.568183
vt 0.998577 0.568262
vt 1.000000 0.568262
vt 0.968750 0.500000
vt 1.000000 0.500000
vt 1.000000 0.500742
vt 0.968750 0.500742
vt 0.937500 0.571163
vt 0.937500 0.525736
vt 0.940268 0.531545
vt 0.944696 0.538397
vt 0.950097 0.544908
vt 0.956338 0.550916
vt 0.963265 0.556275
vt 0.967768 0.559044
vt 0.937500 0.500000
vt 0.937500 0.500742
vt 0.906250 0.571163
vt 0.906250 0.500000
vt 0.927369 0.500742
vt 0.936909 0.524520
vt 0.875000 0.500000
vt 0.875000 0.571163
vt 0.843750 0.571163
vt 0.843750 0.500000
vt 0.812500 0.571163
vt 0.812500 0.500000
vt 0.781250 0.571163
vt 0.781250 0.500000
vt 0.750000 0.571163
vt 0.750000 0.500000
vt 0.718750 0.571163
vt 0.718750 0.500000
vt 0.687500 0.571163
vt 0.687500 0.500000
vt 0.656250 0.571163
vt 0.656250 0.500000
vt 0.625000 0.571163
vt 0.625000 0.500000
vt 0.593750 0.571163
vt 0.593750 0.500000
vt 0.562500 0.571163
vt 0.562500 0.500000
vt 0.560863 0.502496
vt 0.531250 0.502496
vt 0.531250 0.500000
vt 0.531250 0.571163
vt 0.531250 0.550458
vt 0.535991 0.546662
vt 0.540839 0.541802
vt 0.542321 0.540151
vt 0.547114 0.533299
vt 0.550736 0.526274
vt 0.528000 0.552670
vt 0.500000 0.571163
vt 0.500000 0.560798
vt 0.501423 0.560798
vt 0.508180 0.559987
vt 0.515806 0.558192
vt 0.516284 0.558029
vt 0.525247 0.554177
vt 0.500000 0.502496
vt 0.500000 0.500000
vt 0.494722 0.560165
vt 0.468750 0.571163
vt 0.468750 0.548729
vt 0.474539 0.552670
vt 0.477799 0.554453
vt 0.486118 0.558029
vt 0.487160 0.558385
vt 0.468750 0.502496
vt 0.468750 0.500000
vt 0.466168 0.546662
vt 0.437500 0.571163
vt 0.437500 0.500000
vt 0.441505 0.502496
vt 0.451632 0.526274
vt 0.455255 0.533299
vt 0.460047 0.540151
vt 0.463410 0.543897
vt 0.406250 0.571163
vt 0.406250 0.500000
vt 0.375000 0.571163
vt 0.375000 0.500000
vt 0.343750 0.500000
vt 0.343750 0.571163
vt 0.312500 0.500000
vt 0.312500 0.571163
vt 0.281250 0.500000
vt 0.281250 0.571163
vt 0.250000 0.500000
vt 0.250000 0.571163
vt 0.218750 0.500000
vt 0.218750 0.571163
vt 0.187500 0.500000
vt 0.187500 0.571163
vt 0.156250 0.500000
vt 0.156250 0.571163
vt 0.125000 0.500000
vt 0.125000 0.571163
vt 0.093750 0.500000
vt 0.093750 0.571163
vt 0.062500 0.500000
vt 0.062500 0.571163
vt 0.062500 0.519108
vt 0.069869 0.500742
vt 0.062500 0.500742
vt 0.060370 0.524520
vt 0.031250 0.571163
vt 0.031250 0.557982
vt 0.034026 0.556275
vt 0.040953 0.550916
vt 0.047193 0.544908
vt 0.052595 0.538397
vt 0.057023 0.531545
vt 0.031250 0.500000
vt 0.031250 0.500742
vt 0.000000 0.571163
vt 0.000000 0.568262
vt 0.000452 0.568243
vt 0.002567 0.568074
vt 0.005185 0.567769
vt 0.008825 0.567231
vt 0.008828 0.567230
vt 0.014796 0.565540
vt 0.017993 0.564534
vt 0.026408 0.560851
vt 0.027847 0.560034
vt 0.000000 0.500742
vt 0.000000 0.500000
vt 0.565304 0.325372
vt 0.554065 0.288424
vt 0.550270 0.250000
vt 0.554065 0.211576
vt 0.565304 0.174628
vt 0.583555 0.140578
vt 0.608117 0.110732
vt 0.638046 0.086238
vt 0.672191 0.068037
vt 0.709241 0.056829
vt 0.747772 0.053045
vt 0.786303 0.056829
vt 0.823353 0.068037
vt 0.857498 0.086238
vt 0.887427 0.110732
vt 0.911989 0.140578
vt 0.930240 0.174628
vt 0.941479 0.211576
vt 0.945274 0.250000
vt 0.941479 0.288424
vt 0.930240 0.325371
vt 0.911989 0.359423
vt 0.887427 0.389268
vt 0.857498 0.413762
vt 0.823353 0.431963
vt 0.786303 0.443171
vt 0.747772 0.446955
vt 0.709241 0.443171
vt 0.672191 0.431963
vt 0.638046 0.413762
vt 0.608117 0.389268
vt 0.583555 0.359422
vt 0.296822 0.485388
vt 0.250000 0.490000
vt 0.250000 0.459959
vt 0.290961 0.455925
vt 0.341844 0.471731
vt 0.330348 0.443977
vt 0.383337 0.449553
vt 0.366647 0.424575
vt 0.419706 0.419706
vt 0.398464 0.398464
vt 0.424575 0.366647
vt 0.449553 0.383337
vt 0.443977 0.330348
vt 0.471731 0.341844
vt 0.455925 0.290961
vt 0.485388 0.296822
vt 0.459959 0.250000
vt 0.490000 0.250000
vt 0.455925 0.209039
vt 0.485388 0.203178
vt 0.443977 0.169652
vt 0.471731 0.158156
vt 0.424575 0.133353
vt 0.449553 0.116663
vt 0.398464 0.101536
vt 0.419706 0.080294
vt 0.366647 0.075425
vt 0.383337 0.050447
vt 0.330348 0.056023
vt 0.341844 0.028269
vt 0.290961 0.044075
vt 0.296822 0.014612
vt 0.250000 0.040041
vt 0.250000 0.010000
vt 0.209039 0.044075
vt 0.203178 0.014612
vt 0.169652 0.056023
vt 0.158156 0.028269
vt 0.133353 0.075425
vt 0.116663 0.050447
vt 0.101536 0.101536
vt 0.080294 0.080294
vt 0.075425 0.133353
vt 0.050447 0.116663
vt 0.056023 0.169652
vt 0.028269 0.158156
vt 0.044075 0.209039
vt 0.014612 0.203178
vt 0.010000 0.250000
vt 0.040041 0.250000
vt 0.014612 0.296822
vt 0.044075 0.290961
vt 0.028269 0.341844
vt 0.056023 0.330348
vt 0.050447 0.383337
vt 0.075425 0.366647
vt 0.080294 0.419706
vt 0.101536 0.398464
vt 0.133353 0.424575
vt 0.116663 0.449553
vt 0.169652 0.443977
vt 0.158156 0.471731
vt 0.703178 0.485388
vt 0.750000 0.490000
vt 0.796822 0.485388
vt 0.841844 0.471731
vt 0.883337 0.449553
vt 0.919706 0.419706
vt 0.949553 0.383337
vt 0.971731 0.341844
vt 0.985388 0.296822
vt 0.990000 0.250000
vt 0.985388 0.203178
vt 0.971731 0.158156
vt 0.949553 0.116663
vt 0.919706 0.080294
vt 0.883337 0.050447
vt 0.841844 0.028269
vt 0.796822 0.014612
vt 0.750000 0.010000
vt 0.703178 0.014612
vt 0.658156 0.028269
vt 0.616663 0.050447
vt 0.580294 0.080294
vt 0.550447 0.116663
vt 0.528269 0.158156
vt 0.514612 0.203178
vt 0.510000 0.250000
vt 0.514612 0.296822
vt 0.528269 0.341844
vt 0.550447 0.383337
vt 0.580294 0.419706
vt 0.616663 0.449553
vt 0.658156 0.471731
vt 0.209039 0.455925
vt 0.203178 0.485388
vt 0.190689 0.593629
vt 0.188293 0.601527
vt 0.187484 0.609740
vt 0.188293 0.617954
vt 0.190689 0.625852
vt 0.194580 0.633131
vt 0.199816 0.639511
vt 0.206195 0.644746
vt 0.213474 0.648637
vt 0.221372 0.651033
vt 0.229586 0.651842
vt 0.237799 0.651033
vt 0.245697 0.648637
vt 0.252976 0.644746
vt 0.259356 0.639511
vt 0.264592 0.633131
vt 0.268482 0.625852
vt 0.270878 0.617954
vt 0.271687 0.609741
vt 0.270878 0.601527
vt 0.268482 0.593629
vt 0.264592 0.586350
vt 0.259356 0.579971
vt 0.252976 0.574735
vt 0.245697 0.570844
vt 0.237799 0.568448
vt 0.229586 0.567639
vt 0.221372 0.568448
vt 0.213474 0.570844
vt 0.206195 0.574735
vt 0.199816 0.579971
vt 0.194580 0.586350
vt 0.285284 0.629273
vt 0.284606 0.636154
vt 0.282598 0.642771
vt 0.279338 0.648869
vt 0.274950 0.654214
vt 0.269603 0.658601
vt 0.263503 0.661860
vt 0.256884 0.663868
vt 0.250000 0.664545
vt 0.243116 0.663868
vt 0.236497 0.661860
vt 0.230397 0.658601
vt 0.225050 0.654214
vt 0.220662 0.648869
vt 0.217402 0.642771
vt 0.215394 0.636154
vt 0.214716 0.629273
vt 0.215394 0.622391
vt 0.217402 0.615775
vt 0.220662 0.609676
vt 0.225050 0.604331
vt 0.230397 0.599945
vt 0.236497 0.596685
vt 0.243116 0.594678
vt 0.250000 0.594000
vt 0.256884 0.594678
vt 0.263503 0.596685
vt 0.269603 0.599945
vt 0.274950 0.604331
vt 0.279338 0.609676
vt 0.282598 0.615775
vt 0.284606 0.622391
vt 0.031250 0.931314
vt 0.000000 0.931314
vt 0.000000 0.955092
vt 0.031250 0.955092
vt 0.937500 0.955092
vt 0.937500 0.931314
vt 0.906250 0.931314
vt 0.906250 0.955092
vt 0.875000 0.931314
vt 0.875000 0.955092
vt 0.863356 0.955092
vt 0.854453 0.931314
vt 0.147477 0.931314
vt 0.125000 0.931314
vt 0.125000 0.955092
vt 0.138857 0.955092
vt 0.093750 0.931314
vt 0.093750 0.955092
vt 0.062500 0.931314
vt 0.062500 0.955092
vt 1.000000 0.931314
vt 0.968750 0.931314
vt 0.968750 0.955092
vt 1.000000 0.955092
vt 0.968878 0.962324
vt 0.999872 0.962324
vt 0.969283 0.969791
vt 0.999467 0.969791
vt 0.969999 0.977310
vt 0.998751 0.977310
vt 0.971057 0.984694
vt 0.997693 0.984694
vt 0.971685 1.000000
vt 0.997065 1.000000
vt 0.254398 0.489567
vt 0.292424 0.485822
vt 0.287312 0.450474
vt 0.251737 0.439130
vt 0.937628 0.962324
vt 0.968622 0.962324
vt 0.938033 0.969791
vt 0.968217 0.969791
vt 0.938749 0.977310
vt 0.967501 0.977310
vt 0.939807 0.984694
vt 0.966443 0.984694
vt 0.940435 1.000000
vt 0.965815 1.000000
vt 0.292247 0.449493
vt 0.301050 0.484106
vt 0.337615 0.473014
vt 0.336621 0.470204
vt 0.906378 0.962324
vt 0.937372 0.962324
vt 0.906783 0.969791
vt 0.936967 0.969791
vt 0.907499 0.977310
vt 0.936251 0.977310
vt 0.908557 0.984694
vt 0.935193 0.984694
vt 0.933108 1.000000
vt 0.934565 1.000000
vt 0.908733 0.988997
vt 0.347676 0.468614
vt 0.344457 0.466958
vt 0.345741 0.469648
vt 0.875128 0.962324
vt 0.906122 0.962324
vt 0.875533 0.969791
vt 0.905717 0.969791
vt 0.875714 0.971697
vt 0.882862 0.977310
vt 0.905001 0.977310
vt 0.890420 0.981975
vt 0.897433 0.984694
vt 0.903943 0.984694
vt 0.903767 0.988997
vt 0.867145 0.962324
vt 0.874872 0.962324
vt 0.872549 0.969791
vt 0.874467 0.969791
vt 0.874286 0.971697
vt 0.125128 0.962324
vt 0.135171 0.962324
vt 0.125533 0.969791
vt 0.129885 0.969791
vt 0.125945 0.974117
vt 0.124872 0.962324
vt 0.093878 0.962324
vt 0.124467 0.969791
vt 0.094283 0.969791
vt 0.119989 0.977310
vt 0.124055 0.974117
vt 0.094999 0.977310
vt 0.096057 0.984694
vt 0.103764 0.984694
vt 0.115981 0.979850
vt 0.096266 0.989787
vt 0.062628 0.962324
vt 0.093622 0.962324
vt 0.063033 0.969791
vt 0.093217 0.969791
vt 0.063749 0.977310
vt 0.092501 0.977310
vt 0.064807 0.984694
vt 0.091443 0.984694
vt 0.091234 0.989787
vt 0.065435 1.000000
vt 0.068610 1.000000
vt 0.150043 0.467394
vt 0.154259 0.469648
vt 0.157058 0.463785
vt 0.031378 0.962324
vt 0.062372 0.962324
vt 0.031783 0.969791
vt 0.061967 0.969791
vt 0.032499 0.977310
vt 0.061251 0.977310
vt 0.033557 0.984694
vt 0.060193 0.984694
vt 0.059565 1.000000
vt 0.034185 1.000000
vt 0.162385 0.473014
vt 0.198950 0.484106
vt 0.208552 0.446352
vt 0.164551 0.466889
vt 0.000128 0.962324
vt 0.031122 0.962324
vt 0.000533 0.969791
vt 0.030717 0.969791
vt 0.001249 0.977310
vt 0.030001 0.977310
vt 0.002307 0.984694
vt 0.028943 0.984694
vt 0.002935 1.000000
vt 0.028315 1.000000
vt 0.213152 0.447267
vt 0.207576 0.485822
vt 0.245602 0.489567
vt 0.248263 0.439129
vt 0.240939 0.438406
vt 0.732505 0.571717
vt 0.734318 0.570909
vt 0.737679 0.569902
vt 0.741513 0.569153
vt 0.745673 0.568692
vt 0.750000 0.568536
vt 0.754327 0.568692
vt 0.758487 0.569153
vt 0.762321 0.569902
vt 0.765682 0.570909
vt 0.767666 0.571793
vt 0.759804 0.572665
vt 0.750427 0.573003
vt 0.741049 0.572665
vt 0.687500 0.931314
vt 0.687500 0.955092
vt 0.694739 0.955092
vt 0.691766 0.931314
vt 0.656250 0.955092
vt 0.656250 0.931314
vt 0.625000 0.955092
vt 0.625000 0.931314
vt 0.593750 0.931314
vt 0.593750 0.955092
vt 0.562500 0.931314
vt 0.562500 0.955092
vt 0.531250 0.931314
vt 0.531250 0.955092
vt 0.500000 0.931314
vt 0.500000 0.955092
vt 0.468750 0.931314
vt 0.468750 0.955092
vt 0.437500 0.955092
vt 0.437500 0.931314
vt 0.406250 0.955092
vt 0.406250 0.931314
vt 0.375000 0.955092
vt 0.375000 0.931314
vt 0.343750 0.931314
vt 0.343750 0.955092
vt 0.312500 0.931314
vt 0.312500 0.955092
vt 0.302751 0.949680
vt 0.302930 0.955092
vt 0.305282 0.931314
vt 0.687628 0.962324
vt 0.694650 0.962324
vt 0.694981 0.956344
vt 0.688033 0.969791
vt 0.694223 0.969791
vt 0.688749 0.977310
vt 0.693747 0.977310
vt 0.689807 0.984694
vt 0.693222 0.984694
vt 0.690435 1.000000
vt 0.691954 1.000000
vt 0.473014 0.162385
vt 0.425406 0.179225
vt 0.473678 0.164573
vt 0.656378 0.962324
vt 0.687372 0.962324
vt 0.656783 0.969791
vt 0.686967 0.969791
vt 0.657499 0.977310
vt 0.686251 0.977310
vt 0.685193 0.984694
vt 0.658557 0.984694
vt 0.684565 1.000000
vt 0.659185 1.000000
vt 0.424077 0.176015
vt 0.469648 0.154259
vt 0.451636 0.120560
vt 0.379891 0.163210
vt 0.392570 0.186932
vt 0.414093 0.180229
vt 0.346279 0.185668
vt 0.349238 0.191205
vt 0.336047 0.192506
vt 0.625128 0.962324
vt 0.656122 0.962324
vt 0.625533 0.969791
vt 0.655717 0.969791
vt 0.626249 0.977310
vt 0.655001 0.977310
vt 0.627307 0.984694
vt 0.653943 0.984694
vt 0.653315 1.000000
vt 0.627935 1.000000
vt 0.422509 0.083710
vt 0.360463 0.139537
vt 0.446749 0.113247
vt 0.331879 0.168121
vt 0.304371 0.195629
vt 0.593878 0.962324
vt 0.624872 0.962324
vt 0.594283 0.969791
vt 0.624467 0.969791
vt 0.594999 0.977310
vt 0.623751 0.977310
vt 0.596057 0.984694
vt 0.622693 0.984694
vt 0.596685 1.000000
vt 0.622065 1.000000
vt 0.386753 0.053251
vt 0.336790 0.120109
vt 0.416290 0.077491
vt 0.314332 0.153721
vt 0.291466 0.187941
vt 0.301214 0.195940
vt 0.285057 0.197534
vt 0.562628 0.962324
vt 0.593622 0.962324
vt 0.563033 0.969791
vt 0.593217 0.969791
vt 0.563749 0.977310
vt 0.592501 0.977310
vt 0.564807 0.984694
vt 0.591443 0.984694
vt 0.565435 1.000000
vt 0.590815 1.000000
vt 0.345741 0.030352
vt 0.309782 0.105673
vt 0.379440 0.048364
vt 0.294312 0.143021
vt 0.278563 0.181044
vt 0.271165 0.198904
vt 0.531378 0.962324
vt 0.562372 0.962324
vt 0.531783 0.969791
vt 0.561967 0.969791
vt 0.532499 0.977310
vt 0.561251 0.977310
vt 0.533557 0.984694
vt 0.560193 0.984694
vt 0.534185 1.000000
vt 0.559565 1.000000
vt 0.301050 0.015894
vt 0.280477 0.096783
vt 0.337615 0.026986
vt 0.272590 0.136431
vt 0.264561 0.176797
vt 0.259944 0.200010
vt 0.500128 0.962324
vt 0.531122 0.962324
vt 0.500533 0.969791
vt 0.530717 0.969791
vt 0.501249 0.977310
vt 0.530001 0.977310
vt 0.502307 0.984694
vt 0.528943 0.984694
vt 0.502935 1.000000
vt 0.528315 1.000000
vt 0.254398 0.010433
vt 0.250000 0.093782
vt 0.292424 0.014178
vt 0.250000 0.134206
vt 0.250000 0.175363
vt 0.250000 0.200991
vt 0.468878 0.962324
vt 0.499872 0.962324
vt 0.469283 0.969791
vt 0.499467 0.969791
vt 0.469999 0.977310
vt 0.498751 0.977310
vt 0.471057 0.984694
vt 0.497693 0.984694
vt 0.471685 1.000000
vt 0.497065 1.000000
vt 0.207576 0.014178
vt 0.219523 0.096783
vt 0.245602 0.010433
vt 0.227410 0.136431
vt 0.235439 0.176797
vt 0.240350 0.201484
vt 0.242675 0.201713
vt 0.437628 0.962324
vt 0.468622 0.962324
vt 0.438033 0.969791
vt 0.468217 0.969791
vt 0.438749 0.977310
vt 0.467501 0.977310
vt 0.439807 0.984694
vt 0.466443 0.984694
vt 0.440435 1.000000
vt 0.465815 1.000000
vt 0.162385 0.026986
vt 0.190218 0.105673
vt 0.198950 0.015894
vt 0.205688 0.143021
vt 0.221437 0.181044
vt 0.229459 0.200410
vt 0.406378 0.962324
vt 0.437372 0.962324
vt 0.406783 0.969791
vt 0.436967 0.969791
vt 0.407499 0.977310
vt 0.436251 0.977310
vt 0.408557 0.984694
vt 0.435193 0.984694
vt 0.409185 1.000000
vt 0.434565 1.000000
vt 0.120560 0.048364
vt 0.163210 0.120109
vt 0.154259 0.030352
vt 0.185668 0.153721
vt 0.208534 0.187941
vt 0.215977 0.199080
vt 0.375128 0.962324
vt 0.406122 0.962324
vt 0.375533 0.969791
vt 0.405717 0.969791
vt 0.376249 0.977310
vt 0.405001 0.977310
vt 0.377307 0.984694
vt 0.403943 0.984694
vt 0.377935 1.000000
vt 0.403315 1.000000
vt 0.083710 0.077491
vt 0.139537 0.139537
vt 0.113247 0.053251
vt 0.168121 0.168121
vt 0.197223 0.197223
vt 0.197232 0.197232
vt 0.343878 0.962324
vt 0.374872 0.962324
vt 0.344283 0.969791
vt 0.374467 0.969791
vt 0.344999 0.977310
vt 0.373751 0.977310
vt 0.346057 0.984694
vt 0.372693 0.984694
vt 0.346685 1.000000
vt 0.372065 1.000000
vt 0.053251 0.113247
vt 0.120109 0.163210
vt 0.077491 0.083710
vt 0.153721 0.185668
vt 0.166490 0.194200
vt 0.197218 0.197230
vt 0.312628 0.962324
vt 0.343622 0.962324
vt 0.313033 0.969791
vt 0.343217 0.969791
vt 0.342501 0.977310
vt 0.313749 0.977310
vt 0.314807 0.984694
vt 0.341443 0.984694
vt 0.315435 1.000000
vt 0.340815 1.000000
vt 0.048364 0.120560
vt 0.030352 0.154259
vt 0.092225 0.183797
vt 0.106696 0.188304
vt 0.150028 0.192577
vt 0.312372 0.962324
vt 0.303210 0.962324
vt 0.311967 0.969791
vt 0.303528 0.969791
vt 0.311251 0.977310
vt 0.303882 0.977310
vt 0.310193 0.984694
vt 0.304273 0.984694
vt 0.305218 1.000000
vt 0.309565 1.000000
vt 0.091623 0.185248
vt 0.026986 0.162385
vt 0.025086 0.168647
vt 0.054842 0.177679
vt 0.770781 0.579388
vt 0.770489 0.579739
vt 0.768440 0.581140
vt 0.765682 0.582368
vt 0.762321 0.583376
vt 0.758487 0.584124
vt 0.754327 0.584585
vt 0.750000 0.584741
vt 0.745673 0.584585
vt 0.741513 0.584124
vt 0.737679 0.583376
vt 0.734318 0.582368
vt 0.731560 0.581140
vt 0.729511 0.579739
vt 0.729338 0.579532
vt 0.732033 0.579005
vt 0.741050 0.578005
vt 0.750427 0.577667
vt 0.759804 0.578005
vt 0.768821 0.579005
s 0
f 2730/2367/1057 2731/2368/1057 3119/2369/1057 3120/2370/1057 3116/2371/1057 3117/2372/1057 3121/2373/1057 3113/2374/1057 3114/2375/1057 3115/2376/1057 3112/2377/1057 3111/2378/1057 3110/2379/1057
f 2681/2380/1057 2680/2381/1057 3109/2382/1057 3118/2383/1057
f 2731/2368/1058 2732/2384/1058 3128/2385/1058 3126/2386/1058 3129/2387/1058 3124/2388/1058 3125/2389/1058 3123/2390/1058 3122/2391/1058 3119/2369/1058
f 2683/2392/1058 2681/2380/1058 3118/2383/1058 3127/2393/1058
f 2732/2384/1059 2734/2394/1059 2684/2395/1059 2683/2392/1059 3127/2393/1059 3131/2396/1059 3130/2397/1059 3128/2385/1059
f 2685/2398/1060 2684/2395/1060 2734/2394/1060 2735/2399/1060
f 2736/2400/1061 2686/2401/1061 2685/2398/1061 2735/2399/1061
f 2737/2402/1062 2687/2403/1062 2686/2401/1062 2736/2400/1062
f 2738/2404/1063 2690/2405/1063 2687/2403/1063 2737/2402/1063
f 2739/2406/1064 2691/2407/1064 2690/2405/1064 2738/2404/1064
f 2741/2408/1065 2693/2409/1065 2691/2407/1065 2739/2406/1065
f 2743/2410/1066 2696/2411/1066 2693/2409/1066 2741/2408/1066
f 2746/2412/1067 2697/2413/1067 2696/2411/1067 2743/2410/1067
f 2747/2414/1068 2699/2415/1068 2697/2413/1068 2746/2412/1068
f 2748/2416/1069 2700/2417/1069 2699/2415/1069 2747/2414/1069
f 2750/2418/1070 2701/2419/1070 2700/2417/1070 2748/2416/1070
f 3072/2420/1071 3067/2421/1071 2702/2422/1071 2701/2419/1071 2750/2418/1071 2751/2423/1071 3070/2424/1071 3069/2425/1071 3068/2426/1071 3071/2427/1071 3074/2428/1071 3073/2429/1071
f 3079/2430/1072 3070/2424/1072 2751/2423/1072 2752/2431/1072 3081/2432/1072 3082/2433/1072 3077/2434/1072 3076/2435/1072 3075/2436/1072 3078/2437/1072
f 3080/2438/1072 2703/2439/1072 2702/2422/1072 3067/2421/1072
f 3086/2440/1073 3081/2432/1073 2752/2431/1073 2753/2441/1073 3087/2442/1073 3089/2443/1073 3083/2444/1073 3084/2445/1073 3085/2446/1073
f 3088/2447/1073 2704/2448/1073 2703/2439/1073 3080/2438/1073
f 3093/2449/1074 3087/2442/1074 2753/2441/1074 2754/2450/1074 2707/2451/1074 2704/2448/1074 3088/2447/1074 3094/2452/1074 3095/2453/1074 3090/2454/1074 3091/2455/1074 3092/2456/1074
f 2755/2457/1075 2708/2458/1075 2707/2451/1075 2754/2450/1075
f 2756/2459/1076 2710/2460/1076 2708/2458/1076 2755/2457/1076
f 2712/2461/1077 2710/2460/1077 2756/2459/1077 2757/2462/1077
f 2714/2463/1078 2712/2461/1078 2757/2462/1078 2760/2464/1078
f 2716/2465/1079 2714/2463/1079 2760/2464/1079 2761/2466/1079
f 2717/2467/1080 2716/2465/1080 2761/2466/1080 2762/2468/1080
f 2718/2469/1081 2717/2467/1081 2762/2468/1081 2763/2470/1081
f 2719/2471/1082 2718/2469/1082 2763/2470/1082 2764/2472/1082
f 2720/2473/1083 2719/2471/1083 2764/2472/1083 2765/2474/1083
f 2722/2475/1084 2720/2473/1084 2765/2474/1084 2766/2476/1084
f 2724/2477/1085 2722/2475/1085 2766/2476/1085 2767/2478/1085
f 2726/2479/1086 2724/2477/1086 2767/2478/1086 2768/2480/1086 3134/2481/1086 3132/2482/1086 3133/2483/1086
f 3135/2484/1087 3134/2481/1087 2768/2480/1087 2769/2485/1087 3141/2486/1087 3142/2487/1087 3139/2488/1087 3138/2489/1087 3137/2490/1087 3136/2491/1087
f 2728/2492/1087 2726/2479/1087 3133/2483/1087 3140/2493/1087
f 2769/2485/1088 2730/2494/1088 3110/2495/1088 3151/2496/1088 3149/2497/1088 3150/2498/1088 3145/2499/1088 3146/2500/1088 3147/2501/1088 3148/2502/1088 3144/2503/1088 3143/2504/1088 3141/2486/1088
f 3109/2505/1088 2680/2506/1088 2728/2492/1088 3140/2493/1088
f 2710/2460/1077 2712/2461/1077 3173/2461/1077 3172/2460/1077
f 2764/2507/1089 2763/2508/1089 2762/2509/1089 2761/2510/1089 2760/2511/1089 2757/2512/1089 2756/2513/1089 2755/2514/1089 2754/2515/1089 2753/2516/1089 2752/2517/1089 2751/2518/1089 2750/2519/1089 2748/2520/1089 2747/2521/1089 2746/2522/1089 2743/2523/1089 2741/2524/1089 2739/2525/1089 2738/2526/1089 2737/2527/1089 2736/2528/1089 2735/2529/1089 2734/2530/1089 2732/2531/1089 2731/2532/1089 2730/2533/1089 2769/2534/1089 2768/2535/1089 2767/2536/1089 2766/2537/1089 2765/2538/1089
f 2771/2539/1090 2770/2540/1090 2810/2541/1090 2808/2542/1090
f 2772/2543/1091 2771/2539/1091 2808/2542/1091 2811/2544/1091
f 2773/2545/1092 2772/2543/1092 2811/2544/1092 2812/2546/1092
f 2774/2547/1093 2773/2545/1093 2812/2546/1093 2814/2548/1093
f 2817/2549/1094 2775/2550/1094 2774/2547/1094 2814/2548/1094
f 2819/2551/1095 2776/2552/1095 2775/2550/1095 2817/2549/1095
f 2821/2553/1096 2777/2554/1096 2776/2552/1096 2819/2551/1096
f 2823/2555/1097 2778/2556/1097 2777/2554/1097 2821/2553/1097
f 2824/2557/1098 2779/2558/1098 2778/2556/1098 2823/2555/1098
f 2826/2559/1099 2780/2560/1099 2779/2558/1099 2824/2557/1099
f 2827/2561/1100 2781/2562/1100 2780/2560/1100 2826/2559/1100
f 2829/2563/1101 2782/2564/1101 2781/2562/1101 2827/2561/1101
f 2830/2565/1102 2783/2566/1102 2782/2564/1102 2829/2563/1102
f 2831/2567/1103 2784/2568/1103 2783/2566/1103 2830/2565/1103
f 2833/2569/1104 2785/2570/1104 2784/2568/1104 2831/2567/1104
f 2835/2571/1105 2786/2572/1105 2785/2570/1105 2833/2569/1105
f 2838/2573/1106 2787/2574/1106 2786/2572/1106 2835/2571/1106
f 2840/2575/1107 2788/2576/1107 2787/2574/1107 2838/2573/1107
f 2842/2577/1108 2789/2578/1108 2788/2576/1108 2840/2575/1108
f 2844/2579/1109 2790/2580/1109 2789/2578/1109 2842/2577/1109
f 2844/2579/1110 2845/2581/1110 2792/2582/1110 2790/2580/1110
f 2845/2581/1111 2846/2583/1111 2793/2584/1111 2792/2582/1111
f 2846/2583/1112 2848/2585/1112 2794/2586/1112 2793/2584/1112
f 2795/2587/1113 2794/2586/1113 2848/2585/1113 2849/2588/1113
f 2796/2589/1114 2795/2587/1114 2849/2588/1114 2852/2590/1114
f 2798/2591/1115 2796/2589/1115 2852/2590/1115 2853/2592/1115
f 2800/2593/1116 2798/2591/1116 2853/2592/1116 2855/2594/1116
f 2801/2595/1117 2800/2593/1117 2855/2594/1117 2857/2596/1117
f 2860/2597/1118 2803/2598/1118 2801/2595/1118 2857/2596/1118
f 2860/2597/1119 2862/2599/1119 2805/2600/1119 2803/2598/1119
f 2807/2601/1120 2770/2602/1120 2771/2603/1120 2772/2604/1120 2773/2605/1120 2774/2606/1120 2775/2607/1120 2776/2608/1120 2777/2609/1120 2778/2610/1120 2779/2611/1120 2780/2612/1120 2781/2613/1120 2782/2614/1120 2783/2615/1120 2784/2616/1120 2785/2617/1120 2786/2618/1120 2787/2619/1120 2788/2620/1120 2789/2621/1120 2790/2622/1120 2792/2623/1120 2793/2624/1120 2794/2625/1120 2795/2626/1120 2796/2627/1120 2798/2628/1120 2800/2629/1120 2801/2630/1120 2803/2631/1120 2805/2632/1120
f 2862/2599/1121 2864/2633/1121 2807/2634/1121 2805/2600/1121
f 2770/2540/1122 2807/2634/1122 2864/2633/1122 2810/2541/1122
f 2853/2635/1089 2852/2636/1089 2849/2637/1089 2848/2638/1089 2846/2639/1089 2845/2640/1089 2844/2641/1089 2842/2642/1089 2840/2643/1089 2838/2644/1089 2835/2645/1089 2833/2646/1089 2831/2647/1089 2830/2648/1089 2829/2649/1089 2827/2650/1089 2826/2651/1089 2824/2652/1089 2823/2653/1089 2821/2654/1089 2819/2655/1089 2817/2656/1089 2814/2657/1089 2812/2658/1089 2811/2659/1089 2808/2660/1089 2810/2661/1089 2864/2662/1089 2862/2663/1089 2860/2664/1089 2857/2665/1089 2855/2666/1089
f 2867/2380/1123 2925/2368/1123 2924/2367/1123 2865/2381/1123
f 2868/2392/1124 2926/2384/1124 2925/2368/1124 2867/2380/1124
f 2869/2395/1125 2928/2394/1125 2926/2384/1125 2868/2392/1125
f 2871/2398/1126 2929/2399/1126 2928/2394/1126 2869/2395/1126
f 2931/2400/1127 2929/2399/1127 2871/2398/1127 2874/2401/1127
f 2933/2402/1128 2931/2400/1128 2874/2401/1128 2876/2403/1128
f 2935/2404/1129 2933/2402/1129 2876/2403/1129 2878/2405/1129
f 2937/2406/1130 2935/2404/1130 2878/2405/1130 2880/2407/1130
f 2940/2408/1131 2937/2406/1131 2880/2407/1131 2882/2409/1131
f 2942/2410/1132 2940/2408/1132 2882/2409/1132 2884/2411/1132
f 2944/2412/1133 2942/2410/1133 2884/2411/1133 2885/2413/1133
f 2945/2414/1134 2944/2412/1134 2885/2413/1134 2887/2415/1134
f 2946/2416/1135 2945/2414/1135 2887/2415/1135 2888/2417/1135
f 2948/2418/1136 2946/2416/1136 2888/2417/1136 2890/2419/1136
f 2949/2423/1137 2948/2418/1137 2890/2419/1137 2892/2422/1137
f 2951/2431/1138 2949/2423/1138 2892/2422/1138 2894/2439/1138
f 2953/2441/1139 2951/2431/1139 2894/2439/1139 2896/2448/1139
f 2955/2450/1140 2953/2441/1140 2896/2448/1140 2898/2451/1140
f 2957/2457/1141 2955/2450/1141 2898/2451/1141 2900/2458/1141
f 2959/2459/1142 2957/2457/1142 2900/2458/1142 2902/2460/1142
f 2903/2461/1143 2961/2462/1143 2959/2459/1143 2902/2460/1143
f 2905/2463/1144 2963/2464/1144 2961/2462/1144 2903/2461/1144
f 2907/2465/1145 2965/2466/1145 2963/2464/1145 2905/2463/1145
f 2908/2467/1146 2966/2468/1146 2965/2466/1146 2907/2465/1146
f 2910/2469/1147 2968/2470/1147 2966/2468/1147 2908/2467/1147
f 2912/2471/1148 2970/2472/1148 2968/2470/1148 2910/2469/1148
f 2914/2473/1149 2972/2474/1149 2970/2472/1149 2912/2471/1149
f 2916/2475/1150 2973/2476/1150 2972/2474/1150 2914/2473/1150
f 2917/2477/1151 2976/2478/1151 2973/2476/1151 2916/2475/1151
f 2920/2479/1152 2978/2480/1152 2976/2478/1152 2917/2477/1152
f 2922/2492/1153 2980/2485/1153 2978/2480/1153 2920/2479/1153
f 2865/2506/1154 2924/2494/1154 2980/2485/1154 2922/2492/1154
f 2912/2628/1089 2910/2627/1089 2908/2626/1089 2907/2625/1089 2905/2624/1089 2903/2623/1089 2902/2622/1089 2900/2621/1089 2898/2620/1089 2896/2619/1089 2894/2618/1089 2892/2617/1089 2890/2616/1089 2888/2615/1089 2887/2614/1089 2885/2613/1089 2884/2612/1089 2882/2611/1089 2880/2610/1089 2878/2609/1089 2876/2608/1089 2874/2607/1089 2871/2606/1089 2869/2605/1089 2868/2604/1089 2867/2603/1089 2865/2602/1089 2922/2601/1089 2920/2632/1089 2917/2631/1089 2916/2630/1089 2914/2629/1089
f 2973/2476/1150 2984/2476/1150 2982/2474/1150 2972/2474/1150
f 2987/2412/1133 2985/2410/1133 2942/2410/1133 2944/2412/1133
f 2990/2459/1142 2988/2457/1142 2957/2457/1142 2959/2459/1142
f 2966/2468/1146 2993/2468/1146 2992/2466/1146 2965/2466/1146
f 2998/2404/1129 2996/2402/1129 2933/2402/1129 2935/2404/1129
f 3002/2431/1138 3000/2423/1138 2949/2423/1138 2951/2431/1138
f 2926/2384/1124 3005/2384/1124 3003/2368/1124 2925/2368/1124
f 2976/2478/1151 3007/2478/1151 2984/2476/1151 2973/2476/1151
f 3008/2414/1134 2987/2412/1134 2944/2412/1134 2945/2414/1134
f 2968/2470/1147 3009/2470/1147 2993/2468/1147 2966/2468/1147
f 3010/2406/1130 2998/2404/1130 2935/2404/1130 2937/2406/1130
f 3012/2441/1139 3002/2431/1139 2951/2431/1139 2953/2441/1139
f 2928/2394/1125 3014/2394/1125 3005/2384/1125 2926/2384/1125
f 2961/2462/1143 3016/2462/1143 2990/2459/1143 2959/2459/1143
f 2978/2480/1152 3018/2480/1152 3007/2478/1152 2976/2478/1152
f 3020/2416/1135 3008/2414/1135 2945/2414/1135 2946/2416/1135
f 2970/2472/1148 3022/2472/1148 3009/2470/1148 2968/2470/1148
f 3024/2408/1131 3010/2406/1131 2937/2406/1131 2940/2408/1131
f 3025/2450/1140 3012/2441/1140 2953/2441/1140 2955/2450/1140
f 2929/2399/1126 3027/2399/1126 3014/2394/1126 2928/2394/1126
f 2963/2464/1144 3028/2464/1144 3016/2462/1144 2961/2462/1144
f 2980/2485/1153 3029/2485/1153 3018/2480/1153 2978/2480/1153
f 3030/2400/1127 3027/2399/1127 2929/2399/1127 2931/2400/1127
f 3031/2418/1136 3020/2416/1136 2946/2416/1136 2948/2418/1136
f 2972/2474/1149 2982/2474/1149 3022/2472/1149 2970/2472/1149
f 2924/2494/1154 3033/2494/1154 3029/2485/1154 2980/2485/1154
f 2985/2410/1132 3024/2408/1132 2940/2408/1132 2942/2410/1132
f 2988/2457/1141 3025/2450/1141 2955/2450/1141 2957/2457/1141
f 2965/2466/1145 2992/2466/1145 3028/2464/1145 2963/2464/1145
f 2996/2402/1128 3030/2400/1128 2931/2400/1128 2933/2402/1128
f 3000/2423/1137 3031/2418/1137 2948/2418/1137 2949/2423/1137
f 2925/2368/1123 3003/2368/1123 3033/2367/1123 2924/2367/1123
f 3010/2667/1120 3024/2668/1120 2985/2669/1120 2987/2670/1120 3008/2671/1120 3020/2672/1120 3031/2673/1120 3000/2674/1120 3002/2675/1120 3012/2676/1120 3025/2677/1120 2988/2678/1120 2990/2679/1120 3016/2680/1120 3028/2681/1120 2992/2682/1120 2993/2683/1120 3009/2684/1120 3022/2685/1120 2982/2686/1120 2984/2687/1120 3007/2688/1120 3018/2689/1120 3029/2690/1120 3033/2691/1120 3003/2692/1120 3005/2693/1120 3014/2694/1120 3027/2695/1120 3030/2696/1120 2996/2697/1120 2998/2698/1120
f 3058/2699/1155 3059/2700/1155 2682/2701/1155 3052/2702/1155
f 2715/2703/1156 3060/2704/1156 3061/2705/1156 2733/2706/1156
f 2733/2706/1157 3061/2705/1157 3062/2707/1157 2749/2708/1157
f 3073/2709/1158 2749/2708/1158 3062/2707/1158 3072/2710/1158
f 3094/2711/1159 3063/2712/1159 3036/2713/1159 3095/2714/1159
f 3063/2712/1160 3064/2715/1160 3041/2716/1160 3036/2713/1160
f 3064/2715/1161 3065/2717/1161 3046/2718/1161 3041/2716/1161
f 3065/2717/1162 3058/2699/1162 3052/2702/1162 3046/2718/1162
f 3059/2719/1163 3066/2720/1163 2698/2721/1163 2682/2722/1163
f 2698/2721/1164 3066/2720/1164 3060/2704/1164 2715/2703/1164
f 2698/2721/1165 2713/2723/1165 2695/2724/1165 2682/2722/1165
f 2713/2723/1166 2711/2725/1166 2694/2726/1166 2695/2724/1166
f 2711/2725/1167 2709/2727/1167 2692/2728/1167 2694/2726/1167
f 2709/2727/1168 2706/2729/1168 2689/2730/1168 2692/2728/1168
f 2706/2729/1169 2705/2731/1169 2688/2732/1169 2689/2730/1169
f 2688/2733/1170 2705/2734/1170 3077/2735/1170 3082/2736/1170
f 2715/2703/1171 2729/2737/1171 2713/2738/1171 2698/2721/1171
f 2729/2737/1172 2727/2739/1172 2711/2740/1172 2713/2738/1172
f 2727/2739/1173 2725/2741/1173 2709/2742/1173 2711/2740/1173
f 2725/2741/1174 2723/2743/1174 2706/2744/1174 2709/2742/1174
f 2721/2745/1175 2705/2746/1175 2706/2744/1175 2723/2743/1175
f 3077/2747/1176 2705/2748/1176 2721/2749/1176 3076/2750/1176
f 2733/2706/1177 2745/2751/1177 2729/2752/1177 2715/2703/1177
f 2745/2751/1178 2744/2753/1178 2727/2754/1178 2729/2752/1178
f 2742/2755/1179 2725/2756/1179 2727/2754/1179 2744/2753/1179
f 2742/2755/1180 2740/2757/1180 2723/2758/1180 2725/2756/1180
f 3075/2759/1181 2721/2760/1181 2723/2758/1181 2740/2757/1181 3078/2761/1181
f 3075/2762/1182 3076/2763/1182 2721/2764/1182
f 2759/2765/1183 2745/2766/1183 2733/2706/1183 2749/2708/1183
f 2758/2767/1184 2744/2768/1184 2745/2766/1184 2759/2765/1184
f 3068/2769/1185 3069/2770/1185 2742/2771/1185 2744/2768/1185 2758/2767/1185
f 3070/2772/1186 3079/2773/1186 2740/2774/1186 2742/2771/1186 3069/2770/1186
f 3079/2773/1187 3078/2775/1187 2740/2774/1187
f 3074/2776/1188 2759/2777/1188 2749/2708/1188 3073/2709/1188
f 3071/2778/1189 2758/2779/1189 2759/2777/1189 3074/2776/1189
f 3068/2780/1190 2758/2779/1190 3071/2778/1190
f 3095/2714/1191 3036/2713/1191 3040/2781/1191 3090/2782/1191
f 3090/2782/1192 3040/2781/1192 3038/2783/1192 3091/2784/1192
f 3091/2784/1193 3038/2783/1193 3092/2785/1193
f 3040/2786/1194 3036/2713/1194 3041/2716/1194 3045/2787/1194
f 3038/2788/1195 3040/2786/1195 3045/2787/1195 3044/2789/1195
f 3093/2790/1196 3092/2791/1196 3038/2788/1196 3044/2789/1196 3043/2792/1196
f 3093/2790/1197 3043/2792/1197 3042/2793/1197 3089/2794/1197 3087/2795/1197
f 3089/2794/1198 3042/2793/1198 3083/2796/1198
f 3046/2718/1199 3051/2797/1199 3045/2798/1199 3041/2716/1199
f 3051/2797/1200 3050/2799/1200 3044/2800/1200 3045/2798/1200
f 3050/2799/1201 3049/2801/1201 3043/2802/1201 3044/2800/1201
f 3049/2801/1202 3048/2803/1202 3042/2804/1202 3043/2802/1202
f 3083/2805/1203 3042/2804/1203 3048/2803/1203 3047/2806/1203 3084/2807/1203
f 3084/2808/1204 3047/2809/1204 3085/2810/1204
f 3052/2702/1205 3057/2811/1205 3051/2812/1205 3046/2718/1205
f 3057/2811/1206 3056/2813/1206 3050/2814/1206 3051/2812/1206
f 3056/2813/1207 3055/2815/1207 3049/2816/1207 3050/2814/1207
f 3055/2815/1208 3054/2817/1208 3048/2818/1208 3049/2816/1208
f 3047/2819/1209 3048/2818/1209 3054/2817/1209 3053/2820/1209
f 3047/2821/1210 3053/2822/1210 3086/2823/1210 3085/2824/1210
f 2682/2701/1211 2695/2825/1211 3057/2826/1211 3052/2702/1211
f 2695/2825/1212 2694/2827/1212 3056/2828/1212 3057/2826/1212
f 2694/2827/1213 2692/2829/1213 3055/2830/1213 3056/2828/1213
f 2692/2829/1214 2689/2831/1214 3054/2832/1214 3055/2830/1214
f 2689/2831/1215 2688/2833/1215 3053/2834/1215 3054/2832/1215
f 3086/2835/1216 3053/2836/1216 2688/2837/1216 3082/2838/1216 3081/2839/1216
f 3072/2840/1089 3062/2841/1089 3061/2842/1089 3060/2843/1089 3066/2844/1089 3059/2845/1089 3058/2846/1089 3065/2847/1089 3064/2848/1089 3063/2849/1089 3094/2850/1089 3088/2851/1089 3080/2852/1089 3067/2853/1089
f 3096/2854/1217 2791/2855/1217 3130/2856/1217 3131/2857/1217
f 2809/2858/1218 2791/2855/1218 3096/2854/1218 3097/2859/1218
f 2828/2860/1219 2809/2858/1219 3097/2859/1219 3098/2861/1219
f 3098/2861/1220 3099/2862/1220 2847/2863/1220 2828/2860/1220
f 3099/2862/1221 3100/2864/1221 2866/2865/1221 2847/2863/1221
f 3100/2864/1222 3101/2866/1222 2886/2867/1222 2866/2865/1222
f 3101/2866/1223 3102/2868/1223 2906/2869/1223 2886/2867/1223
f 3102/2868/1224 3103/2870/1224 2927/2871/1224 2906/2869/1224
f 2947/2872/1225 2927/2871/1225 3103/2870/1225 3104/2873/1225
f 2967/2874/1226 2947/2872/1226 3104/2873/1226 3105/2875/1226
f 2986/2876/1227 2967/2874/1227 3105/2875/1227 3106/2877/1227
f 3106/2877/1228 3107/2878/1228 3006/2879/1228 2986/2876/1228
f 3107/2878/1229 3108/2880/1229 3026/2881/1229 3006/2879/1229
f 3134/2882/1230 3135/2883/1230 3026/2881/1230 3108/2880/1230 3132/2884/1230
f 2791/2855/1231 2806/2885/1231 3126/2886/1231 3128/2887/1231 3130/2856/1231
f 2806/2885/1232 2804/2888/1232 3129/2889/1232 3126/2886/1232
f 2804/2888/1233 2802/2890/1233 3124/2891/1233 3129/2889/1233
f 2802/2890/1234 2799/2892/1234 3125/2893/1234 3124/2891/1234
f 2799/2892/1235 2797/2894/1235 3123/2895/1235 3125/2893/1235
f 2797/2896/1236 3122/2897/1236 3123/2898/1236
f 2809/2858/1237 2825/2899/1237 2806/2900/1237 2791/2855/1237
f 2825/2899/1238 2822/2901/1238 2804/2902/1238 2806/2900/1238
f 2820/2903/1239 2802/2904/1239 2804/2902/1239 2822/2901/1239
f 2799/2905/1240 2802/2904/1240 2820/2903/1240 2818/2906/1240
f 2797/2907/1241 2799/2905/1241 2818/2906/1241 2816/2908/1241
f 3122/2909/1242 2797/2910/1242 2816/2911/1242 2815/2912/1242 3120/2913/1242 3119/2914/1242
f 2815/2912/1243 2813/2915/1243 3116/2916/1243 3120/2913/1243
f 2813/2915/1244 3117/2917/1244 3116/2916/1244
f 2828/2860/1245 2843/2918/1245 2825/2919/1245 2809/2858/1245
f 2843/2918/1246 2841/2920/1246 2822/2921/1246 2825/2919/1246
f 2841/2920/1247 2839/2922/1247 2820/2923/1247 2822/2921/1247
f 2839/2922/1248 2837/2924/1248 2818/2925/1248 2820/2923/1248
f 2816/2926/1249 2818/2925/1249 2837/2924/1249 2836/2927/1249
f 2836/2928/1250 2834/2929/1250 2815/2912/1250 2816/2930/1250
f 2834/2929/1251 2832/2931/1251 2813/2915/1251 2815/2912/1251
f 3117/2917/1252 2813/2915/1252 2832/2931/1252 3121/2932/1252
f 2847/2863/1253 2863/2933/1253 2843/2934/1253 2828/2860/1253
f 2863/2933/1254 2861/2935/1254 2841/2936/1254 2843/2934/1254
f 2861/2935/1255 2859/2937/1255 2839/2938/1255 2841/2936/1255
f 2859/2937/1256 2858/2939/1256 2837/2940/1256 2839/2938/1256
f 2858/2939/1257 2856/2941/1257 2836/2942/1257 2837/2940/1257
f 2856/2943/1258 2854/2944/1258 2834/2929/1258 2836/2945/1258
f 2854/2944/1259 2851/2946/1259 2832/2931/1259 2834/2929/1259
f 3121/2932/1260 2832/2931/1260 2851/2946/1260 2850/2947/1260 3113/2948/1260
f 2850/2947/1261 3114/2949/1261 3113/2948/1261
f 2866/2865/1262 2883/2950/1262 2863/2951/1262 2847/2863/1262
f 2883/2950/1263 2881/2952/1263 2861/2953/1263 2863/2951/1263
f 2881/2952/1264 2879/2954/1264 2859/2955/1264 2861/2953/1264
f 2879/2954/1265 2877/2956/1265 2858/2957/1265 2859/2955/1265
f 2877/2956/1266 2875/2958/1266 2856/2959/1266 2858/2957/1266
f 2875/2960/1267 2873/2961/1267 2854/2944/1267 2856/2962/1267
f 2873/2961/1268 2872/2963/1268 2851/2946/1268 2854/2944/1268
f 2850/2947/1269 2851/2946/1269 2872/2963/1269 2870/2964/1269
f 3114/2949/1270 2850/2947/1270 2870/2964/1270 3115/2965/1270
f 2886/2867/1271 2904/2966/1271 2883/2967/1271 2866/2865/1271
f 2904/2966/1272 2901/2968/1272 2881/2969/1272 2883/2967/1272
f 2901/2968/1273 2899/2970/1273 2879/2971/1273 2881/2969/1273
f 2899/2970/1274 2897/2972/1274 2877/2973/1274 2879/2971/1274
f 2897/2972/1275 2895/2974/1275 2875/2975/1275 2877/2973/1275
f 2895/2976/1276 2893/2977/1276 2873/2961/1276 2875/2978/1276
f 2893/2977/1277 2891/2979/1277 2872/2963/1277 2873/2961/1277
f 2891/2979/1278 2889/2980/1278 2870/2964/1278 2872/2963/1278
f 3115/2965/1279 2870/2964/1279 2889/2980/1279 3112/2981/1279
f 2906/2869/1280 2923/2982/1280 2904/2983/1280 2886/2867/1280
f 2923/2982/1281 2921/2984/1281 2901/2985/1281 2904/2983/1281
f 2921/2984/1282 2919/2986/1282 2899/2987/1282 2901/2985/1282
f 2919/2986/1283 2918/2988/1283 2897/2989/1283 2899/2987/1283
f 2918/2988/1284 2915/2990/1284 2895/2991/1284 2897/2989/1284
f 2915/2992/1285 2913/2993/1285 2893/2977/1285 2895/2994/1285
f 2913/2993/1286 2911/2995/1286 2891/2979/1286 2893/2977/1286
f 2911/2995/1287 2909/2996/1287 2889/2980/1287 2891/2979/1287
f 2889/2980/1288 2909/2996/1288 3111/2997/1288 3112/2981/1288
f 2927/2871/1289 2943/2998/1289 2923/2999/1289 2906/2869/1289
f 2943/2998/1290 2941/3000/1290 2921/3001/1290 2923/2999/1290
f 2941/3000/1291 2939/3002/1291 2919/3003/1291 2921/3001/1291
f 2939/3002/1292 2938/3004/1292 2918/3005/1292 2919/3003/1292
f 2938/3004/1293 2936/3006/1293 2915/3007/1293 2918/3005/1293
f 2936/3008/1294 2934/3009/1294 2913/2993/1294 2915/3010/1294
f 2934/3009/1295 2932/3011/1295 2911/2995/1295 2913/2993/1295
f 2932/3011/1296 2930/3012/1296 2909/2996/1296 2911/2995/1296
f 2909/2996/1297 2930/3012/1297 3151/3013/1297 3110/3014/1297 3111/2997/1297
f 2947/2872/1298 2964/3015/1298 2943/3016/1298 2927/2871/1298
f 2964/3015/1299 2962/3017/1299 2941/3018/1299 2943/3016/1299
f 2962/3017/1300 2960/3019/1300 2939/3020/1300 2941/3018/1300
f 2960/3019/1301 2958/3021/1301 2938/3022/1301 2939/3020/1301
f 2958/3021/1302 2956/3023/1302 2936/3024/1302 2938/3022/1302
f 2956/3025/1303 2954/3026/1303 2934/3009/1303 2936/3027/1303
f 2954/3026/1304 2952/3028/1304 2932/3011/1304 2934/3009/1304
f 2952/3028/1305 2950/3029/1305 2930/3012/1305 2932/3011/1305
f 2930/3012/1306 2950/3029/1306 3149/3030/1306 3151/3013/1306
f 2967/2874/1307 2983/3031/1307 2964/3032/1307 2947/2872/1307
f 2983/3031/1308 2981/3033/1308 2962/3034/1308 2964/3032/1308
f 2981/3033/1309 2979/3035/1309 2960/3036/1309 2962/3034/1309
f 2979/3035/1310 2977/3037/1310 2958/3038/1310 2960/3036/1310
f 2977/3037/1311 2975/3039/1311 2956/3040/1311 2958/3038/1311
f 2975/3041/1312 2974/3042/1312 2954/3026/1312 2956/3043/1312
f 2974/3042/1313 2971/3044/1313 2952/3028/1313 2954/3026/1313
f 2969/3045/1314 2950/3029/1314 2952/3028/1314 2971/3044/1314
f 2950/3029/1315 2969/3045/1315 3150/3046/1315 3149/3030/1315
f 2986/2876/1316 3004/3047/1316 2983/3048/1316 2967/2874/1316
f 3004/3047/1317 3001/3049/1317 2981/3050/1317 2983/3048/1317
f 3001/3049/1318 2999/3051/1318 2979/3052/1318 2981/3050/1318
f 2999/3051/1319 2997/3053/1319 2977/3054/1319 2979/3052/1319
f 2997/3053/1320 2995/3055/1320 2975/3056/1320 2977/3054/1320
f 2995/3057/1321 2994/3058/1321 2974/3042/1321 2975/3059/1321
f 2994/3058/1322 2991/3060/1322 2971/3044/1322 2974/3042/1322
f 2989/3061/1323 2969/3045/1323 2971/3044/1323 2991/3060/1323
f 2969/3045/1324 2989/3061/1324 3145/3062/1324 3150/3046/1324
f 3006/2879/1325 3023/3063/1325 3004/3064/1325 2986/2876/1325
f 3023/3063/1326 3021/3065/1326 3001/3066/1326 3004/3064/1326
f 3021/3065/1327 3019/3067/1327 2999/3068/1327 3001/3066/1327
f 3019/3067/1328 3017/3069/1328 2997/3070/1328 2999/3068/1328
f 3015/3071/1329 2995/3072/1329 2997/3070/1329 3017/3069/1329
f 3015/3073/1330 3013/3074/1330 2994/3058/1330 2995/3075/1330
f 3013/3074/1331 3011/3076/1331 2991/3060/1331 2994/3058/1331
f 2989/3061/1332 2991/3060/1332 3011/3076/1332 3147/3077/1332 3146/3078/1332
f 2989/3061/1333 3146/3078/1333 3145/3062/1333
f 3026/2881/1334 3039/3079/1334 3023/3080/1334 3006/2879/1334
f 3039/3079/1335 3037/3081/1335 3021/3082/1335 3023/3080/1335
f 3019/3083/1336 3021/3082/1336 3037/3081/1336 3035/3084/1336
f 3034/3085/1337 3017/3086/1337 3019/3083/1337 3035/3084/1337
f 3032/3087/1338 3015/3088/1338 3017/3086/1338 3034/3085/1338
f 3013/3074/1339 3015/3089/1339 3032/3090/1339 3143/3091/1339 3144/3092/1339
f 3011/3076/1340 3013/3074/1340 3144/3092/1340 3148/3093/1340
f 3011/3076/1341 3148/3093/1341 3147/3077/1341
f 3039/3094/1342 3026/2881/1342 3135/2883/1342 3136/3095/1342
f 3037/3096/1343 3039/3094/1343 3136/3095/1343 3137/3097/1343
f 3035/3098/1344 3037/3096/1344 3137/3097/1344 3138/3099/1344
f 3034/3100/1345 3035/3098/1345 3138/3099/1345 3139/3101/1345
f 3142/3102/1346 3032/3103/1346 3034/3100/1346 3139/3101/1346
f 3143/3104/1347 3032/3105/1347 3142/3106/1347 3141/3107/1347
f 3132/3108/1089 3108/3109/1089 3107/3110/1089 3106/3111/1089 3105/3112/1089 3104/3113/1089 3103/3114/1089 3102/3115/1089 3101/3116/1089 3100/3117/1089 3099/3118/1089 3098/3119/1089 3097/3120/1089 3096/3121/1089 3131/3122/1089 3127/3123/1089 3118/3124/1089 3109/3125/1089 3140/3126/1089 3133/3127/1089
f 3182/2632/1120 3183/2601/1120 3152/2602/1120 3153/2603/1120 3154/2604/1120 3155/2605/1120 3156/2606/1120 3157/2607/1120 3158/2608/1120 3159/2609/1120 3160/2610/1120 3161/2611/1120 3162/2612/1120 3163/2613/1120 3164/2614/1120 3165/2615/1120 3166/2616/1120 3167/2617/1120 3168/2618/1120 3169/2619/1120 3170/2620/1120 3171/2621/1120 3172/2622/1120 3173/2623/1120 3174/2624/1120 3175/2625/1120 3176/2626/1120 3177/2627/1120 3178/2628/1120 3179/2629/1120 3180/2630/1120 3181/2631/1120
f 2691/2407/1065 2693/2409/1065 3161/2409/1065 3160/2407/1065
f 2724/2477/1086 2726/2479/1086 3182/2479/1086 3181/2477/1086
f 2704/2448/1074 2707/2451/1074 3170/2451/1074 3169/2448/1074
f 2685/2398/1061 2686/2401/1061 3157/2401/1061 3156/2398/1061
f 2718/2469/1082 2719/2471/1082 3178/2471/1082 3177/2469/1082
f 2700/2417/1070 2701/2419/1070 3166/2419/1070 3165/2417/1070
f 2726/2479/1087 2728/2492/1087 3183/2492/1087 3182/2479/1087
f 2681/2380/1058 2683/2392/1058 3154/2392/1058 3153/2380/1058
f 2680/2381/1057 2681/2380/1057 3153/2380/1057 3152/2381/1057
f 2728/2492/1088 2680/2506/1088 3152/2506/1088 3183/2492/1088
f 2712/2461/1078 2714/2463/1078 3174/2463/1078 3173/2461/1078
f 2693/2409/1066 2696/2411/1066 3162/2411/1066 3161/2409/1066
f 2686/2401/1062 2687/2403/1062 3158/2403/1062 3157/2401/1062
f 2719/2471/1083 2720/2473/1083 3179/2473/1083 3178/2471/1083
f 2701/2419/1071 2702/2422/1071 3167/2422/1071 3166/2419/1071
f 2683/2392/1059 2684/2395/1059 3155/2395/1059 3154/2392/1059
f 2714/2463/1079 2716/2465/1079 3175/2465/1079 3174/2463/1079
f 2696/2411/1067 2697/2413/1067 3163/2413/1067 3162/2411/1067
f 2687/2403/1063 2690/2405/1063 3159/2405/1063 3158/2403/1063
f 2720/2473/1084 2722/2475/1084 3180/2475/1084 3179/2473/1084
f 2707/2451/1075 2708/2458/1075 3171/2458/1075 3170/2451/1075
f 2703/2439/1073 2704/2448/1073 3169/2448/1073 3168/2439/1073
f 2716/2465/1080 2717/2467/1080 3176/2467/1080 3175/2465/1080
f 2697/2413/1068 2699/2415/1068 3164/2415/1068 3163/2413/1068
f 2690/2405/1064 2691/2407/1064 3160/2407/1064 3159/2405/1064
f 2722/2475/1085 2724/2477/1085 3181/2477/1085 3180/2475/1085
f 2684/2395/1060 2685/2398/1060 3156/2398/1060 3155/2395/1060
f 2702/2422/1072 2703/2439/1072 3168/2439/1072 3167/2422/1072
f 2708/2458/1348 2710/2460/1348 3172/2460/1348 3171/2458/1348
f 2717/2467/1081 2718/2469/1081 3177/2469/1081 3176/2467/1081
f 2699/2415/1349 2700/2417/1349 3165/2417/1349 3164/2415/1349
o XO2
v -0.444365 -0.767559 1.465293
v -0.444365 -0.794367 1.467934
v -0.444365 -0.820145 1.475753
v -0.444365 -0.843901 1.488452
v -0.444365 -0.864724 1.505540
v -0.444365 -0.881813 1.526363
v -0.444365 -0.894512 1.550120
v -0.444365 -0.902331 1.575898
v -0.444365 -0.904971 1.602705
v -0.444365 -0.902331 1.629513
v -0.444365 -0.894512 1.655291
v -0.444365 -0.881813 1.679047
v -0.444365 -0.864724 1.699870
v -0.444365 -0.843901 1.716959
v -0.444365 -0.820145 1.729658
v -0.444365 -0.794367 1.737477
v -0.444365 -0.767559 1.740117
v -0.444365 -0.740752 1.737477
v -0.444365 -0.714974 1.729658
v -0.444365 -0.691217 1.716959
v -0.444365 -0.670394 1.699870
v -0.444365 -0.653305 1.679047
v -0.444365 -0.640607 1.655291
v -0.444365 -0.632788 1.629513
v -0.444365 -0.630147 1.602705
v -0.444365 -0.632788 1.575898
v -0.444365 -0.640607 1.550120
v -0.444365 -0.653305 1.526363
v -0.444365 -0.670394 1.505540
v -0.444365 -0.691217 1.488452
v -0.444365 -0.714974 1.475753
v -0.444365 -0.740752 1.467934
v -0.608997 -0.763075 1.448495
v -0.428843 -0.763075 1.334461
v -0.608997 -0.793556 1.451497
v -0.428843 -0.815803 1.339654
v -0.608997 -0.822866 1.460388
v -0.428843 -0.866505 1.355034
v -0.608997 -0.849878 1.474826
v -0.428843 -0.913232 1.380010
v -0.608997 -0.873555 1.494257
v -0.428843 -0.954189 1.413623
v -0.608997 -0.892986 1.517933
v -0.428843 -0.987801 1.454579
v -0.608997 -0.907424 1.544945
v -0.428843 -1.012777 1.501307
v -0.608997 -0.916315 1.574255
v -0.428843 -1.028158 1.552009
v -0.608997 -0.919317 1.604737
v -0.428843 -1.033351 1.604737
v -0.608997 -0.916315 1.635218
v -0.428843 -1.028158 1.657465
v -0.608997 -0.907424 1.664528
v -0.428843 -1.012777 1.708167
v -0.608997 -0.892986 1.691540
v -0.428843 -0.987801 1.754894
v -0.608997 -0.873555 1.715217
v -0.428843 -0.954189 1.795851
v -0.608997 -0.849878 1.734647
v -0.428843 -0.913232 1.829463
v -0.608997 -0.822866 1.749086
v -0.428843 -0.866505 1.854439
v -0.608997 -0.793556 1.757977
v -0.428843 -0.815803 1.869820
v -0.608997 -0.763075 1.760979
v -0.428843 -0.763075 1.875013
v -0.608997 -0.732594 1.757977
v -0.428843 -0.710347 1.869820
v -0.608997 -0.703284 1.749086
v -0.428843 -0.659645 1.854439
v -0.608997 -0.676271 1.734647
v -0.428843 -0.612918 1.829463
v -0.608997 -0.652595 1.715217
v -0.428843 -0.571961 1.795851
v -0.608997 -0.633164 1.691540
v -0.428843 -0.538349 1.754894
v -0.608997 -0.618726 1.664528
v -0.428843 -0.513372 1.708167
v -0.608997 -0.609835 1.635218
v -0.428843 -0.497992 1.657465
v -0.608997 -0.606833 1.604737
v -0.428843 -0.492799 1.604737
v -0.608997 -0.609835 1.574255
v -0.428843 -0.497992 1.552009
v -0.608997 -0.618726 1.544945
v -0.428843 -0.513372 1.501307
v -0.608997 -0.633164 1.517933
v -0.428843 -0.538349 1.454579
v -0.608997 -0.652595 1.494257
v -0.428843 -0.571961 1.413623
v -0.608997 -0.676271 1.474826
v -0.428843 -0.612918 1.380010
v -0.608997 -0.703284 1.460388
v -0.428843 -0.659645 1.355034
v -0.608997 -0.732594 1.451497
v -0.428843 -0.710347 1.339654
v -0.508237 -0.763075 1.334461
v -0.508237 -0.815803 1.339654
v -0.508237 -0.866505 1.355034
v -0.508237 -0.913232 1.380010
v -0.508237 -0.954189 1.413623
v -0.508237 -0.987801 1.454579
v -0.508237 -1.012777 1.501307
v -0.508237 -1.028158 1.552009
v -0.508237 -1.033351 1.604737
v -0.508237 -1.028158 1.657465
v -0.508237 -1.012777 1.708167
v -0.508237 -0.987801 1.754894
v -0.508237 -0.954189 1.795851
v -0.508237 -0.913232 1.829463
v -0.508237 -0.866505 1.854439
v -0.508237 -0.815803 1.869820
v -0.508237 -0.763075 1.875013
v -0.508237 -0.710347 1.869820
v -0.508237 -0.659645 1.854439
v -0.508237 -0.612918 1.829463
v -0.508237 -0.571961 1.795851
v -0.508237 -0.538349 1.754894
v -0.508237 -0.513372 1.708167
v -0.508237 -0.497992 1.657465
v -0.508237 -0.492799 1.604737
v -0.508237 -0.497992 1.552009
v -0.508237 -0.513372 1.501307
v -0.508237 -0.538349 1.454579
v -0.508237 -0.571961 1.413623
v -0.508237 -0.612918 1.380010
v -0.508237 -0.659645 1.355034
v -0.508237 -0.710347 1.339654
v -0.508237 -0.763075 1.334461
v -0.508237 -0.815803 1.339654
v -0.508237 -0.866505 1.355034
v -0.508237 -0.913232 1.380010
v -0.508237 -0.954189 1.413623
v -0.508237 -0.987801 1.454579
v -0.508237 -1.012777 1.501307
v -0.508237 -1.028158 1.552009
v -0.508237 -1.033351 1.604737
v -0.508237 -1.028158 1.657465
v -0.508237 -1.012777 1.708167
v -0.508237 -0.987801 1.754894
v -0.508237 -0.954189 1.795851
v -0.508237 -0.913232 1.829463
v -0.508237 -0.866505 1.854439
v -0.508237 -0.815803 1.869820
v -0.508237 -0.763075 1.875013
v -0.508237 -0.710347 1.869820
v -0.508237 -0.659645 1.854439
v -0.508237 -0.612918 1.829463
v -0.508237 -0.571961 1.795851
v -0.508237 -0.538349 1.754894
v -0.508237 -0.513372 1.708167
v -0.508237 -0.497992 1.657465
v -0.508237 -0.492799 1.604737
v -0.508237 -0.497992 1.552009
v -0.508237 -0.513372 1.501307
v -0.508237 -0.538349 1.454579
v -0.508237 -0.571961 1.413623
v -0.508237 -0.612918 1.380010
v -0.508237 -0.659645 1.355034
v -0.508237 -0.710347 1.339654
v -0.530313 -0.763075 1.348287
v -0.530313 -0.813106 1.353215
v -0.530313 -0.861214 1.367808
v -0.530313 -0.905551 1.391507
v -0.530313 -0.944412 1.423400
v -0.530313 -0.976305 1.462261
v -0.530313 -1.000003 1.506598
v -0.530313 -1.014597 1.554706
v -0.530313 -1.019524 1.604737
v -0.530313 -1.014597 1.654768
v -0.530313 -1.000003 1.702876
v -0.530313 -0.976305 1.747212
v -0.530313 -0.944412 1.786074
v -0.530313 -0.905551 1.817967
v -0.530313 -0.861214 1.841665
v -0.530313 -0.813106 1.856259
v -0.530313 -0.763075 1.861186
v -0.530313 -0.713044 1.856259
v -0.530313 -0.664936 1.841665
v -0.530313 -0.620599 1.817967
v -0.530313 -0.581738 1.786074
v -0.530313 -0.549845 1.747212
v -0.530313 -0.526147 1.702876
v -0.530313 -0.511553 1.654768
v -0.530313 -0.506626 1.604737
v -0.530313 -0.511553 1.554706
v -0.530313 -0.526147 1.506598
v -0.530313 -0.549845 1.462261
v -0.530313 -0.581738 1.423400
v -0.530313 -0.620599 1.391507
v -0.530313 -0.664936 1.367808
v -0.530313 -0.713044 1.353215
v -0.530313 -0.763075 1.348287
v -0.530313 -0.813106 1.353215
v -0.530313 -0.861214 1.367808
v -0.530313 -0.905551 1.391507
v -0.530313 -0.944412 1.423400
v -0.530313 -0.976305 1.462261
v -0.530313 -1.000003 1.506598
v -0.530313 -1.014597 1.554706
v -0.530313 -1.019524 1.604737
v -0.530313 -1.014597 1.654768
v -0.530313 -1.000003 1.702876
v -0.530313 -0.976305 1.747212
v -0.530313 -0.944412 1.786074
v -0.530313 -0.905551 1.817967
v -0.530313 -0.861214 1.841665
v -0.530313 -0.813106 1.856259
v -0.530313 -0.763075 1.861186
v -0.530313 -0.713044 1.856259
v -0.530313 -0.664936 1.841665
v -0.530313 -0.620599 1.817967
v -0.530313 -0.581738 1.786074
v -0.530313 -0.549845 1.747212
v -0.530313 -0.526147 1.702876
v -0.530313 -0.511553 1.654768
v -0.530313 -0.506626 1.604737
v -0.530313 -0.511553 1.554706
v -0.530313 -0.526147 1.506598
v -0.530313 -0.549845 1.462261
v -0.530313 -0.581738 1.423400
v -0.530313 -0.620599 1.391507
v -0.530313 -0.664936 1.367808
v -0.530313 -0.713044 1.353215
v -0.608997 -0.763075 1.373723
v -0.608997 -0.808144 1.378162
v -0.608997 -0.851480 1.391308
v -0.608997 -0.891420 1.412656
v -0.608997 -0.926427 1.441385
v -0.608997 -0.955156 1.476392
v -0.608997 -0.976504 1.516332
v -0.608997 -0.989650 1.559668
v -0.608997 -0.994089 1.604737
v -0.608997 -0.989650 1.649805
v -0.608997 -0.976504 1.693142
v -0.608997 -0.955156 1.733081
v -0.608997 -0.926427 1.768088
v -0.608997 -0.891420 1.796818
v -0.608997 -0.851480 1.818166
v -0.608997 -0.808144 1.831312
v -0.608997 -0.763075 1.835751
v -0.608997 -0.718006 1.831312
v -0.608997 -0.674670 1.818166
v -0.608997 -0.634730 1.796818
v -0.608997 -0.599723 1.768088
v -0.608997 -0.570994 1.733081
v -0.608997 -0.549646 1.693142
v -0.608997 -0.536500 1.649805
v -0.608997 -0.532061 1.604737
v -0.608997 -0.536500 1.559668
v -0.608997 -0.549646 1.516332
v -0.608997 -0.570994 1.476392
v -0.608997 -0.599723 1.441385
v -0.608997 -0.634730 1.412656
v -0.608997 -0.674670 1.391308
v -0.608997 -0.718006 1.378162
v -0.608997 -0.763075 1.373723
v -0.608997 -0.808144 1.378162
v -0.608997 -0.851480 1.391308
v -0.608997 -0.891420 1.412656
v -0.608997 -0.926427 1.441385
v -0.608997 -0.955156 1.476392
v -0.608997 -0.976504 1.516332
v -0.608997 -0.989650 1.559668
v -0.608997 -0.994089 1.604737
v -0.608997 -0.989650 1.649805
v -0.608997 -0.976504 1.693142
v -0.608997 -0.955156 1.733081
v -0.608997 -0.926427 1.768088
v -0.608997 -0.891420 1.796818
v -0.608997 -0.851480 1.818166
v -0.608997 -0.808144 1.831312
v -0.608997 -0.763075 1.835751
v -0.608997 -0.718006 1.831312
v -0.608997 -0.674670 1.818166
v -0.608997 -0.634730 1.796818
v -0.608997 -0.599723 1.768088
v -0.608997 -0.570994 1.733081
v -0.608997 -0.549646 1.693142
v -0.608997 -0.536500 1.649805
v -0.608997 -0.532061 1.604737
v -0.608997 -0.536500 1.559668
v -0.608997 -0.549646 1.516332
v -0.608997 -0.570994 1.476392
v -0.608997 -0.599723 1.441385
v -0.608997 -0.634730 1.412656
v -0.608997 -0.674670 1.391308
v -0.608997 -0.718006 1.378162
v -0.623913 -0.763075 1.485431
v -0.618514 -0.763075 1.448495
v -0.618514 -0.793556 1.451497
v -0.623913 -0.786350 1.487723
v -0.618514 -0.822866 1.460388
v -0.623913 -0.808731 1.494512
v -0.618514 -0.849878 1.474826
v -0.623913 -0.829358 1.505538
v -0.618514 -0.873555 1.494257
v -0.623913 -0.847437 1.520375
v -0.618514 -0.892986 1.517933
v -0.623913 -0.862274 1.538454
v -0.618514 -0.907424 1.544945
v -0.623913 -0.873299 1.559080
v -0.618514 -0.916315 1.574255
v -0.623913 -0.880089 1.581461
v -0.618514 -0.919317 1.604737
v -0.623913 -0.882381 1.604737
v -0.618514 -0.916315 1.635218
v -0.623913 -0.880089 1.628012
v -0.618514 -0.907424 1.664528
v -0.623913 -0.873299 1.650393
v -0.618514 -0.892986 1.691540
v -0.623913 -0.862274 1.671020
v -0.618514 -0.873555 1.715217
v -0.623913 -0.847437 1.689099
v -0.618514 -0.849878 1.734647
v -0.623913 -0.829358 1.703936
v -0.618514 -0.822866 1.749086
v -0.623913 -0.808731 1.714961
v -0.618514 -0.793556 1.757977
v -0.623913 -0.786350 1.721750
v -0.618514 -0.763075 1.760979
v -0.623913 -0.763075 1.724043
v -0.618514 -0.732594 1.757977
v -0.623913 -0.739800 1.721750
v -0.618514 -0.703284 1.749086
v -0.623913 -0.717419 1.714961
v -0.618514 -0.676271 1.734647
v -0.623913 -0.696792 1.703936
v -0.618514 -0.652595 1.715217
v -0.623913 -0.678713 1.689099
v -0.618514 -0.633164 1.691540
v -0.623913 -0.663876 1.671020
v -0.618514 -0.618726 1.664528
v -0.623913 -0.652851 1.650393
v -0.618514 -0.609835 1.635218
v -0.623913 -0.646061 1.628012
v -0.618514 -0.606833 1.604737
v -0.623913 -0.643769 1.604737
v -0.618514 -0.609835 1.574255
v -0.623913 -0.646061 1.581461
v -0.618514 -0.618726 1.544945
v -0.623913 -0.652851 1.559080
v -0.618514 -0.633164 1.517933
v -0.623913 -0.663876 1.538454
v -0.618514 -0.652595 1.494257
v -0.623913 -0.678713 1.520375
v -0.618514 -0.676271 1.474826
v -0.623913 -0.696792 1.505538
v -0.618514 -0.703284 1.460388
v -0.623913 -0.717419 1.494512
v -0.618514 -0.732594 1.451497
v -0.623913 -0.739799 1.487723
v -0.357327 -0.815803 1.339654
v -0.357327 -0.763075 1.334461
v -0.357327 -0.866505 1.355034
v -0.357327 -0.913232 1.380010
v -0.357327 -0.954189 1.413623
v -0.357327 -0.987801 1.454579
v -0.357327 -1.012777 1.501307
v -0.357327 -1.028158 1.552009
v -0.357327 -1.033351 1.604737
v -0.357327 -1.028158 1.657465
v -0.357327 -1.012777 1.708167
v -0.357327 -0.987801 1.754894
v -0.357327 -0.954189 1.795851
v -0.357327 -0.913232 1.829463
v -0.357327 -0.866505 1.854439
v -0.357327 -0.815803 1.869820
v -0.357327 -0.763075 1.875013
v -0.357327 -0.710347 1.869820
v -0.357327 -0.659645 1.854439
v -0.357327 -0.612918 1.829463
v -0.357327 -0.571961 1.795851
v -0.357327 -0.538349 1.754894
v -0.357327 -0.513372 1.708167
v -0.357327 -0.497992 1.657465
v -0.357327 -0.492799 1.604737
v -0.357327 -0.497992 1.552009
v -0.357327 -0.513372 1.501307
v -0.357327 -0.538349 1.454579
v -0.357327 -0.571961 1.413623
v -0.357327 -0.612918 1.380010
v -0.357327 -0.659645 1.355034
v -0.357327 -0.710347 1.339654
v -0.356007 -0.815803 1.339654
v -0.356007 -0.763075 1.334461
v -0.356007 -0.866505 1.355034
v -0.356007 -0.913232 1.380010
v -0.356007 -0.954189 1.413623
v -0.356007 -0.987801 1.454579
v -0.356007 -1.012777 1.501307
v -0.356007 -1.028158 1.552009
v -0.356007 -1.033351 1.604737
v -0.356007 -1.028158 1.657465
v -0.356007 -1.012777 1.708167
v -0.356007 -0.987801 1.754894
v -0.356007 -0.954189 1.795851
v -0.356007 -0.913232 1.829463
v -0.356007 -0.866505 1.854439
v -0.356007 -0.815803 1.869820
v -0.356007 -0.763075 1.875013
v -0.356007 -0.710347 1.869820
v -0.356007 -0.659645 1.854439
v -0.356007 -0.612918 1.829463
v -0.356007 -0.571961 1.795851
v -0.356007 -0.538349 1.754894
v -0.356007 -0.513372 1.708167
v -0.356007 -0.497992 1.657465
v -0.356007 -0.492799 1.604737
v -0.356007 -0.497992 1.552009
v -0.356007 -0.513372 1.501307
v -0.356007 -0.538349 1.454579
v -0.356007 -0.571961 1.413623
v -0.356007 -0.612918 1.380010
v -0.356007 -0.659645 1.355034
v -0.356007 -0.710347 1.339654
v -0.355160 -0.661188 1.790840
v -0.355160 0.454063 1.790840
v -0.355160 -0.661188 1.427640
v -0.355160 0.454063 1.427640
v -0.592286 -0.661188 1.790840
v -0.592286 0.454063 1.790840
v -0.592286 -0.661188 1.427640
v -0.592286 0.454063 1.427640
v -0.355160 0.713728 1.790840
v -0.355160 0.713728 1.427640
v -0.592286 0.713728 1.427640
v -0.592286 0.713728 1.790840
v -0.355160 0.745976 1.790840
v -0.355160 0.745976 1.427640
v -0.592286 0.745976 1.427640
v -0.592286 0.745976 1.790840
v -0.355160 1.017910 1.790840
v -0.355160 1.017910 1.427640
v -0.592286 0.874911 1.427640
v -0.592286 0.874911 1.790840
v -0.485521 1.017910 1.427640
v -0.592286 0.874911 1.427640
v -0.592286 0.874911 1.790840
v -0.485521 1.017910 1.790840
v -0.355160 1.217416 1.535849
v -0.355160 1.017910 1.427640
v -0.355160 1.214960 1.518922
v -0.355160 1.207652 1.502411
v -0.355160 1.195671 1.486723
v -0.355160 1.179314 1.472246
v -0.355160 1.158982 1.459334
v -0.355160 1.135176 1.448306
v -0.355160 1.108484 1.439435
v -0.355160 1.079561 1.432937
v -0.355160 1.049119 1.428973
v -0.355160 1.017910 1.790840
v -0.355160 1.217416 1.682631
v -0.355160 1.049119 1.789508
v -0.355160 1.079561 1.785544
v -0.355160 1.108484 1.779046
v -0.355160 1.135176 1.770174
v -0.355160 1.158982 1.759147
v -0.355160 1.179314 1.746235
v -0.355160 1.195671 1.731757
v -0.355160 1.207652 1.716070
v -0.355160 1.214960 1.699559
v -0.485521 1.017910 1.427640
v -0.485521 1.217416 1.535849
v -0.485521 1.049119 1.428973
v -0.485521 1.079561 1.432937
v -0.485521 1.108484 1.439435
v -0.485521 1.135176 1.448306
v -0.485521 1.158982 1.459334
v -0.485521 1.179314 1.472246
v -0.485521 1.195671 1.486723
v -0.485521 1.207652 1.502411
v -0.485521 1.214960 1.518922
v -0.485521 1.217416 1.682631
v -0.485521 1.017910 1.790840
v -0.485521 1.214960 1.699559
v -0.485521 1.207652 1.716070
v -0.485521 1.195671 1.731757
v -0.485521 1.179314 1.746235
v -0.485521 1.158982 1.759147
v -0.485521 1.135176 1.770174
v -0.485521 1.108484 1.779046
v -0.485521 1.079561 1.785544
v -0.485521 1.049119 1.789508
v -0.537996 1.019944 1.790840
v -0.537996 1.051154 1.789508
v -0.537996 1.081595 1.785544
v -0.537996 1.110518 1.779046
v -0.537996 1.137211 1.770174
v -0.537996 1.161017 1.759147
v -0.537996 1.181348 1.746235
v -0.537996 1.197706 1.731757
v -0.537996 1.209686 1.716070
v -0.537996 1.216995 1.699559
v -0.537996 1.219451 1.682631
v -0.537996 1.219451 1.535849
v -0.537996 1.216995 1.518922
v -0.537996 1.209686 1.502411
v -0.537996 1.197706 1.486723
v -0.537996 1.181348 1.472246
v -0.537996 1.161017 1.459334
v -0.537996 1.137211 1.448306
v -0.537996 1.110518 1.439435
v -0.537996 1.081595 1.432937
v -0.537996 1.051154 1.428973
v -0.537996 1.019944 1.427640
v -0.644761 0.456097 1.435675
v -0.639515 0.455894 1.427640
v -0.644696 0.456095 1.434418
v -0.644504 0.456087 1.433192
v -0.644189 0.456075 1.432027
v -0.643759 0.456058 1.430952
v -0.643224 0.456038 1.429994
v -0.642599 0.456013 1.429175
v -0.641897 0.455986 1.428516
v -0.641136 0.455957 1.428034
v -0.640336 0.455926 1.427739
v -0.639515 0.455894 1.790840
v -0.644761 0.456097 1.782806
v -0.640336 0.455926 1.790741
v -0.641136 0.455957 1.790447
v -0.641897 0.455986 1.789964
v -0.642599 0.456013 1.789306
v -0.643224 0.456038 1.788487
v -0.643759 0.456058 1.787528
v -0.644189 0.456075 1.786453
v -0.644504 0.456087 1.785289
v -0.644696 0.456095 1.784063
v -0.639515 0.715559 1.427640
v -0.644761 0.715763 1.435675
v -0.640336 0.715591 1.427739
v -0.641136 0.715622 1.428034
v -0.641897 0.715652 1.428516
v -0.642599 0.715679 1.429175
v -0.643224 0.715703 1.429994
v -0.643759 0.715724 1.430952
v -0.644189 0.715741 1.432027
v -0.644504 0.715753 1.433192
v -0.644696 0.715760 1.434418
v -0.644761 0.715763 1.782806
v -0.639515 0.715559 1.790840
v -0.644696 0.715760 1.784063
v -0.644504 0.715753 1.785289
v -0.644189 0.715741 1.786453
v -0.643759 0.715724 1.787528
v -0.643224 0.715703 1.788487
v -0.642599 0.715679 1.789306
v -0.641897 0.715652 1.789964
v -0.641136 0.715622 1.790447
v -0.640336 0.715591 1.790741
v -0.639515 0.747807 1.427640
v -0.644761 0.748011 1.435675
v -0.640336 0.747839 1.427739
v -0.641136 0.747870 1.428034
v -0.641897 0.747900 1.428516
v -0.642599 0.747927 1.429175
v -0.643224 0.747951 1.429994
v -0.643759 0.747972 1.430952
v -0.644189 0.747989 1.432027
v -0.644504 0.748001 1.433192
v -0.644696 0.748008 1.434418
v -0.644761 0.748011 1.782806
v -0.639515 0.747807 1.790840
v -0.644696 0.748008 1.784063
v -0.644504 0.748001 1.785289
v -0.644189 0.747989 1.786453
v -0.643759 0.747972 1.787528
v -0.643224 0.747951 1.788487
v -0.642599 0.747927 1.789306
v -0.641897 0.747900 1.789964
v -0.641136 0.747870 1.790447
v -0.640336 0.747839 1.790741
v -0.639515 0.876743 1.790840
v -0.644761 0.876946 1.782806
v -0.640336 0.876775 1.790741
v -0.641136 0.876806 1.790447
v -0.641897 0.876835 1.789964
v -0.642599 0.876862 1.789306
v -0.643224 0.876887 1.788487
v -0.643759 0.876908 1.787528
v -0.644189 0.876924 1.786453
v -0.644504 0.876936 1.785289
v -0.644696 0.876944 1.784063
v -0.644761 0.876946 1.435675
v -0.639515 0.876743 1.427640
v -0.644696 0.876944 1.434418
v -0.644504 0.876936 1.433192
v -0.644189 0.876924 1.432027
v -0.643759 0.876908 1.430952
v -0.643224 0.876887 1.429994
v -0.642599 0.876862 1.429175
v -0.641897 0.876835 1.428516
v -0.641136 0.876806 1.428034
v -0.640336 0.876775 1.427739
v -0.626148 0.876225 1.427640
v -0.644761 0.876946 1.435675
v -0.629060 0.876337 1.427739
v -0.631900 0.876448 1.428034
v -0.634598 0.876552 1.428516
v -0.637088 0.876649 1.429175
v -0.639309 0.876735 1.429994
v -0.641206 0.876808 1.430952
v -0.642732 0.876868 1.432027
v -0.643850 0.876911 1.433192
v -0.644532 0.876937 1.434418
v -0.537996 1.019944 1.435675
v -0.519383 1.019222 1.427640
v -0.537996 1.019944 1.427640
v -0.537767 1.019935 1.434418
v -0.537085 1.019909 1.433192
v -0.535968 1.019866 1.432027
v -0.534442 1.019806 1.430952
v -0.532545 1.019733 1.429994
v -0.530324 1.019647 1.429175
v -0.527834 1.019550 1.428516
v -0.525135 1.019446 1.428034
v -0.522295 1.019336 1.427739
v -0.519383 1.019222 1.790840
v -0.537996 1.019944 1.782806
v -0.537996 1.019944 1.790840
v -0.522295 1.019336 1.790741
v -0.525135 1.019446 1.790447
v -0.527834 1.019550 1.789964
v -0.530324 1.019647 1.789306
v -0.532545 1.019733 1.788487
v -0.534442 1.019806 1.787528
v -0.535968 1.019866 1.786453
v -0.537085 1.019909 1.785289
v -0.537767 1.019935 1.784063
v -0.644761 0.876946 1.782806
v -0.626148 0.876225 1.790840
v -0.644532 0.876937 1.784063
v -0.643850 0.876911 1.785289
v -0.642732 0.876868 1.786453
v -0.641206 0.876808 1.787528
v -0.639309 0.876735 1.788487
v -0.637088 0.876649 1.789306
v -0.634598 0.876552 1.789964
v -0.631900 0.876448 1.790447
v -0.629060 0.876337 1.790741
v -0.639515 -0.475622 1.427640
v -0.644761 -0.485781 1.435675
v -0.640336 -0.477211 1.427739
v -0.641136 -0.478761 1.428034
v -0.641897 -0.480234 1.428516
v -0.642599 -0.481593 1.429175
v -0.643224 -0.482805 1.429994
v -0.643759 -0.483841 1.430952
v -0.644189 -0.484674 1.432027
v -0.644504 -0.485284 1.433192
v -0.644696 -0.485656 1.434418
v -0.600451 -0.660872 1.427640
v -0.607899 -0.660583 1.435675
v -0.601616 -0.660826 1.427739
v -0.602753 -0.660782 1.428034
v -0.603832 -0.660740 1.428516
v -0.604829 -0.660702 1.429175
v -0.605718 -0.660667 1.429994
v -0.606477 -0.660638 1.430952
v -0.607088 -0.660614 1.432027
v -0.607535 -0.660597 1.433192
v -0.607808 -0.660586 1.434418
v -0.607899 -0.660583 1.782806
v -0.600451 -0.660872 1.790840
v -0.607808 -0.660586 1.784063
v -0.607535 -0.660597 1.785289
v -0.607088 -0.660614 1.786453
v -0.606477 -0.660638 1.787528
v -0.605718 -0.660667 1.788487
v -0.604829 -0.660702 1.789306
v -0.603832 -0.660740 1.789964
v -0.602753 -0.660782 1.790447
v -0.601616 -0.660826 1.790741
v -0.639515 -0.475622 1.790840
v -0.644761 -0.485781 1.782806
v -0.640336 -0.477211 1.790741
v -0.641136 -0.478761 1.790447
v -0.641897 -0.480234 1.789964
v -0.642599 -0.481593 1.789306
v -0.643224 -0.482805 1.788487
v -0.643759 -0.483841 1.787528
v -0.644189 -0.484674 1.786453
v -0.644504 -0.485284 1.785289
v -0.644696 -0.485656 1.784063
v -0.644761 0.715763 1.435675
v -0.644761 0.456097 1.435675
v -0.644761 0.456097 1.782806
v -0.644761 0.715763 1.782806
v -0.644761 0.748011 1.435675
v -0.644761 0.748011 1.782806
v -0.644761 0.876946 1.435675
v -0.644761 0.876946 1.782806
v -0.607899 -0.660583 1.782806
v -0.644761 -0.485781 1.782806
v -0.644761 -0.485781 1.435675
v -0.607899 -0.660583 1.435675
v -0.423259 -0.343112 1.596554
v -0.423259 -0.318978 1.615749
v -0.423259 -0.342815 1.599557
v -0.423259 -0.341931 1.602486
v -0.423259 -0.340482 1.605269
v -0.423259 -0.338503 1.607837
v -0.423259 -0.336044 1.610127
v -0.423259 -0.333164 1.612083
v -0.423259 -0.329935 1.613657
v -0.423259 -0.326436 1.614810
v -0.423259 -0.322754 1.615513
v -0.423259 -0.320021 1.615749
v -0.423259 -0.295887 1.596554
v -0.423259 -0.316245 1.615513
v -0.423259 -0.312563 1.614810
v -0.423259 -0.309064 1.613657
v -0.423259 -0.305835 1.612083
v -0.423259 -0.302955 1.610127
v -0.423259 -0.300496 1.607837
v -0.423259 -0.298517 1.605269
v -0.423259 -0.297068 1.602486
v -0.423259 -0.296184 1.599557
v -0.423259 -0.318978 1.578189
v -0.423259 -0.343112 1.597383
v -0.423259 -0.322754 1.578425
v -0.423259 -0.326436 1.579128
v -0.423259 -0.329935 1.580281
v -0.423259 -0.333164 1.581855
v -0.423259 -0.336044 1.583811
v -0.423259 -0.338503 1.586101
v -0.423259 -0.340482 1.588669
v -0.423259 -0.341931 1.591452
v -0.423259 -0.342815 1.594381
v -0.423259 -0.295887 1.597383
v -0.423259 -0.320021 1.578189
v -0.423259 -0.296184 1.594381
v -0.423259 -0.297068 1.591452
v -0.423259 -0.298517 1.588669
v -0.423259 -0.300496 1.586101
v -0.423259 -0.302955 1.583811
v -0.423259 -0.305835 1.581855
v -0.423259 -0.309064 1.580281
v -0.423259 -0.312563 1.579128
v -0.423259 -0.316245 1.578425
v -0.287873 -0.318978 1.615749
v -0.287873 -0.343112 1.596554
v -0.287873 -0.322754 1.615513
v -0.287873 -0.326436 1.614810
v -0.287873 -0.329935 1.613657
v -0.287873 -0.333164 1.612083
v -0.287873 -0.336044 1.610127
v -0.287873 -0.338503 1.607837
v -0.287873 -0.340482 1.605269
v -0.287873 -0.341931 1.602486
v -0.287873 -0.342815 1.599557
v -0.287873 -0.295887 1.596554
v -0.287873 -0.320021 1.615749
v -0.287873 -0.296184 1.599557
v -0.287873 -0.297068 1.602486
v -0.287873 -0.298517 1.605269
v -0.287873 -0.300496 1.607837
v -0.287873 -0.302955 1.610127
v -0.287873 -0.305835 1.612083
v -0.287873 -0.309064 1.613657
v -0.287873 -0.312563 1.614810
v -0.287873 -0.316245 1.615513
v -0.287873 -0.343112 1.597383
v -0.287873 -0.318978 1.578189
v -0.287873 -0.342815 1.594381
v -0.287873 -0.341931 1.591452
v -0.287873 -0.340482 1.588669
v -0.287873 -0.338503 1.586101
v -0.287873 -0.336044 1.583811
v -0.287873 -0.333164 1.581855
v -0.287873 -0.329935 1.580281
v -0.287873 -0.326436 1.579128
v -0.287873 -0.322754 1.578425
v -0.287873 -0.320021 1.578189
v -0.287873 -0.295887 1.597383
v -0.287873 -0.316245 1.578425
v -0.287873 -0.312563 1.579128
v -0.287873 -0.309064 1.580281
v -0.287873 -0.305835 1.581855
v -0.287873 -0.302955 1.583811
v -0.287873 -0.300496 1.586101
v -0.287873 -0.298517 1.588669
v -0.287873 -0.297068 1.591452
v -0.287873 -0.296184 1.594381
v -0.304504 -0.319446 1.529276
v -0.304504 -0.376507 1.597032
v -0.304504 -0.328372 1.530110
v -0.304504 -0.337079 1.532592
v -0.304504 -0.345351 1.536661
v -0.304504 -0.352986 1.542216
v -0.304504 -0.359794 1.549121
v -0.304504 -0.365610 1.557206
v -0.304504 -0.370288 1.566272
v -0.304504 -0.373715 1.576094
v -0.304504 -0.375805 1.586433
v -0.304504 -0.262492 1.597032
v -0.304504 -0.319553 1.529276
v -0.304504 -0.263194 1.586433
v -0.304504 -0.265284 1.576094
v -0.304504 -0.268711 1.566272
v -0.304504 -0.273389 1.557206
v -0.304504 -0.279204 1.549121
v -0.304504 -0.286013 1.542216
v -0.304504 -0.293648 1.536661
v -0.304504 -0.301920 1.532592
v -0.304504 -0.310627 1.530110
v -0.253854 -0.376507 1.597032
v -0.253854 -0.319446 1.529276
v -0.253854 -0.375805 1.586433
v -0.253854 -0.373715 1.576094
v -0.253854 -0.370288 1.566272
v -0.253854 -0.365610 1.557206
v -0.253854 -0.359794 1.549121
v -0.253854 -0.352986 1.542216
v -0.253854 -0.345351 1.536661
v -0.253854 -0.337079 1.532592
v -0.253854 -0.328372 1.530110
v -0.253854 -0.319553 1.529276
v -0.253854 -0.262492 1.597032
v -0.253854 -0.310627 1.530110
v -0.253854 -0.301920 1.532592
v -0.253854 -0.293648 1.536661
v -0.253854 -0.286013 1.542216
v -0.253854 -0.279204 1.549121
v -0.253854 -0.273389 1.557206
v -0.253854 -0.268711 1.566272
v -0.253854 -0.265284 1.576094
v -0.253854 -0.263194 1.586433
v -0.304504 -0.376507 1.596905
v -0.304504 -0.319446 1.664662
v -0.304504 -0.375805 1.607505
v -0.304504 -0.373715 1.617843
v -0.304504 -0.370288 1.627666
v -0.304504 -0.365610 1.636732
v -0.304504 -0.359794 1.644817
v -0.304504 -0.352986 1.651722
v -0.304504 -0.345351 1.657277
v -0.304504 -0.337079 1.661346
v -0.304504 -0.328372 1.663828
v -0.304504 -0.319553 1.664662
v -0.304504 -0.262492 1.596905
v -0.304504 -0.310627 1.663828
v -0.304504 -0.301920 1.661346
v -0.304504 -0.293648 1.657277
v -0.304504 -0.286013 1.651722
v -0.304504 -0.279204 1.644817
v -0.304504 -0.273389 1.636732
v -0.304504 -0.268711 1.627666
v -0.304504 -0.265284 1.617843
v -0.304504 -0.263194 1.607505
v -0.253854 -0.319446 1.664662
v -0.253854 -0.376507 1.596905
v -0.253854 -0.328372 1.663828
v -0.253854 -0.337079 1.661346
v -0.253854 -0.345351 1.657277
v -0.253854 -0.352986 1.651722
v -0.253854 -0.359794 1.644817
v -0.253854 -0.365610 1.636732
v -0.253854 -0.370288 1.627666
v -0.253854 -0.373715 1.617843
v -0.253854 -0.375805 1.607505
v -0.253854 -0.262492 1.596905
v -0.253854 -0.319553 1.664662
v -0.253854 -0.263194 1.607505
v -0.253854 -0.265284 1.617843
v -0.253854 -0.268711 1.627666
v -0.253854 -0.273389 1.636732
v -0.253854 -0.279204 1.644817
v -0.253854 -0.286013 1.651722
v -0.253854 -0.293648 1.657277
v -0.253854 -0.301920 1.661346
v -0.253854 -0.310627 1.663828
v -0.351884 -0.798556 1.856973
v -0.351884 -0.798556 1.347247
v -0.507945 -0.798556 1.856973
v -0.507945 -0.798556 1.347247
v -0.351884 -0.298952 1.792817
v -0.351884 -0.666684 1.856973
v -0.507945 -0.298952 1.792817
v -0.507945 -0.666684 1.856973
v -0.351884 -0.298952 1.425782
v -0.351884 -0.749109 1.347247
v -0.507945 -0.749109 1.347247
v -0.507945 -0.298952 1.425782
vn -1.0000 -0.0000 -0.0000
vn -0.0000 -0.0980 -0.9952
vn -0.0000 -0.2903 -0.9569
vn -0.0000 -0.4714 -0.8819
vn -0.0000 -0.6344 -0.7730
vn -0.0000 -0.7730 -0.6344
vn -0.0000 -0.8819 -0.4714
vn -0.0000 -0.9569 -0.2903
vn -0.0000 -0.9952 -0.0980
vn -0.0000 -0.9952 0.0980
vn -0.0000 -0.9569 0.2903
vn -0.0000 -0.8819 0.4714
vn -0.0000 -0.7730 0.6344
vn -0.0000 -0.6344 0.7730
vn -0.0000 -0.4714 0.8819
vn -0.0000 -0.2903 0.9569
vn -0.0000 -0.0980 0.9952
vn -0.0000 0.0980 0.9952
vn -0.0000 0.2903 0.9569
vn -0.0000 0.4714 0.8819
vn -0.0000 0.6344 0.7730
vn -0.0000 0.7730 0.6344
vn -0.0000 0.8819 0.4714
vn -0.0000 0.9569 0.2903
vn -0.0000 0.9952 0.0980
vn -0.0000 0.9952 -0.0980
vn -0.0000 0.9569 -0.2903
vn -0.0000 0.8819 -0.4714
vn -0.0000 0.7730 -0.6344
vn -0.0000 0.6344 -0.7730
vn -0.0000 0.4714 -0.8819
vn -0.0000 0.2903 -0.9569
vn -0.0000 0.0980 -0.9952
vn 1.0000 -0.0000 -0.0000
vn -0.5290 -0.0832 -0.8446
vn -0.5290 -0.2464 -0.8121
vn -0.5290 -0.4001 -0.7484
vn -0.5290 -0.5384 -0.6560
vn -0.5290 -0.6560 -0.5384
vn -0.5290 -0.7484 -0.4001
vn -0.5290 -0.8121 -0.2464
vn -0.5290 -0.8446 -0.0832
vn -0.5290 -0.8446 0.0832
vn -0.5290 -0.8121 0.2464
vn -0.5290 -0.7484 0.4001
vn -0.5290 -0.6560 0.5384
vn -0.5290 -0.5384 0.6560
vn -0.5290 -0.4001 0.7484
vn -0.5290 -0.2464 0.8121
vn -0.5290 -0.0832 0.8446
vn -0.5290 0.0832 0.8446
vn -0.5290 0.2464 0.8121
vn -0.5290 0.4001 0.7484
vn -0.5290 0.5384 0.6560
vn -0.5290 0.6560 0.5384
vn -0.5290 0.7484 0.4001
vn -0.5290 0.8121 0.2464
vn -0.5290 0.8446 0.0832
vn -0.5290 0.8446 -0.0832
vn -0.5290 0.8121 -0.2464
vn -0.5290 0.7484 -0.4001
vn -0.5290 0.6560 -0.5384
vn -0.5290 0.5384 -0.6560
vn -0.5290 0.4001 -0.7484
vn -0.5290 0.2464 -0.8121
vn -0.5290 0.0832 -0.8446
vn -0.3062 -0.0933 -0.9474
vn -0.3062 -0.2763 -0.9110
vn -0.3062 -0.4487 -0.8395
vn -0.3062 -0.6039 -0.7359
vn -0.3062 -0.7359 -0.6039
vn -0.3062 -0.8395 -0.4487
vn -0.3062 -0.9110 -0.2763
vn -0.3062 -0.9474 -0.0933
vn -0.3062 -0.9474 0.0933
vn -0.3062 -0.9110 0.2763
vn -0.3062 -0.8395 0.4487
vn -0.3062 -0.7359 0.6039
vn -0.3062 -0.6039 0.7359
vn -0.3062 -0.4487 0.8395
vn -0.3062 -0.2763 0.9110
vn -0.3062 -0.0933 0.9474
vn -0.3062 0.0933 0.9474
vn -0.3062 0.2763 0.9110
vn -0.3062 0.4487 0.8395
vn -0.3062 0.6039 0.7359
vn -0.3062 0.7359 0.6039
vn -0.3062 0.8395 0.4487
vn -0.3062 0.9110 0.2763
vn -0.3062 0.9474 0.0933
vn -0.3062 0.9474 -0.0933
vn -0.3062 0.9110 -0.2763
vn -0.3062 0.8395 -0.4487
vn -0.3062 0.7359 -0.6039
vn -0.3062 0.6039 -0.7359
vn -0.3062 0.4487 -0.8395
vn -0.3062 0.2763 -0.9110
vn -0.3062 0.0933 -0.9474
vn -0.9894 -0.0142 -0.1446
vn -0.9894 -0.0422 -0.1391
vn -0.9894 -0.0685 -0.1282
vn -0.9894 -0.0922 -0.1123
vn -0.9894 -0.1123 -0.0922
vn -0.9894 -0.1282 -0.0685
vn -0.9894 -0.1391 -0.0422
vn -0.9894 -0.1446 -0.0142
vn -0.9894 -0.1446 0.0142
vn -0.9894 -0.1391 0.0422
vn -0.9894 -0.1282 0.0685
vn -0.9894 -0.1123 0.0922
vn -0.9894 -0.0922 0.1123
vn -0.9894 -0.0685 0.1282
vn -0.9894 -0.0422 0.1391
vn -0.9894 -0.0142 0.1446
vn -0.9894 0.0142 0.1446
vn -0.9894 0.0422 0.1391
vn -0.9894 0.0685 0.1282
vn -0.9894 0.0922 0.1123
vn -0.9894 0.1123 0.0922
vn -0.9894 0.1282 0.0685
vn -0.9894 0.1391 0.0422
vn -0.9894 0.1446 0.0142
vn -0.9894 0.1446 -0.0142
vn -0.9894 0.1391 -0.0422
vn -0.9894 0.1282 -0.0685
vn -0.9894 0.1123 -0.0922
vn -0.9894 0.0922 -0.1123
vn -0.9894 0.0685 -0.1282
vn -0.9894 0.0422 -0.1391
vn -0.9894 0.0142 -0.1446
vn -0.0000 -0.0000 1.0000
vn -0.0308 -0.7944 0.6067
vn -0.0000 -0.0000 -1.0000
vn -0.0000 1.0000 -0.0000
vn -0.0122 -0.3154 -0.9489
vn -0.0122 -0.3154 0.9489
vn -0.0387 -0.9992 -0.0000
vn -0.0308 -0.7944 -0.6067
vn -0.0000 -1.0000 -0.0000
vn -0.0000 -0.0426 -0.9991
vn -0.0000 -0.1291 -0.9916
vn -0.0000 -0.2192 -0.9757
vn -0.0000 -0.3154 -0.9490
vn -0.0000 -0.4203 -0.9074
vn -0.0000 -0.5361 -0.8442
vn -0.0000 -0.6628 -0.7488
vn -0.0000 -0.7948 -0.6069
vn -0.0000 -0.9144 -0.4048
vn -0.0000 -0.9896 -0.1436
vn -0.0000 -0.9896 0.1436
vn -0.0000 -0.9144 0.4048
vn -0.0000 -0.7948 0.6069
vn -0.0000 -0.6628 0.7488
vn -0.0000 -0.5361 0.8442
vn -0.0000 -0.4203 0.9074
vn -0.0000 -0.3154 0.9490
vn -0.0000 -0.2192 0.9757
vn -0.0000 -0.1291 0.9916
vn -0.0000 -0.0426 0.9991
vn 0.0387 0.9992 -0.0000
vn 0.0026 -0.0000 -1.0000
vn -0.0354 -0.9138 -0.4045
vn 0.9785 0.2063 -0.0000
vn -0.0085 -0.2192 0.9756
vn -0.0163 -0.4203 -0.9073
vn -0.0257 -0.6625 0.7486
vn -0.0017 -0.0426 -0.9991
vn -0.0383 -0.9889 -0.1435
vn -0.0050 -0.1291 0.9916
vn -0.0208 -0.5360 -0.8440
vn -0.0208 -0.5360 0.8440
vn -0.0050 -0.1291 -0.9916
vn 0.8013 -0.5983 -0.0000
vn -0.0383 -0.9889 0.1435
vn -0.0017 -0.0426 0.9991
vn -0.0257 -0.6625 -0.7486
vn 0.0026 -0.0000 1.0000
vn -0.0163 -0.4203 0.9073
vn -0.0085 -0.2192 -0.9756
vn -0.0354 -0.9138 0.4045
vn 0.0389 0.9992 -0.0000
vn 0.0388 0.9992 -0.0000
vn 0.0387 0.9993 -0.0000
vn 0.0388 0.9992 0.0002
vn 0.0387 0.9993 -0.0002
vn 0.9987 -0.0000 0.0513
vn 0.9879 -0.0000 0.1548
vn 0.9653 -0.0000 0.2611
vn 0.9285 -0.0000 0.3715
vn 0.8734 -0.0000 0.4870
vn 0.7945 -0.0000 0.6073
vn 0.6844 -0.0000 0.7291
vn 0.5357 -0.0000 0.8444
vn 0.3451 -0.0000 0.9385
vn 0.1197 -0.0000 0.9928
vn 0.1197 -0.0000 -0.9928
vn 0.3451 -0.0000 -0.9385
vn 0.5357 -0.0000 -0.8444
vn 0.6844 -0.0000 -0.7291
vn 0.7945 -0.0000 -0.6073
vn 0.8734 -0.0000 -0.4870
vn 0.9284 -0.0000 -0.3715
vn 0.9653 -0.0000 -0.2611
vn 0.9879 -0.0000 -0.1548
vn 0.9987 -0.0000 -0.0513
vn 0.1196 -0.0000 0.9928
vn 0.3451 -0.0000 0.9386
vn 0.3451 -0.0000 -0.9386
vn 0.9285 -0.0000 -0.3715
vn 0.0330 -0.0246 0.9992
vn 0.0999 -0.0746 0.9922
vn 0.1698 -0.1268 0.9773
vn 0.2448 -0.1828 0.9522
vn 0.3271 -0.2442 0.9129
vn 0.4188 -0.3127 0.8526
vn 0.5205 -0.3886 0.7603
vn 0.6284 -0.4692 0.6204
vn 0.7284 -0.5438 0.4169
vn 0.7924 -0.5916 0.1487
vn 0.0330 -0.0246 -0.9992
vn 0.0999 -0.0746 -0.9922
vn 0.1698 -0.1268 -0.9773
vn 0.2448 -0.1828 -0.9522
vn 0.3271 -0.2442 -0.9129
vn 0.4188 -0.3127 -0.8526
vn 0.5205 -0.3886 -0.7603
vn 0.6284 -0.4692 -0.6204
vn 0.7284 -0.5438 -0.4169
vn 0.7924 -0.5916 -0.1487
vn 0.0853 0.0180 -0.9962
vn 0.2523 0.0532 -0.9662
vn 0.4092 0.0863 -0.9084
vn 0.5508 0.1162 -0.8265
vn 0.6737 0.1421 -0.7253
vn 0.7759 0.1636 -0.6093
vn 0.8569 0.1807 -0.4828
vn 0.9169 0.1933 -0.3492
vn 0.9564 0.2017 -0.2112
vn 0.9760 0.2058 -0.0706
vn 0.0853 0.0180 0.9962
vn 0.2523 0.0532 0.9662
vn 0.4092 0.0863 0.9084
vn 0.5508 0.1162 0.8265
vn 0.6737 0.1421 0.7253
vn 0.7759 0.1636 0.6093
vn 0.8569 0.1807 0.4828
vn 0.9169 0.1933 0.3492
vn 0.9564 0.2017 0.2112
vn 0.9760 0.2058 0.0706
vn 0.9879 -0.0000 0.1549
vn 0.9653 -0.0000 0.2610
vn 0.9653 -0.0000 -0.2610
vn 0.9879 -0.0000 -0.1549
vn -0.0000 -0.9951 -0.0985
vn -0.0000 -0.9573 -0.2890
vn -0.0000 -0.8869 -0.4619
vn -0.0000 -0.7921 -0.6103
vn -0.0000 -0.6815 -0.7318
vn -0.0000 -0.5619 -0.8272
vn -0.0000 -0.4381 -0.8989
vn -0.0000 -0.3129 -0.9498
vn -0.0000 -0.1876 -0.9823
vn -0.0000 -0.0625 -0.9980
vn -0.0000 0.9951 -0.0985
vn -0.0000 0.9573 -0.2890
vn -0.0000 0.8869 -0.4619
vn -0.0000 0.7921 -0.6103
vn -0.0000 0.6815 -0.7318
vn -0.0000 0.5619 -0.8272
vn -0.0000 0.4381 -0.8989
vn -0.0000 0.3129 -0.9498
vn -0.0000 0.1876 -0.9823
vn -0.0000 0.0625 -0.9980
vn -0.0000 -0.9951 0.0985
vn -0.0000 -0.9573 0.2890
vn -0.0000 -0.8869 0.4619
vn -0.0000 -0.7921 0.6103
vn -0.0000 -0.6815 0.7318
vn -0.0000 -0.5619 0.8272
vn -0.0000 -0.4381 0.8989
vn -0.0000 -0.3129 0.9498
vn -0.0000 -0.1876 0.9823
vn -0.0000 -0.0625 0.9980
vn -0.0000 0.9951 0.0985
vn -0.0000 0.9573 0.2890
vn -0.0000 0.8869 0.4619
vn -0.0000 0.7921 0.6103
vn -0.0000 0.6815 0.7318
vn -0.0000 0.5619 0.8272
vn -0.0000 0.4381 0.8989
vn -0.0000 0.3129 0.9498
vn -0.0000 0.1876 0.9823
vn -0.0000 0.0625 0.9980
vn -0.0000 -0.9978 -0.0661
vn -0.0000 -0.9802 -0.1982
vn -0.0000 -0.9442 -0.3294
vn -0.0000 -0.8886 -0.4586
vn -0.0000 -0.8118 -0.5839
vn -0.0000 -0.7121 -0.7021
vn -0.0000 -0.5884 -0.8086
vn -0.0000 -0.4414 -0.8973
vn -0.0000 -0.2742 -0.9617
vn -0.0000 -0.0930 -0.9957
vn -0.0000 0.9978 -0.0661
vn -0.0000 0.9802 -0.1982
vn -0.0000 0.9442 -0.3294
vn -0.0000 0.8886 -0.4586
vn -0.0000 0.8118 -0.5839
vn -0.0000 0.7121 -0.7021
vn -0.0000 0.5884 -0.8086
vn -0.0000 0.4414 -0.8973
vn -0.0000 0.2742 -0.9617
vn -0.0000 0.0930 -0.9957
vn -0.0000 -0.9978 0.0661
vn -0.0000 -0.9802 0.1982
vn -0.0000 -0.9442 0.3294
vn -0.0000 -0.8886 0.4586
vn -0.0000 -0.8118 0.5839
vn -0.0000 -0.7121 0.7021
vn -0.0000 -0.5884 0.8086
vn -0.0000 -0.4414 0.8973
vn -0.0000 -0.2742 0.9617
vn -0.0000 -0.0930 0.9957
vn -0.0000 0.9978 0.0661
vn -0.0000 0.9802 0.1982
vn -0.0000 0.9442 0.3294
vn -0.0000 0.8886 0.4586
vn -0.0000 0.8118 0.5839
vn -0.0000 0.7121 0.7021
vn -0.0000 0.5884 0.8086
vn -0.0000 0.4414 0.8973
vn -0.0000 0.2742 0.9617
vn -0.0000 0.0930 0.9957
vn -0.0000 -0.1719 -0.9851
vn -0.0000 -0.1719 0.9851
vt 0.750000 0.490000
vt 0.796822 0.485388
vt 0.841844 0.471731
vt 0.883337 0.449553
vt 0.919706 0.419706
vt 0.949553 0.383337
vt 0.971731 0.341844
vt 0.985388 0.296822
vt 0.990000 0.250000
vt 0.985388 0.203178
vt 0.971731 0.158156
vt 0.949553 0.116663
vt 0.919706 0.080294
vt 0.883337 0.050447
vt 0.841844 0.028269
vt 0.796822 0.014612
vt 0.750000 0.010000
vt 0.703178 0.014612
vt 0.658156 0.028269
vt 0.616663 0.050447
vt 0.580294 0.080294
vt 0.550447 0.116663
vt 0.528269 0.158156
vt 0.514612 0.203178
vt 0.510000 0.250000
vt 0.514612 0.296822
vt 0.528269 0.341844
vt 0.550447 0.383337
vt 0.580294 0.419706
vt 0.616663 0.449553
vt 0.658156 0.471731
vt 0.703178 0.485388
vt 1.000000 0.500000
vt 1.000000 1.000000
vt 0.968750 1.000000
vt 0.968750 0.500000
vt 0.937500 1.000000
vt 0.937500 0.500000
vt 0.906250 1.000000
vt 0.906250 0.500000
vt 0.875000 1.000000
vt 0.875000 0.500000
vt 0.843750 1.000000
vt 0.843750 0.500000
vt 0.812500 1.000000
vt 0.812500 0.500000
vt 0.781250 1.000000
vt 0.781250 0.500000
vt 0.750000 1.000000
vt 0.750000 0.500000
vt 0.718750 1.000000
vt 0.718750 0.500000
vt 0.687500 1.000000
vt 0.687500 0.500000
vt 0.656250 1.000000
vt 0.656250 0.500000
vt 0.625000 1.000000
vt 0.625000 0.500000
vt 0.593750 1.000000
vt 0.593750 0.500000
vt 0.562500 1.000000
vt 0.562500 0.500000
vt 0.531250 1.000000
vt 0.531250 0.500000
vt 0.500000 1.000000
vt 0.500000 0.500000
vt 0.468750 1.000000
vt 0.468750 0.500000
vt 0.437500 1.000000
vt 0.437500 0.500000
vt 0.406250 1.000000
vt 0.406250 0.500000
vt 0.375000 1.000000
vt 0.375000 0.500000
vt 0.343750 1.000000
vt 0.343750 0.500000
vt 0.312500 1.000000
vt 0.312500 0.500000
vt 0.281250 1.000000
vt 0.281250 0.500000
vt 0.250000 1.000000
vt 0.250000 0.500000
vt 0.218750 1.000000
vt 0.218750 0.500000
vt 0.187500 1.000000
vt 0.187500 0.500000
vt 0.156250 1.000000
vt 0.156250 0.500000
vt 0.125000 1.000000
vt 0.125000 0.500000
vt 0.093750 1.000000
vt 0.093750 0.500000
vt 0.062500 1.000000
vt 0.062500 0.500000
vt 0.031250 1.000000
vt 0.031250 0.500000
vt 0.000000 1.000000
vt 0.000000 0.500000
vt 0.803093 0.378179
vt 0.827080 0.365358
vt 0.803094 0.378179
vt 0.794426 0.473346
vt 0.750000 0.477722
vt 0.837145 0.460388
vt 0.876515 0.439344
vt 0.911024 0.411024
vt 0.939344 0.376516
vt 0.960388 0.337145
vt 0.973346 0.294426
vt 0.977722 0.250000
vt 0.973347 0.205574
vt 0.960388 0.162854
vt 0.939344 0.123484
vt 0.911024 0.088976
vt 0.876516 0.060656
vt 0.837145 0.039612
vt 0.794426 0.026653
vt 0.750000 0.022278
vt 0.705574 0.026653
vt 0.662854 0.039612
vt 0.623484 0.060656
vt 0.588976 0.088976
vt 0.560656 0.123484
vt 0.539612 0.162854
vt 0.526653 0.205574
vt 0.522278 0.250000
vt 0.526654 0.294426
vt 0.539612 0.337146
vt 0.560656 0.376516
vt 0.588976 0.411024
vt 0.623484 0.439344
vt 0.662854 0.460388
vt 0.705573 0.473346
vt 0.790020 0.451194
vt 0.750000 0.455136
vt 0.828502 0.439521
vt 0.863967 0.420564
vt 0.895053 0.395053
vt 0.920564 0.363967
vt 0.939521 0.328502
vt 0.951194 0.290020
vt 0.955136 0.250000
vt 0.951195 0.209980
vt 0.939521 0.171498
vt 0.920564 0.136032
vt 0.895053 0.104947
vt 0.863968 0.079435
vt 0.828502 0.060479
vt 0.790020 0.048805
vt 0.750000 0.044864
vt 0.709980 0.048805
vt 0.671498 0.060479
vt 0.636032 0.079435
vt 0.604947 0.104947
vt 0.579435 0.136032
vt 0.560479 0.171498
vt 0.548805 0.209980
vt 0.544864 0.250000
vt 0.548805 0.290020
vt 0.560479 0.328502
vt 0.579435 0.363968
vt 0.604947 0.395053
vt 0.636032 0.420564
vt 0.671498 0.439521
vt 0.709980 0.451194
vt 0.777067 0.386074
vt 0.750000 0.388740
vt 0.848104 0.348104
vt 0.865358 0.327080
vt 0.878179 0.303093
vt 0.886074 0.277067
vt 0.888740 0.250000
vt 0.886074 0.222933
vt 0.878179 0.196906
vt 0.865358 0.172920
vt 0.848104 0.151896
vt 0.827080 0.134642
vt 0.803093 0.121821
vt 0.777067 0.113926
vt 0.750000 0.111260
vt 0.722933 0.113926
vt 0.696906 0.121821
vt 0.672920 0.134642
vt 0.651896 0.151896
vt 0.634642 0.172920
vt 0.621821 0.196906
vt 0.613926 0.222933
vt 0.611260 0.250000
vt 0.613926 0.277067
vt 0.621821 0.303094
vt 0.634642 0.327080
vt 0.651896 0.348104
vt 0.672920 0.365358
vt 0.696907 0.378179
vt 0.722933 0.386074
vt 0.722933 0.113926
vt 0.750000 0.111260
vt 0.848104 0.348104
vt 0.696907 0.378179
vt 0.848104 0.348104
vt 0.696906 0.121821
vt 0.878179 0.303093
vt 0.865358 0.327080
vt 0.672920 0.134642
vt 0.886074 0.277067
vt 0.634642 0.172920
vt 0.888740 0.250000
vt 0.613926 0.222933
vt 0.621821 0.196906
vt 0.878179 0.196906
vt 0.886074 0.222933
vt 0.611260 0.250000
vt 0.865358 0.172920
vt 0.621821 0.303094
vt 0.827080 0.134642
vt 0.750000 0.355941
vt 0.770668 0.353906
vt 0.790542 0.347877
vt 0.808858 0.338087
vt 0.824912 0.324912
vt 0.838087 0.308858
vt 0.847877 0.290542
vt 0.853906 0.270668
vt 0.855941 0.250000
vt 0.853906 0.229332
vt 0.847877 0.209458
vt 0.838087 0.191142
vt 0.824912 0.175088
vt 0.808858 0.161913
vt 0.790542 0.152123
vt 0.770668 0.146094
vt 0.750000 0.144058
vt 0.729332 0.146094
vt 0.709458 0.152123
vt 0.691142 0.161913
vt 0.675088 0.175088
vt 0.661913 0.191142
vt 0.652123 0.209458
vt 0.646094 0.229332
vt 0.644058 0.250000
vt 0.646094 0.270668
vt 0.652123 0.290542
vt 0.661913 0.308858
vt 0.675088 0.324912
vt 0.691142 0.338087
vt 0.709458 0.347877
vt 0.729332 0.353906
vt 0.777067 0.113926
vt 0.750000 0.388740
vt 0.296822 0.485388
vt 0.250000 0.490000
vt 0.203178 0.485388
vt 0.158156 0.471731
vt 0.116663 0.449553
vt 0.080294 0.419706
vt 0.050447 0.383337
vt 0.028269 0.341844
vt 0.014612 0.296822
vt 0.010000 0.250000
vt 0.014612 0.203178
vt 0.028269 0.158156
vt 0.050447 0.116663
vt 0.080294 0.080294
vt 0.116663 0.050447
vt 0.158156 0.028269
vt 0.203178 0.014612
vt 0.250000 0.010000
vt 0.296822 0.014612
vt 0.341844 0.028269
vt 0.383337 0.050447
vt 0.419706 0.080294
vt 0.449553 0.116663
vt 0.471731 0.158156
vt 0.485388 0.203178
vt 0.490000 0.250000
vt 0.485388 0.296822
vt 0.471731 0.341844
vt 0.449553 0.383337
vt 0.419706 0.419706
vt 0.383337 0.449553
vt 0.341844 0.471731
vt 0.375000 0.000000
vt 0.625000 0.000000
vt 0.625000 0.250000
vt 0.375000 0.250000
vt 0.737561 0.540668
vt 0.737561 0.551466
vt 0.375000 0.750000
vt 0.625000 0.750000
vt 0.125000 0.750000
vt 0.625000 0.862561
vt 0.625000 0.387439
vt 0.625000 0.000917
vt 0.625000 0.003645
vt 0.625000 0.008118
vt 0.625000 0.014225
vt 0.625000 0.021816
vt 0.625000 0.030703
vt 0.625000 0.040668
vt 0.625000 0.051466
vt 0.625000 0.062831
vt 0.625000 0.074483
vt 0.625000 0.175517
vt 0.625000 0.187169
vt 0.625000 0.198534
vt 0.625000 0.209332
vt 0.625000 0.219297
vt 0.625000 0.228184
vt 0.625000 0.235775
vt 0.625000 0.241882
vt 0.625000 0.246355
vt 0.625000 0.249083
vt 0.737561 0.574483
vt 0.737561 0.675517
vt 0.625000 0.744470
vt 0.625000 0.505530
vt 0.737561 0.698534
vt 0.737561 0.709332
vt 0.875000 0.574483
vt 0.875000 0.675517
vt 0.875000 0.750000
vt 0.737561 0.750000
vt 0.737561 0.719297
vt 0.875000 0.719297
vt 0.875000 0.709332
vt 0.875000 0.698534
vt 0.737561 0.687169
vt 0.875000 0.687169
vt 0.737561 0.562831
vt 0.875000 0.562831
vt 0.875000 0.551466
vt 0.875000 0.540668
vt 0.737561 0.530703
vt 0.875000 0.530703
vt 0.737561 0.500000
vt 0.625000 0.500068
vt 0.625000 0.500271
vt 0.625000 0.500603
vt 0.625000 0.501056
vt 0.625000 0.501620
vt 0.625000 0.502280
vt 0.625000 0.503020
vt 0.625000 0.503821
vt 0.625000 0.504665
vt 0.625000 0.745335
vt 0.625000 0.746179
vt 0.625000 0.746980
vt 0.625000 0.747720
vt 0.625000 0.748380
vt 0.625000 0.748944
vt 0.625000 0.749397
vt 0.625000 0.749729
vt 0.625000 0.749932
vt 0.375000 0.744470
vt 0.375000 0.505530
vt 0.413864 0.505530
vt 0.413864 0.744470
vt 0.416187 0.500000
vt 0.416187 0.750000
vt 0.625000 0.750000
vt 0.625000 0.749977
vt 0.625000 0.749910
vt 0.625000 0.749799
vt 0.625000 0.749648
vt 0.625000 0.749460
vt 0.625000 0.747720
vt 0.625000 0.746980
vt 0.625000 0.746179
vt 0.625000 0.503821
vt 0.625000 0.502280
vt 0.625000 0.500540
vt 0.625000 0.500352
vt 0.625000 0.500201
vt 0.625000 0.500090
vt 0.625000 0.500023
vt 0.737561 0.505530
vt 0.737561 0.744470
vt 0.737561 0.500917
vt 0.737561 0.503645
vt 0.737561 0.508118
vt 0.737561 0.514225
vt 0.737561 0.521816
vt 0.737561 0.687169
vt 0.737561 0.698534
vt 0.737561 0.728184
vt 0.737561 0.735775
vt 0.737561 0.741882
vt 0.737561 0.746355
vt 0.737561 0.749083
vt 0.375000 0.500023
vt 0.375000 0.500090
vt 0.375000 0.500201
vt 0.375000 0.500352
vt 0.375000 0.500540
vt 0.374500 0.502280
vt 0.374715 0.503020
vt 0.374872 0.503821
vt 0.374968 0.504665
vt 0.374968 0.745335
vt 0.374872 0.746179
vt 0.374715 0.746980
vt 0.374500 0.747720
vt 0.375000 0.749460
vt 0.375000 0.749648
vt 0.375000 0.749799
vt 0.375000 0.749910
vt 0.375000 0.749977
vt 0.625000 0.862561
vt 0.625000 0.862561
vt 0.625000 0.504665
vt 0.624999 0.503821
vt 0.624997 0.503020
vt 0.624996 0.502280
vt 0.624993 0.500000
vt 0.624993 0.750000
vt 0.624996 0.747720
vt 0.624997 0.746980
vt 0.625000 0.746980
vt 0.624999 0.746179
vt 0.625000 0.745335
vt 0.625000 0.745335
vt 0.625000 0.503821
vt 0.625000 0.747720
vt 0.625000 0.746179
vt 0.625000 0.494696
vt 0.630304 0.500000
vt 0.741020 0.502280
vt 0.628458 0.502280
vt 0.739535 0.503020
vt 0.626974 0.503020
vt 0.738447 0.503821
vt 0.625886 0.503821
vt 0.737784 0.504665
vt 0.625223 0.504665
vt 0.625000 0.755304
vt 0.630304 0.750000
vt 0.628459 0.747720
vt 0.741020 0.747720
vt 0.626974 0.746980
vt 0.739535 0.746980
vt 0.625886 0.746179
vt 0.738447 0.746179
vt 0.625223 0.745335
vt 0.737784 0.745335
vt 0.415824 0.750000
vt 0.415469 0.750000
vt 0.415132 0.750000
vt 0.414822 0.750000
vt 0.413963 0.750000
vt 0.413928 0.747720
vt 0.413901 0.746980
vt 0.413881 0.746179
vt 0.413868 0.745335
vt 0.415824 0.500000
vt 0.415469 0.500000
vt 0.415132 0.500000
vt 0.414822 0.500000
vt 0.413963 0.500000
vt 0.413928 0.502280
vt 0.413901 0.503020
vt 0.413881 0.503821
vt 0.413868 0.504665
vt 0.502759 0.750000
vt 0.497241 0.750000
vt 0.497241 1.000000
vt 0.502759 1.000000
vt 0.375000 0.627759
vt 0.376573 0.607773
vt 0.381253 0.588279
vt 0.388925 0.569758
vt 0.399400 0.552664
vt 0.412420 0.537420
vt 0.427664 0.524400
vt 0.444758 0.513925
vt 0.463279 0.506253
vt 0.482773 0.501573
vt 0.502759 0.500000
vt 0.497241 0.500000
vt 0.517227 0.501573
vt 0.536721 0.506253
vt 0.555242 0.513925
vt 0.572336 0.524400
vt 0.587580 0.537420
vt 0.600600 0.552664
vt 0.611075 0.569758
vt 0.618747 0.588279
vt 0.623427 0.607773
vt 0.625000 0.627759
vt 0.625000 0.622241
vt 0.623427 0.642227
vt 0.618747 0.661721
vt 0.611075 0.680242
vt 0.600600 0.697336
vt 0.587580 0.712580
vt 0.572336 0.725600
vt 0.555242 0.736075
vt 0.536721 0.743747
vt 0.517227 0.748427
vt 0.482773 0.748427
vt 0.463279 0.743747
vt 0.444758 0.736075
vt 0.427664 0.725600
vt 0.412420 0.712580
vt 0.399400 0.697336
vt 0.388925 0.680242
vt 0.381253 0.661721
vt 0.376573 0.642227
vt 0.375000 0.622241
vt 0.875000 0.627759
vt 0.875000 0.622241
vt 0.375000 0.127759
vt 0.376573 0.107773
vt 0.381253 0.088279
vt 0.388925 0.069758
vt 0.399400 0.052664
vt 0.412420 0.037420
vt 0.427664 0.024400
vt 0.444758 0.013925
vt 0.463279 0.006253
vt 0.482773 0.001573
vt 0.502759 0.000000
vt 0.497241 0.000000
vt 0.517227 0.001573
vt 0.536721 0.006253
vt 0.555242 0.013925
vt 0.572336 0.024400
vt 0.587580 0.037420
vt 0.600600 0.052664
vt 0.611075 0.069758
vt 0.618747 0.088279
vt 0.623427 0.107773
vt 0.625000 0.127759
vt 0.625000 0.122241
vt 0.623427 0.142227
vt 0.618747 0.161721
vt 0.611075 0.180242
vt 0.600600 0.197336
vt 0.587580 0.212580
vt 0.572336 0.225600
vt 0.555242 0.236075
vt 0.536721 0.243747
vt 0.517227 0.248427
vt 0.497241 0.250000
vt 0.502759 0.250000
vt 0.482773 0.248427
vt 0.463279 0.243747
vt 0.444758 0.236075
vt 0.427664 0.225600
vt 0.412420 0.212580
vt 0.399400 0.197336
vt 0.388925 0.180242
vt 0.381253 0.161721
vt 0.376573 0.142227
vt 0.375000 0.122241
vt 0.125000 0.627759
vt 0.125000 0.607773
vt 0.375000 0.607773
vt 0.125000 0.588279
vt 0.375000 0.588279
vt 0.125000 0.569758
vt 0.375000 0.569758
vt 0.125000 0.552664
vt 0.375000 0.552664
vt 0.427664 0.250000
vt 0.427664 0.500000
vt 0.444758 0.250000
vt 0.444758 0.500000
vt 0.463279 0.250000
vt 0.463279 0.500000
vt 0.482773 0.250000
vt 0.482773 0.500000
vt 0.625000 0.607773
vt 0.875000 0.607773
vt 0.625000 0.588279
vt 0.875000 0.588279
vt 0.625000 0.569758
vt 0.875000 0.569758
vt 0.625000 0.552664
vt 0.875000 0.552664
vt 0.572336 0.500000
vt 0.572336 0.250000
vt 0.555242 0.500000
vt 0.555242 0.250000
vt 0.536721 0.500000
vt 0.536721 0.250000
vt 0.517227 0.500000
vt 0.517227 0.250000
vt 0.125000 0.622241
vt 0.375000 0.642227
vt 0.125000 0.642227
vt 0.375000 0.661721
vt 0.125000 0.661721
vt 0.375000 0.680242
vt 0.125000 0.680242
vt 0.375000 0.697336
vt 0.125000 0.697336
vt 0.427664 0.750000
vt 0.427664 1.000000
vt 0.444758 0.750000
vt 0.444758 1.000000
vt 0.463279 0.750000
vt 0.463279 1.000000
vt 0.482773 0.750000
vt 0.482773 1.000000
vt 0.875000 0.642227
vt 0.625000 0.642227
vt 0.875000 0.661721
vt 0.625000 0.661721
vt 0.875000 0.680242
vt 0.625000 0.680242
vt 0.875000 0.697336
vt 0.625000 0.697336
vt 0.572336 1.000000
vt 0.572336 0.750000
vt 0.555242 1.000000
vt 0.555242 0.750000
vt 0.536721 1.000000
vt 0.536721 0.750000
vt 0.517227 1.000000
vt 0.517227 0.750000
vt 0.375000 0.875117
vt 0.376540 0.855545
vt 0.381124 0.836454
vt 0.388637 0.818315
vt 0.398895 0.801575
vt 0.411646 0.786646
vt 0.426575 0.773895
vt 0.443315 0.763637
vt 0.461454 0.756124
vt 0.480545 0.751540
vt 0.500117 0.750000
vt 0.499883 0.750000
vt 0.519455 0.751540
vt 0.538546 0.756124
vt 0.556685 0.763637
vt 0.573425 0.773895
vt 0.588354 0.786646
vt 0.601105 0.801575
vt 0.611363 0.818315
vt 0.618876 0.836454
vt 0.623460 0.855545
vt 0.625000 0.875117
vt 0.625000 0.874883
vt 0.623460 0.894455
vt 0.618876 0.913546
vt 0.611363 0.931685
vt 0.601105 0.948425
vt 0.588354 0.963354
vt 0.573425 0.976105
vt 0.556685 0.986363
vt 0.538546 0.993876
vt 0.519455 0.998460
vt 0.499883 1.000000
vt 0.500117 1.000000
vt 0.480545 0.998460
vt 0.461454 0.993876
vt 0.443315 0.986363
vt 0.426575 0.976105
vt 0.411646 0.963354
vt 0.398895 0.948425
vt 0.388637 0.931685
vt 0.381124 0.913546
vt 0.376540 0.894456
vt 0.375000 0.874883
vt 0.500117 0.500000
vt 0.499883 0.500000
vt 0.750117 0.500000
vt 0.749883 0.500000
vt 0.749883 0.750000
vt 0.750117 0.750000
vt 0.500117 0.000000
vt 0.499883 0.000000
vt 0.499883 0.250000
vt 0.500117 0.250000
vt 0.375000 0.375117
vt 0.376540 0.355545
vt 0.381124 0.336454
vt 0.388637 0.318315
vt 0.398895 0.301575
vt 0.411646 0.286646
vt 0.426575 0.273895
vt 0.443315 0.263637
vt 0.461454 0.256124
vt 0.480545 0.251540
vt 0.519455 0.251540
vt 0.538546 0.256124
vt 0.556685 0.263637
vt 0.573425 0.273895
vt 0.588354 0.286646
vt 0.601105 0.301575
vt 0.611363 0.318315
vt 0.618876 0.336454
vt 0.623460 0.355545
vt 0.625000 0.375117
vt 0.625000 0.374883
vt 0.623460 0.394455
vt 0.618876 0.413546
vt 0.611363 0.431685
vt 0.601105 0.448425
vt 0.588354 0.463354
vt 0.573425 0.476105
vt 0.556685 0.486363
vt 0.538546 0.493876
vt 0.519455 0.498460
vt 0.480545 0.498460
vt 0.461454 0.493876
vt 0.443315 0.486363
vt 0.426575 0.476105
vt 0.411646 0.463354
vt 0.398895 0.448425
vt 0.388637 0.431685
vt 0.381124 0.413546
vt 0.376540 0.394455
vt 0.375000 0.374883
vt 0.250117 0.500000
vt 0.250117 0.750000
vt 0.230545 0.750000
vt 0.230545 0.500000
vt 0.211454 0.750000
vt 0.211454 0.500000
vt 0.193315 0.750000
vt 0.193315 0.500000
vt 0.176575 0.750000
vt 0.176575 0.500000
vt 0.426575 0.000000
vt 0.426575 0.250000
vt 0.443315 0.000000
vt 0.443315 0.250000
vt 0.461454 0.000000
vt 0.461454 0.250000
vt 0.480545 0.000000
vt 0.480545 0.250000
vt 0.769455 0.500000
vt 0.769455 0.750000
vt 0.788546 0.500000
vt 0.788546 0.750000
vt 0.806685 0.500000
vt 0.806685 0.750000
vt 0.823425 0.500000
vt 0.823425 0.750000
vt 0.573425 0.250000
vt 0.573425 0.000000
vt 0.556685 0.250000
vt 0.556685 0.000000
vt 0.538546 0.250000
vt 0.538546 0.000000
vt 0.519455 0.250000
vt 0.519455 0.000000
vt 0.249883 0.750000
vt 0.249883 0.500000
vt 0.269455 0.500000
vt 0.269455 0.750000
vt 0.288546 0.500000
vt 0.288546 0.750000
vt 0.306685 0.500000
vt 0.306685 0.750000
vt 0.323425 0.500000
vt 0.323425 0.750000
vt 0.426575 0.500000
vt 0.426575 0.750000
vt 0.443315 0.500000
vt 0.443315 0.750000
vt 0.461454 0.500000
vt 0.461454 0.750000
vt 0.480545 0.500000
vt 0.480545 0.750000
vt 0.730545 0.750000
vt 0.730545 0.500000
vt 0.711454 0.750000
vt 0.711454 0.500000
vt 0.693315 0.750000
vt 0.693315 0.500000
vt 0.676575 0.750000
vt 0.676575 0.500000
vt 0.573425 0.750000
vt 0.573425 0.500000
vt 0.556685 0.750000
vt 0.556685 0.500000
vt 0.538546 0.750000
vt 0.538546 0.500000
vt 0.519455 0.750000
vt 0.519455 0.500000
vt 0.440988 0.000000
vt 0.625000 0.031466
vt 0.625000 0.211482
vt 0.399743 0.250000
vt 0.399743 0.500000
vt 0.625000 0.538518
vt 0.625000 0.718534
vt 0.440988 0.750000
vt 0.440988 1.000000
vt 0.875000 0.538518
vt 0.875000 0.718534
vt 0.585226 0.351487
vt 0.467344 0.351487
vt 0.467344 0.331980
vt 0.585226 0.331980
vt 0.585226 0.351487
vt 0.440922 0.331980
vt 0.440922 0.351487
s 0
f 3184/3128/1350 3185/3129/1350 3186/3130/1350 3187/3131/1350 3188/3132/1350 3189/3133/1350 3190/3134/1350 3191/3135/1350 3192/3136/1350 3193/3137/1350 3194/3138/1350 3195/3139/1350 3196/3140/1350 3197/3141/1350 3198/3142/1350 3199/3143/1350 3200/3144/1350 3201/3145/1350 3202/3146/1350 3203/3147/1350 3204/3148/1350 3205/3149/1350 3206/3150/1350 3207/3151/1350 3208/3152/1350 3209/3153/1350 3210/3154/1350 3211/3155/1350 3212/3156/1350 3213/3157/1350 3214/3158/1350 3215/3159/1350
f 3280/3160/1351 3217/3161/1351 3219/3162/1351 3281/3163/1351
f 3281/3163/1352 3219/3162/1352 3221/3164/1352 3282/3165/1352
f 3282/3165/1353 3221/3164/1353 3223/3166/1353 3283/3167/1353
f 3283/3167/1354 3223/3166/1354 3225/3168/1354 3284/3169/1354
f 3284/3169/1355 3225/3168/1355 3227/3170/1355 3285/3171/1355
f 3285/3171/1356 3227/3170/1356 3229/3172/1356 3286/3173/1356
f 3286/3173/1357 3229/3172/1357 3231/3174/1357 3287/3175/1357
f 3287/3175/1358 3231/3174/1358 3233/3176/1358 3288/3177/1358
f 3288/3177/1359 3233/3176/1359 3235/3178/1359 3289/3179/1359
f 3289/3179/1360 3235/3178/1360 3237/3180/1360 3290/3181/1360
f 3290/3181/1361 3237/3180/1361 3239/3182/1361 3291/3183/1361
f 3291/3183/1362 3239/3182/1362 3241/3184/1362 3292/3185/1362
f 3292/3185/1363 3241/3184/1363 3243/3186/1363 3293/3187/1363
f 3293/3187/1364 3243/3186/1364 3245/3188/1364 3294/3189/1364
f 3294/3189/1365 3245/3188/1365 3247/3190/1365 3295/3191/1365
f 3295/3191/1366 3247/3190/1366 3249/3192/1366 3296/3193/1366
f 3296/3193/1367 3249/3192/1367 3251/3194/1367 3297/3195/1367
f 3297/3195/1368 3251/3194/1368 3253/3196/1368 3298/3197/1368
f 3298/3197/1369 3253/3196/1369 3255/3198/1369 3299/3199/1369
f 3299/3199/1370 3255/3198/1370 3257/3200/1370 3300/3201/1370
f 3300/3201/1371 3257/3200/1371 3259/3202/1371 3301/3203/1371
f 3301/3203/1372 3259/3202/1372 3261/3204/1372 3302/3205/1372
f 3302/3205/1373 3261/3204/1373 3263/3206/1373 3303/3207/1373
f 3303/3207/1374 3263/3206/1374 3265/3208/1374 3304/3209/1374
f 3304/3209/1375 3265/3208/1375 3267/3210/1375 3305/3211/1375
f 3305/3211/1376 3267/3210/1376 3269/3212/1376 3306/3213/1376
f 3306/3213/1377 3269/3212/1377 3271/3214/1377 3307/3215/1377
f 3307/3215/1378 3271/3214/1378 3273/3216/1378 3308/3217/1378
f 3308/3217/1379 3273/3216/1379 3275/3218/1379 3309/3219/1379
f 3309/3219/1380 3275/3218/1380 3277/3220/1380 3310/3221/1380
f 3271/3214/1377 3269/3212/1377 3562/3212/1377 3563/3214/1377
f 3310/3221/1381 3277/3220/1381 3279/3222/1381 3311/3223/1381
f 3311/3223/1382 3279/3222/1382 3217/3224/1382 3280/3225/1382
f 3220/3226/1353 3222/3227/1353 3478/3227/1353 3476/3228/1353
f 3313/3129/1383 3312/3128/1383 3280/3128/1383 3281/3129/1383
f 3314/3130/1383 3313/3129/1383 3281/3129/1383 3282/3130/1383
f 3315/3131/1383 3314/3130/1383 3282/3130/1383 3283/3131/1383
f 3316/3132/1383 3315/3131/1383 3283/3131/1383 3284/3132/1383
f 3317/3133/1383 3316/3132/1383 3284/3132/1383 3285/3133/1383
f 3318/3134/1383 3317/3133/1383 3285/3133/1383 3286/3134/1383
f 3319/3135/1383 3318/3134/1383 3286/3134/1383 3287/3135/1383
f 3320/3136/1383 3319/3135/1383 3287/3135/1383 3288/3136/1383
f 3321/3137/1383 3320/3136/1383 3288/3136/1383 3289/3137/1383
f 3322/3138/1383 3321/3137/1383 3289/3137/1383 3290/3138/1383
f 3323/3139/1383 3322/3138/1383 3290/3138/1383 3291/3139/1383
f 3324/3140/1383 3323/3139/1383 3291/3139/1383 3292/3140/1383
f 3325/3141/1383 3324/3140/1383 3292/3140/1383 3293/3141/1383
f 3326/3142/1383 3325/3141/1383 3293/3141/1383 3294/3142/1383
f 3327/3143/1383 3326/3142/1383 3294/3142/1383 3295/3143/1383
f 3328/3144/1383 3327/3143/1383 3295/3143/1383 3296/3144/1383
f 3329/3145/1383 3328/3144/1383 3296/3144/1383 3297/3145/1383
f 3330/3146/1383 3329/3145/1383 3297/3145/1383 3298/3146/1383
f 3331/3147/1383 3330/3146/1383 3298/3146/1383 3299/3147/1383
f 3332/3148/1383 3331/3147/1383 3299/3147/1383 3300/3148/1383
f 3333/3149/1383 3332/3148/1383 3300/3148/1383 3301/3149/1383
f 3334/3150/1383 3333/3149/1383 3301/3149/1383 3302/3150/1383
f 3335/3151/1383 3334/3150/1383 3302/3150/1383 3303/3151/1383
f 3336/3152/1383 3335/3151/1383 3303/3151/1383 3304/3152/1383
f 3337/3153/1383 3336/3152/1383 3304/3152/1383 3305/3153/1383
f 3338/3154/1383 3337/3153/1383 3305/3153/1383 3306/3154/1383
f 3339/3155/1383 3338/3154/1383 3306/3154/1383 3307/3155/1383
f 3340/3156/1383 3339/3155/1383 3307/3155/1383 3308/3156/1383
f 3341/3157/1383 3340/3156/1383 3308/3156/1383 3309/3157/1383
f 3342/3158/1383 3341/3157/1383 3309/3157/1383 3310/3158/1383
f 3343/3159/1383 3342/3158/1383 3310/3158/1383 3311/3159/1383
f 3312/3128/1383 3343/3159/1383 3311/3159/1383 3280/3128/1383
f 3345/3229/1384 3344/3230/1384 3312/3128/1384 3313/3129/1384
f 3346/3231/1385 3345/3229/1385 3313/3129/1385 3314/3130/1385
f 3347/3232/1386 3346/3231/1386 3314/3130/1386 3315/3131/1386
f 3348/3233/1387 3347/3232/1387 3315/3131/1387 3316/3132/1387
f 3349/3234/1388 3348/3233/1388 3316/3132/1388 3317/3133/1388
f 3350/3235/1389 3349/3234/1389 3317/3133/1389 3318/3134/1389
f 3351/3236/1390 3350/3235/1390 3318/3134/1390 3319/3135/1390
f 3352/3237/1391 3351/3236/1391 3319/3135/1391 3320/3136/1391
f 3353/3238/1392 3352/3237/1392 3320/3136/1392 3321/3137/1392
f 3354/3239/1393 3353/3238/1393 3321/3137/1393 3322/3138/1393
f 3355/3240/1394 3354/3239/1394 3322/3138/1394 3323/3139/1394
f 3356/3241/1395 3355/3240/1395 3323/3139/1395 3324/3140/1395
f 3357/3242/1396 3356/3241/1396 3324/3140/1396 3325/3141/1396
f 3358/3243/1397 3357/3242/1397 3325/3141/1397 3326/3142/1397
f 3359/3244/1398 3358/3243/1398 3326/3142/1398 3327/3143/1398
f 3360/3245/1399 3359/3244/1399 3327/3143/1399 3328/3144/1399
f 3361/3246/1400 3360/3245/1400 3328/3144/1400 3329/3145/1400
f 3362/3247/1401 3361/3246/1401 3329/3145/1401 3330/3146/1401
f 3363/3248/1402 3362/3247/1402 3330/3146/1402 3331/3147/1402
f 3364/3249/1403 3363/3248/1403 3331/3147/1403 3332/3148/1403
f 3365/3250/1404 3364/3249/1404 3332/3148/1404 3333/3149/1404
f 3366/3251/1405 3365/3250/1405 3333/3149/1405 3334/3150/1405
f 3367/3252/1406 3366/3251/1406 3334/3150/1406 3335/3151/1406
f 3368/3253/1407 3367/3252/1407 3335/3151/1407 3336/3152/1407
f 3369/3254/1408 3368/3253/1408 3336/3152/1408 3337/3153/1408
f 3370/3255/1409 3369/3254/1409 3337/3153/1409 3338/3154/1409
f 3371/3256/1410 3370/3255/1410 3338/3154/1410 3339/3155/1410
f 3372/3257/1411 3371/3256/1411 3339/3155/1411 3340/3156/1411
f 3373/3258/1412 3372/3257/1412 3340/3156/1412 3341/3157/1412
f 3374/3259/1413 3373/3258/1413 3341/3157/1413 3342/3158/1413
f 3375/3260/1414 3374/3259/1414 3342/3158/1414 3343/3159/1414
f 3344/3230/1415 3375/3260/1415 3343/3159/1415 3312/3128/1415
f 3377/3229/1383 3376/3230/1383 3344/3230/1383 3345/3229/1383
f 3378/3231/1383 3377/3229/1383 3345/3229/1383 3346/3231/1383
f 3379/3232/1383 3378/3231/1383 3346/3231/1383 3347/3232/1383
f 3380/3233/1383 3379/3232/1383 3347/3232/1383 3348/3233/1383
f 3381/3234/1383 3380/3233/1383 3348/3233/1383 3349/3234/1383
f 3382/3235/1383 3381/3234/1383 3349/3234/1383 3350/3235/1383
f 3383/3236/1383 3382/3235/1383 3350/3235/1383 3351/3236/1383
f 3384/3237/1383 3383/3236/1383 3351/3236/1383 3352/3237/1383
f 3385/3238/1383 3384/3237/1383 3352/3237/1383 3353/3238/1383
f 3386/3239/1383 3385/3238/1383 3353/3238/1383 3354/3239/1383
f 3387/3240/1383 3386/3239/1383 3354/3239/1383 3355/3240/1383
f 3388/3241/1383 3387/3240/1383 3355/3240/1383 3356/3241/1383
f 3389/3242/1383 3388/3241/1383 3356/3241/1383 3357/3242/1383
f 3390/3243/1383 3389/3242/1383 3357/3242/1383 3358/3243/1383
f 3391/3244/1383 3390/3243/1383 3358/3243/1383 3359/3244/1383
f 3392/3245/1383 3391/3244/1383 3359/3244/1383 3360/3245/1383
f 3393/3246/1383 3392/3245/1383 3360/3245/1383 3361/3246/1383
f 3394/3247/1383 3393/3246/1383 3361/3246/1383 3362/3247/1383
f 3395/3248/1383 3394/3247/1383 3362/3247/1383 3363/3248/1383
f 3396/3249/1383 3395/3248/1383 3363/3248/1383 3364/3249/1383
f 3397/3250/1383 3396/3249/1383 3364/3249/1383 3365/3250/1383
f 3398/3251/1383 3397/3250/1383 3365/3250/1383 3366/3251/1383
f 3399/3252/1383 3398/3251/1383 3366/3251/1383 3367/3252/1383
f 3400/3253/1383 3399/3252/1383 3367/3252/1383 3368/3253/1383
f 3401/3254/1383 3400/3253/1383 3368/3253/1383 3369/3254/1383
f 3402/3255/1383 3401/3254/1383 3369/3254/1383 3370/3255/1383
f 3403/3256/1383 3402/3255/1383 3370/3255/1383 3371/3256/1383
f 3404/3257/1383 3403/3256/1383 3371/3256/1383 3372/3257/1383
f 3405/3258/1383 3404/3257/1383 3372/3257/1383 3373/3258/1383
f 3406/3259/1383 3405/3258/1383 3373/3258/1383 3374/3259/1383
f 3407/3260/1383 3406/3259/1383 3374/3259/1383 3375/3260/1383
f 3376/3230/1383 3407/3260/1383 3375/3260/1383 3344/3230/1383
f 3409/3261/1416 3408/3262/1416 3376/3230/1416 3377/3229/1416
f 3410/3263/1417 3409/3261/1417 3377/3229/1417 3378/3231/1417
f 3411/3264/1418 3410/3263/1418 3378/3231/1418 3379/3232/1418
f 3412/3265/1419 3411/3264/1419 3379/3232/1419 3380/3233/1419
f 3413/3266/1420 3412/3265/1420 3380/3233/1420 3381/3234/1420
f 3414/3267/1421 3413/3266/1421 3381/3234/1421 3382/3235/1421
f 3415/3268/1422 3414/3267/1422 3382/3235/1422 3383/3236/1422
f 3416/3269/1423 3415/3268/1423 3383/3236/1423 3384/3237/1423
f 3417/3270/1424 3416/3269/1424 3384/3237/1424 3385/3238/1424
f 3418/3271/1425 3417/3270/1425 3385/3238/1425 3386/3239/1425
f 3419/3272/1426 3418/3271/1426 3386/3239/1426 3387/3240/1426
f 3420/3273/1427 3419/3272/1427 3387/3240/1427 3388/3241/1427
f 3421/3274/1428 3420/3273/1428 3388/3241/1428 3389/3242/1428
f 3422/3275/1429 3421/3274/1429 3389/3242/1429 3390/3243/1429
f 3423/3276/1430 3422/3275/1430 3390/3243/1430 3391/3244/1430
f 3424/3277/1431 3423/3276/1431 3391/3244/1431 3392/3245/1431
f 3425/3278/1432 3424/3277/1432 3392/3245/1432 3393/3246/1432
f 3426/3279/1433 3425/3278/1433 3393/3246/1433 3394/3247/1433
f 3427/3280/1434 3426/3279/1434 3394/3247/1434 3395/3248/1434
f 3428/3281/1435 3427/3280/1435 3395/3248/1435 3396/3249/1435
f 3429/3282/1436 3428/3281/1436 3396/3249/1436 3397/3250/1436
f 3430/3283/1437 3429/3282/1437 3397/3250/1437 3398/3251/1437
f 3431/3284/1438 3430/3283/1438 3398/3251/1438 3399/3252/1438
f 3432/3285/1439 3431/3284/1439 3399/3252/1439 3400/3253/1439
f 3433/3286/1440 3432/3285/1440 3400/3253/1440 3401/3254/1440
f 3434/3287/1441 3433/3286/1441 3401/3254/1441 3402/3255/1441
f 3435/3288/1442 3434/3287/1442 3402/3255/1442 3403/3256/1442
f 3436/3289/1443 3435/3288/1443 3403/3256/1443 3404/3257/1443
f 3437/3290/1444 3436/3289/1444 3404/3257/1444 3405/3258/1444
f 3438/3291/1445 3437/3290/1445 3405/3258/1445 3406/3259/1445
f 3439/3292/1446 3438/3291/1446 3406/3259/1446 3407/3260/1446
f 3408/3262/1447 3439/3292/1447 3407/3260/1447 3376/3230/1447
f 3441/3261/1383 3440/3262/1383 3408/3262/1383 3409/3261/1383
f 3442/3263/1383 3441/3261/1383 3409/3261/1383 3410/3263/1383
f 3443/3264/1383 3442/3263/1383 3410/3263/1383 3411/3264/1383
f 3444/3265/1383 3443/3264/1383 3411/3264/1383 3412/3265/1383
f 3445/3266/1383 3444/3265/1383 3412/3265/1383 3413/3266/1383
f 3446/3267/1383 3445/3266/1383 3413/3266/1383 3414/3267/1383
f 3447/3268/1383 3446/3267/1383 3414/3267/1383 3415/3268/1383
f 3448/3269/1383 3447/3268/1383 3415/3268/1383 3416/3269/1383
f 3449/3270/1383 3448/3269/1383 3416/3269/1383 3417/3270/1383
f 3450/3271/1383 3449/3270/1383 3417/3270/1383 3418/3271/1383
f 3451/3272/1383 3450/3271/1383 3418/3271/1383 3419/3272/1383
f 3452/3273/1383 3451/3272/1383 3419/3272/1383 3420/3273/1383
f 3453/3274/1383 3452/3273/1383 3420/3273/1383 3421/3274/1383
f 3454/3275/1383 3453/3274/1383 3421/3274/1383 3422/3275/1383
f 3455/3276/1383 3454/3275/1383 3422/3275/1383 3423/3276/1383
f 3456/3277/1383 3455/3276/1383 3423/3276/1383 3424/3277/1383
f 3457/3278/1383 3456/3277/1383 3424/3277/1383 3425/3278/1383
f 3458/3279/1383 3457/3278/1383 3425/3278/1383 3426/3279/1383
f 3459/3280/1383 3458/3279/1383 3426/3279/1383 3427/3280/1383
f 3460/3281/1383 3459/3280/1383 3427/3280/1383 3428/3281/1383
f 3461/3282/1383 3460/3281/1383 3428/3281/1383 3429/3282/1383
f 3462/3283/1383 3461/3282/1383 3429/3282/1383 3430/3283/1383
f 3463/3284/1383 3462/3283/1383 3430/3283/1383 3431/3284/1383
f 3464/3285/1383 3463/3284/1383 3431/3284/1383 3432/3285/1383
f 3465/3286/1383 3464/3285/1383 3432/3285/1383 3433/3286/1383
f 3466/3287/1383 3465/3286/1383 3433/3286/1383 3434/3287/1383
f 3467/3288/1383 3466/3287/1383 3434/3287/1383 3435/3288/1383
f 3468/3289/1383 3467/3288/1383 3435/3288/1383 3436/3289/1383
f 3469/3290/1383 3468/3289/1383 3436/3289/1383 3437/3290/1383
f 3470/3291/1383 3469/3290/1383 3437/3290/1383 3438/3291/1383
f 3471/3292/1383 3470/3291/1383 3438/3291/1383 3439/3292/1383
f 3440/3262/1383 3471/3292/1383 3439/3292/1383 3408/3262/1383
f 3218/3293/1350 3216/3294/1350 3440/3262/1350 3441/3261/1350
f 3220/3226/1350 3218/3293/1350 3441/3261/1350 3442/3263/1350
f 3222/3227/1350 3220/3226/1350 3442/3263/1350 3443/3264/1350
f 3224/3295/1350 3222/3227/1350 3443/3264/1350 3444/3265/1350
f 3226/3296/1350 3224/3295/1350 3444/3265/1350 3445/3266/1350
f 3228/3297/1350 3226/3296/1350 3445/3266/1350 3446/3267/1350
f 3230/3298/1350 3228/3297/1350 3446/3267/1350 3447/3268/1350
f 3232/3299/1350 3230/3298/1350 3447/3268/1350 3448/3269/1350
f 3234/3300/1350 3232/3299/1350 3448/3269/1350 3449/3270/1350
f 3236/3301/1350 3234/3300/1350 3449/3270/1350 3450/3271/1350
f 3238/3302/1350 3236/3301/1350 3450/3271/1350 3451/3272/1350
f 3240/3303/1350 3238/3302/1350 3451/3272/1350 3452/3273/1350
f 3242/3304/1350 3240/3303/1350 3452/3273/1350 3453/3274/1350
f 3244/3305/1350 3242/3304/1350 3453/3274/1350 3454/3275/1350
f 3246/3306/1350 3244/3305/1350 3454/3275/1350 3455/3276/1350
f 3248/3307/1350 3246/3306/1350 3455/3276/1350 3456/3277/1350
f 3250/3308/1350 3248/3307/1350 3456/3277/1350 3457/3278/1350
f 3252/3309/1350 3250/3308/1350 3457/3278/1350 3458/3279/1350
f 3254/3310/1350 3252/3309/1350 3458/3279/1350 3459/3280/1350
f 3256/3311/1350 3254/3310/1350 3459/3280/1350 3460/3281/1350
f 3258/3312/1350 3256/3311/1350 3460/3281/1350 3461/3282/1350
f 3260/3313/1350 3258/3312/1350 3461/3282/1350 3462/3283/1350
f 3262/3314/1350 3260/3313/1350 3462/3283/1350 3463/3284/1350
f 3264/3315/1350 3262/3314/1350 3463/3284/1350 3464/3285/1350
f 3266/3316/1350 3264/3315/1350 3464/3285/1350 3465/3286/1350
f 3268/3317/1350 3266/3316/1350 3465/3286/1350 3466/3287/1350
f 3270/3318/1350 3268/3317/1350 3466/3287/1350 3467/3288/1350
f 3272/3319/1350 3270/3318/1350 3467/3288/1350 3468/3289/1350
f 3274/3320/1350 3272/3319/1350 3468/3289/1350 3469/3290/1350
f 3276/3321/1350 3274/3320/1350 3469/3290/1350 3470/3291/1350
f 3278/3322/1350 3276/3321/1350 3470/3291/1350 3471/3292/1350
f 3216/3294/1350 3278/3322/1350 3471/3292/1350 3440/3262/1350
f 3278/3322/1382 3216/3294/1382 3473/3294/1382 3534/3322/1382
f 3274/3320/1380 3276/3321/1380 3532/3321/1380 3530/3320/1380
f 3248/3307/1367 3250/3308/1367 3506/3323/1367 3504/3324/1367
f 3222/3227/1354 3224/3295/1354 3480/3325/1354 3478/3227/1354
f 3276/3321/1381 3278/3322/1381 3534/3322/1381 3532/3326/1381
f 3250/3308/1368 3252/3309/1368 3508/3309/1368 3506/3308/1368
f 3224/3295/1355 3226/3296/1355 3482/3296/1355 3480/3327/1355
f 3252/3309/1369 3254/3310/1369 3510/3310/1369 3508/3328/1369
f 3226/3296/1356 3228/3297/1356 3484/3329/1356 3482/3330/1356
f 3218/3293/1352 3220/3226/1352 3476/3226/1352 3474/3293/1352
f 3254/3310/1370 3256/3311/1370 3512/3311/1370 3510/3331/1370
f 3228/3297/1357 3230/3298/1357 3486/3332/1357 3484/3297/1357
f 3256/3311/1371 3258/3312/1371 3514/3312/1371 3512/3311/1371
f 3230/3298/1358 3232/3299/1358 3488/3299/1358 3486/3332/1358
f 3258/3312/1372 3260/3313/1372 3516/3313/1372 3514/3333/1372
f 3232/3299/1359 3234/3300/1359 3490/3300/1359 3488/3334/1359
f 3260/3313/1373 3262/3314/1373 3518/3335/1373 3516/3336/1373
f 3234/3300/1360 3236/3301/1360 3492/3337/1360 3490/3338/1360
f 3262/3314/1374 3264/3315/1374 3520/3315/1374 3518/3314/1374
f 3236/3301/1361 3238/3302/1361 3494/3302/1361 3492/3337/1361
f 3264/3315/1375 3266/3316/1375 3522/3316/1375 3520/3339/1375
f 3238/3302/1362 3240/3303/1362 3496/3303/1362 3494/3340/1362
f 3266/3316/1376 3268/3317/1376 3524/3317/1376 3522/3316/1376
f 3240/3303/1363 3242/3304/1363 3498/3304/1363 3496/3303/1363
f 3268/3317/1377 3270/3318/1377 3526/3318/1377 3524/3341/1377
f 3242/3304/1364 3244/3305/1364 3500/3305/1364 3498/3342/1364
f 3270/3318/1378 3272/3319/1378 3528/3319/1378 3526/3318/1378
f 3244/3305/1365 3246/3306/1365 3502/3306/1365 3500/3305/1365
f 3472/3343/1350 3475/3344/1350 3477/3345/1350 3479/3346/1350 3481/3347/1350 3483/3348/1350 3485/3349/1350 3487/3350/1350 3489/3351/1350 3491/3352/1350 3493/3353/1350 3495/3354/1350 3497/3355/1350 3499/3356/1350 3501/3357/1350 3503/3358/1350 3505/3359/1350 3507/3360/1350 3509/3361/1350 3511/3362/1350 3513/3363/1350 3515/3364/1350 3517/3365/1350 3519/3366/1350 3521/3367/1350 3523/3368/1350 3525/3369/1350 3527/3370/1350 3529/3371/1350 3531/3372/1350 3533/3373/1350 3535/3374/1350
f 3272/3319/1379 3274/3320/1379 3530/3320/1379 3528/3319/1379
f 3246/3306/1366 3248/3307/1366 3504/3307/1366 3502/3375/1366
f 3473/3376/1448 3474/3293/1448 3475/3344/1448 3472/3343/1448
f 3474/3293/1449 3476/3226/1449 3477/3345/1449 3475/3344/1449
f 3476/3228/1450 3478/3227/1450 3479/3346/1450 3477/3345/1450
f 3478/3227/1451 3480/3325/1451 3481/3347/1451 3479/3346/1451
f 3480/3327/1452 3482/3296/1452 3483/3348/1452 3481/3347/1452
f 3482/3330/1453 3484/3329/1453 3485/3349/1453 3483/3348/1453
f 3484/3297/1454 3486/3332/1454 3487/3350/1454 3485/3349/1454
f 3486/3332/1455 3488/3299/1455 3489/3351/1455 3487/3350/1455
f 3488/3334/1456 3490/3300/1456 3491/3352/1456 3489/3351/1456
f 3490/3338/1457 3492/3337/1457 3493/3353/1457 3491/3352/1457
f 3492/3337/1458 3494/3302/1458 3495/3354/1458 3493/3353/1458
f 3494/3340/1459 3496/3303/1459 3497/3355/1459 3495/3354/1459
f 3496/3303/1460 3498/3304/1460 3499/3356/1460 3497/3355/1460
f 3498/3342/1461 3500/3305/1461 3501/3357/1461 3499/3356/1461
f 3500/3305/1462 3502/3306/1462 3503/3358/1462 3501/3357/1462
f 3502/3375/1463 3504/3307/1463 3505/3359/1463 3503/3358/1463
f 3504/3324/1464 3506/3323/1464 3507/3360/1464 3505/3359/1464
f 3506/3308/1465 3508/3309/1465 3509/3361/1465 3507/3360/1465
f 3508/3328/1466 3510/3310/1466 3511/3362/1466 3509/3361/1466
f 3510/3331/1467 3512/3311/1467 3513/3363/1467 3511/3362/1467
f 3512/3311/1468 3514/3312/1468 3515/3364/1468 3513/3363/1468
f 3514/3333/1469 3516/3313/1469 3517/3365/1469 3515/3364/1469
f 3516/3336/1470 3518/3335/1470 3519/3366/1470 3517/3365/1470
f 3518/3314/1471 3520/3315/1471 3521/3367/1471 3519/3366/1471
f 3520/3339/1472 3522/3316/1472 3523/3368/1472 3521/3367/1472
f 3522/3316/1473 3524/3317/1473 3525/3369/1473 3523/3368/1473
f 3524/3341/1474 3526/3318/1474 3527/3370/1474 3525/3369/1474
f 3526/3318/1475 3528/3319/1475 3529/3371/1475 3527/3370/1475
f 3528/3319/1476 3530/3320/1476 3531/3372/1476 3529/3371/1476
f 3530/3320/1477 3532/3321/1477 3533/3373/1477 3531/3372/1477
f 3532/3326/1478 3534/3322/1478 3535/3374/1478 3533/3373/1478
f 3534/3322/1479 3473/3294/1479 3472/3343/1479 3535/3374/1479
f 3216/3294/1351 3218/3293/1351 3474/3293/1351 3473/3376/1351
f 3545/3178/1359 3544/3176/1359 3576/3176/1359 3577/3178/1359
f 3227/3170/1355 3225/3168/1355 3540/3168/1355 3541/3170/1355
f 3245/3188/1364 3243/3186/1364 3549/3186/1364 3550/3188/1364
f 3263/3206/1373 3261/3204/1373 3558/3204/1373 3559/3206/1373
f 3219/3162/1351 3217/3161/1351 3537/3161/1351 3536/3162/1351
f 3217/3224/1382 3279/3222/1382 3567/3222/1382 3537/3224/1382
f 3237/3180/1360 3235/3178/1360 3545/3178/1360 3546/3180/1360
f 3255/3198/1369 3253/3196/1369 3554/3196/1369 3555/3198/1369
f 3273/3216/1378 3271/3214/1378 3563/3214/1378 3564/3216/1378
f 3229/3172/1356 3227/3170/1356 3541/3170/1356 3542/3172/1356
f 3247/3190/1365 3245/3188/1365 3550/3188/1365 3551/3190/1365
f 3265/3208/1374 3263/3206/1374 3559/3206/1374 3560/3208/1374
f 3221/3164/1352 3219/3162/1352 3536/3162/1352 3538/3164/1352
f 3239/3182/1361 3237/3180/1361 3546/3180/1361 3547/3182/1361
f 3257/3200/1370 3255/3198/1370 3555/3198/1370 3556/3200/1370
f 3275/3218/1379 3273/3216/1379 3564/3216/1379 3565/3218/1379
f 3231/3174/1357 3229/3172/1357 3542/3172/1357 3543/3174/1357
f 3249/3192/1366 3247/3190/1366 3551/3190/1366 3552/3192/1366
f 3267/3210/1375 3265/3208/1375 3560/3208/1375 3561/3210/1375
f 3223/3166/1353 3221/3164/1353 3538/3164/1353 3539/3166/1353
f 3241/3184/1362 3239/3182/1362 3547/3182/1362 3548/3184/1362
f 3259/3202/1371 3257/3200/1371 3556/3200/1371 3557/3202/1371
f 3277/3220/1380 3275/3218/1380 3565/3218/1380 3566/3220/1380
f 3233/3176/1358 3231/3174/1358 3543/3174/1358 3544/3176/1358
f 3251/3194/1367 3249/3192/1367 3552/3192/1367 3553/3194/1367
f 3269/3212/1376 3267/3210/1376 3561/3210/1376 3562/3212/1376
f 3225/3168/1354 3223/3166/1354 3539/3166/1354 3540/3168/1354
f 3243/3186/1363 3241/3184/1363 3548/3184/1363 3549/3186/1363
f 3261/3204/1372 3259/3202/1372 3557/3202/1372 3558/3204/1372
f 3279/3222/1381 3277/3220/1381 3566/3220/1381 3567/3222/1381
f 3235/3178/1359 3233/3176/1359 3544/3176/1359 3545/3178/1359
f 3253/3196/1368 3251/3194/1368 3553/3194/1368 3554/3196/1368
f 3568/3377/1383 3569/3378/1383 3599/3379/1383 3598/3380/1383 3597/3381/1383 3596/3382/1383 3595/3383/1383 3594/3384/1383 3593/3385/1383 3592/3386/1383 3591/3387/1383 3590/3388/1383 3589/3389/1383 3588/3390/1383 3587/3391/1383 3586/3392/1383 3585/3393/1383 3584/3394/1383 3583/3395/1383 3582/3396/1383 3581/3397/1383 3580/3398/1383 3579/3399/1383 3578/3400/1383 3577/3401/1383 3576/3402/1383 3575/3403/1383 3574/3404/1383 3573/3405/1383 3572/3406/1383 3571/3407/1383 3570/3408/1383
f 3559/3206/1373 3558/3204/1373 3590/3204/1373 3591/3206/1373
f 3546/3180/1360 3545/3178/1360 3577/3178/1360 3578/3180/1360
f 3560/3208/1374 3559/3206/1374 3591/3206/1374 3592/3208/1374
f 3547/3182/1361 3546/3180/1361 3578/3180/1361 3579/3182/1361
f 3561/3210/1375 3560/3208/1375 3592/3208/1375 3593/3210/1375
f 3548/3184/1362 3547/3182/1362 3579/3182/1362 3580/3184/1362
f 3562/3212/1376 3561/3210/1376 3593/3210/1376 3594/3212/1376
f 3549/3186/1363 3548/3184/1363 3580/3184/1363 3581/3186/1363
f 3563/3214/1377 3562/3212/1377 3594/3212/1377 3595/3214/1377
f 3550/3188/1364 3549/3186/1364 3581/3186/1364 3582/3188/1364
f 3536/3162/1351 3537/3161/1351 3569/3161/1351 3568/3162/1351
f 3564/3216/1378 3563/3214/1378 3595/3214/1378 3596/3216/1378
f 3551/3190/1365 3550/3188/1365 3582/3188/1365 3583/3190/1365
f 3538/3164/1352 3536/3162/1352 3568/3162/1352 3570/3164/1352
f 3565/3218/1379 3564/3216/1379 3596/3216/1379 3597/3218/1379
f 3552/3192/1366 3551/3190/1366 3583/3190/1366 3584/3192/1366
f 3539/3166/1353 3538/3164/1353 3570/3164/1353 3571/3166/1353
f 3566/3220/1380 3565/3218/1380 3597/3218/1380 3598/3220/1380
f 3553/3194/1367 3552/3192/1367 3584/3192/1367 3585/3194/1367
f 3540/3168/1354 3539/3166/1354 3571/3166/1354 3572/3168/1354
f 3567/3222/1381 3566/3220/1381 3598/3220/1381 3599/3222/1381
f 3554/3196/1368 3553/3194/1368 3585/3194/1368 3586/3196/1368
f 3541/3170/1355 3540/3168/1355 3572/3168/1355 3573/3170/1355
f 3537/3224/1382 3567/3222/1382 3599/3222/1382 3569/3224/1382
f 3555/3198/1369 3554/3196/1369 3586/3196/1369 3587/3198/1369
f 3542/3172/1356 3541/3170/1356 3573/3170/1356 3574/3172/1356
f 3556/3200/1370 3555/3198/1370 3587/3198/1370 3588/3200/1370
f 3543/3174/1357 3542/3172/1357 3574/3172/1357 3575/3174/1357
f 3557/3202/1371 3556/3200/1371 3588/3200/1371 3589/3202/1371
f 3544/3176/1358 3543/3174/1358 3575/3174/1358 3576/3176/1358
f 3558/3204/1372 3557/3202/1372 3589/3202/1372 3590/3204/1372
f 3600/3409/1350 3601/3410/1350 3603/3411/1350 3602/3412/1350
f 3602/3412/1480 3603/3411/1480 3607/3185/1480 3606/3201/1480
f 3654/3413/1481 3655/3414/1481 3681/3414/1481 3682/3413/1481
f 3604/3415/1482 3605/3416/1482 3601/3184/1482 3600/3200/1482
f 3602/3217/1483 3606/3201/1483 3604/3415/1483 3600/3417/1483
f 3607/3185/1480 3603/3411/1480 3609/3411/1480 3610/3185/1480
f 3664/3418/1484 3665/3418/1484 3671/3418/1484 3672/3418/1484
f 3650/3419/1485 3651/3419/1485 3685/3419/1485 3686/3419/1485
f 3603/3411/1350 3601/3410/1350 3608/3410/1350 3609/3411/1350
f 3601/3184/1482 3605/3416/1482 3611/3416/1482 3608/3184/1482
f 3617/3411/1350 3616/3410/1350 3635/3410/1350 3637/3420/1350 3638/3421/1350 3639/3422/1350 3640/3423/1350 3641/3424/1350 3642/3425/1350 3643/3426/1350 3644/3427/1350 3645/3428/1350 3636/3429/1350 3624/3430/1350 3626/3431/1350 3627/3432/1350 3628/3433/1350 3629/3434/1350 3630/3435/1350 3631/3436/1350 3632/3437/1350 3633/3438/1350 3634/3439/1350 3625/3411/1350
f 3609/3411/1350 3608/3410/1350 3612/3410/1350 3613/3411/1350
f 3608/3184/1482 3611/3416/1482 3615/3416/1482 3612/3184/1482
f 3610/3185/1480 3609/3411/1480 3613/3411/1480 3614/3185/1480
f 3647/3440/1486 3657/3441/1486 3678/3441/1486 3679/3440/1486
f 3613/3411/1350 3612/3410/1350 3616/3410/1350 3617/3411/1350
f 3612/3184/1482 3615/3416/1482 3619/3416/1482 3622/3416/1482 3623/3418/1482 3616/3184/1482
f 3616/3184/1383 3623/3418/1383 3658/3418/1383 3635/3184/1383
f 3621/3185/1383 3622/3416/1383 3619/3416/1383 3618/3185/1383
f 3745/3442/1383 3735/3443/1383 3767/3443/1383 3757/3442/1383
f 3614/3185/1480 3613/3411/1480 3617/3411/1480 3620/3419/1480 3621/3185/1480 3618/3185/1480
f 3660/3444/1487 3661/3445/1487 3675/3445/1487 3676/3444/1487
f 3647/3440/1488 3624/3446/1488 3636/3447/1488 3657/3441/1488
f 3635/3184/1489 3658/3418/1489 3667/3418/1489 3637/3184/1489
f 3637/3184/1490 3667/3418/1490 3666/3418/1490 3638/3184/1490
f 3638/3184/1491 3666/3418/1491 3665/3418/1491 3639/3184/1491
f 3639/3184/1492 3665/3418/1492 3664/3418/1492 3640/3184/1492
f 3640/3184/1493 3664/3418/1493 3663/3418/1493 3641/3184/1493
f 3641/3448/1494 3663/3449/1494 3662/3450/1494 3642/3451/1494
f 3642/3451/1495 3662/3450/1495 3661/3445/1495 3643/3452/1495
f 3643/3452/1496 3661/3445/1496 3660/3444/1496 3644/3453/1496
f 3644/3453/1497 3660/3444/1497 3659/3454/1497 3645/3455/1497
f 3645/3455/1498 3659/3454/1498 3657/3441/1498 3636/3447/1498
f 3624/3446/1499 3647/3440/1499 3656/3456/1499 3626/3457/1499
f 3626/3457/1500 3656/3456/1500 3655/3414/1500 3627/3458/1500
f 3627/3458/1501 3655/3414/1501 3654/3413/1501 3628/3459/1501
f 3628/3459/1502 3654/3413/1502 3653/3460/1502 3629/3461/1502
f 3629/3461/1503 3653/3460/1503 3652/3462/1503 3630/3169/1503
f 3630/3411/1504 3652/3419/1504 3651/3419/1504 3631/3411/1504
f 3631/3411/1505 3651/3419/1505 3650/3419/1505 3632/3411/1505
f 3632/3411/1506 3650/3419/1506 3649/3419/1506 3633/3411/1506
f 3633/3411/1507 3649/3419/1507 3648/3419/1507 3634/3411/1507
f 3634/3411/1508 3648/3419/1508 3646/3419/1508 3625/3411/1508
f 3620/3419/1383 3617/3411/1383 3625/3411/1383 3646/3419/1383
f 3610/3185/1480 3614/3185/1480 3734/3185/1480 3712/3185/1480
f 3607/3185/1480 3610/3185/1480 3712/3185/1480 3691/3185/1480
f 3614/3185/1480 3618/3185/1480 3768/3185/1480 3734/3185/1480
f 3622/3416/1509 3621/3185/1509 3778/3185/1509 3780/3463/1509 3781/3464/1509 3782/3465/1509 3783/3466/1509 3784/3467/1509 3785/3468/1509 3786/3469/1509 3787/3470/1509 3788/3471/1509 3779/3443/1509 3813/3442/1509 3815/3472/1509 3816/3473/1509 3817/3474/1509 3818/3475/1509 3819/3476/1509 3820/3477/1509 3821/3478/1509 3822/3479/1509 3823/3480/1509 3814/3416/1509
f 3620/3419/1510 3646/3419/1510 3689/3419/1510 3791/3419/1510 3790/3419/1510
f 3659/3454/1511 3660/3444/1511 3676/3444/1511 3677/3454/1511
f 3846/3481/1512 3836/3482/1512 3825/3483/1512 3858/3484/1512
f 3649/3419/1513 3650/3419/1513 3686/3419/1513 3687/3419/1513
f 3663/3418/1514 3664/3418/1514 3672/3418/1514 3673/3418/1514
f 3653/3460/1515 3654/3413/1515 3682/3413/1515 3683/3460/1515
f 3606/3201/1480 3607/3185/1480 3691/3185/1480 3824/3485/1480 3835/3201/1480
f 3667/3418/1516 3658/3418/1516 3668/3418/1516 3669/3418/1516
f 3657/3441/1517 3659/3454/1517 3677/3454/1517 3678/3441/1517
f 3621/3185/1480 3620/3419/1480 3790/3419/1480 3778/3185/1480
f 3605/3416/1482 3604/3415/1482 3847/3415/1482 3857/3486/1482 3701/3487/1482
f 3648/3419/1518 3649/3419/1518 3687/3419/1518 3688/3419/1518
f 3619/3416/1482 3615/3416/1482 3746/3416/1482 3756/3487/1482
f 3662/3450/1519 3663/3449/1519 3673/3449/1519 3674/3450/1519
f 3702/3442/1383 3690/3443/1383 3713/3443/1383 3723/3442/1383
f 3618/3185/1486 3619/3416/1486 3756/3416/1486 3758/3488/1486 3759/3489/1486 3760/3490/1486 3761/3491/1486 3762/3492/1486 3763/3493/1486 3764/3494/1486 3765/3495/1486 3766/3472/1486 3875/3442/1486 3874/3443/1486 3769/3471/1486 3770/3496/1486 3771/3469/1486 3772/3497/1486 3773/3498/1486 3774/3499/1486 3775/3500/1486 3776/3501/1486 3777/3502/1486 3768/3185/1486
f 3652/3462/1520 3653/3460/1520 3683/3460/1520 3684/3462/1520
f 3666/3418/1521 3667/3418/1521 3669/3418/1521 3670/3418/1521
f 3723/3442/1383 3713/3443/1383 3735/3443/1383 3745/3442/1383
f 3789/3503/1522 3802/3504/1522 3813/3442/1522 3779/3443/1522
f 3656/3456/1523 3647/3440/1523 3679/3440/1523 3680/3456/1523
f 3646/3419/1524 3648/3419/1524 3688/3419/1524 3689/3419/1524
f 3661/3445/1525 3662/3450/1525 3674/3450/1525 3675/3445/1525
f 3658/3418/1526 3623/3418/1526 3801/3418/1526 3803/3418/1526 3668/3418/1526
f 3651/3419/1527 3652/3419/1527 3684/3419/1527 3685/3419/1527
f 3665/3418/1528 3666/3418/1528 3670/3418/1528 3671/3418/1528
f 3623/3418/1482 3622/3416/1482 3814/3416/1482 3801/3418/1482
f 3803/3449/1383 3802/3504/1383 3789/3503/1383 3791/3462/1383 3689/3462/1383 3688/3505/1383 3687/3506/1383 3686/3507/1383 3685/3508/1383 3684/3509/1383 3683/3460/1383 3682/3413/1383 3681/3414/1383 3680/3456/1383 3679/3440/1383 3678/3441/1383 3677/3510/1383 3676/3511/1383 3675/3445/1383 3674/3450/1383 3673/3512/1383 3672/3513/1383 3671/3514/1383 3670/3515/1383 3669/3516/1383 3668/3449/1383
f 3615/3416/1482 3611/3416/1482 3724/3416/1482 3746/3487/1482
f 3655/3414/1529 3656/3456/1529 3680/3456/1529 3681/3414/1529
f 3604/3415/1509 3606/3201/1509 3835/3201/1509 3837/3517/1509 3838/3518/1509 3839/3519/1509 3840/3520/1509 3841/3521/1509 3842/3522/1509 3843/3523/1509 3844/3524/1509 3845/3525/1509 3879/3482/1509 3876/3481/1509 3848/3526/1509 3849/3527/1509 3850/3528/1509 3851/3529/1509 3852/3530/1509 3853/3531/1509 3854/3532/1509 3855/3533/1509 3856/3534/1509 3847/3415/1509
f 3611/3416/1482 3605/3416/1482 3701/3416/1482 3724/3487/1482
f 3789/3419/1530 3792/3419/1530 3791/3419/1530
f 3792/3419/1531 3793/3419/1531 3791/3419/1531
f 3793/3419/1532 3794/3419/1532 3791/3419/1532
f 3794/3419/1531 3795/3419/1531 3791/3419/1531
f 3795/3419/1532 3796/3419/1532 3791/3419/1532
f 3796/3419/1531 3797/3419/1531 3791/3419/1531
f 3797/3419/1509 3798/3419/1509 3791/3419/1509
f 3798/3419/1509 3799/3419/1509 3791/3419/1509
f 3799/3419/1509 3800/3419/1509 3791/3419/1509
f 3800/3419/1509 3790/3419/1509 3791/3419/1509
f 3801/3418/1509 3804/3418/1509 3803/3418/1509
f 3804/3418/1509 3805/3535/1509 3803/3418/1509
f 3805/3535/1509 3806/3418/1509 3803/3418/1509
f 3806/3418/1533 3807/3418/1533 3803/3418/1533
f 3807/3418/1534 3808/3418/1534 3803/3418/1534
f 3808/3418/1532 3809/3418/1532 3803/3418/1532
f 3809/3418/1531 3810/3418/1531 3803/3418/1531
f 3810/3418/1532 3811/3536/1532 3803/3418/1532
f 3811/3536/1531 3812/3536/1531 3803/3418/1531
f 3812/3536/1530 3802/3418/1530 3803/3418/1530
f 3868/3443/1535 3869/3443/1535 3692/3537/1535 3722/3471/1535
f 3722/3471/1536 3692/3537/1536 3693/3538/1536 3721/3496/1536
f 3721/3496/1537 3693/3538/1537 3694/3539/1537 3720/3469/1537
f 3720/3469/1538 3694/3539/1538 3695/3540/1538 3719/3497/1538
f 3719/3497/1539 3695/3540/1539 3696/3541/1539 3718/3185/1539
f 3718/3185/1540 3696/3541/1540 3697/3185/1540 3717/3185/1540
f 3717/3185/1541 3697/3185/1541 3698/3185/1541 3716/3185/1541
f 3716/3185/1542 3698/3185/1542 3699/3185/1542 3715/3185/1542
f 3715/3185/1543 3699/3185/1543 3700/3185/1543 3714/3185/1543
f 3714/3185/1544 3700/3185/1544 3691/3185/1544 3712/3185/1544
f 3724/3487/1545 3701/3416/1545 3703/3416/1545 3733/3416/1545
f 3733/3416/1546 3703/3416/1546 3704/3416/1546 3732/3416/1546
f 3732/3416/1547 3704/3416/1547 3705/3416/1547 3731/3416/1547
f 3731/3416/1548 3705/3416/1548 3706/3416/1548 3730/3416/1548
f 3730/3416/1549 3706/3416/1549 3707/3542/1549 3729/3416/1549
f 3729/3416/1550 3707/3542/1550 3708/3543/1550 3728/3493/1550
f 3728/3493/1551 3708/3543/1551 3709/3544/1551 3727/3545/1551
f 3727/3545/1552 3709/3544/1552 3710/3546/1552 3726/3473/1552
f 3726/3473/1553 3710/3546/1553 3711/3547/1553 3725/3548/1553
f 3725/3548/1554 3711/3547/1554 3870/3442/1554 3871/3442/1554
f 3712/3185/1555 3734/3185/1555 3736/3185/1555 3714/3185/1555
f 3714/3185/1556 3736/3185/1556 3737/3185/1556 3715/3185/1556
f 3715/3185/1542 3737/3185/1542 3738/3185/1542 3716/3185/1542
f 3716/3185/1541 3738/3185/1541 3739/3185/1541 3717/3185/1541
f 3717/3185/1540 3739/3185/1540 3740/3185/1540 3718/3185/1540
f 3718/3185/1539 3740/3185/1539 3741/3497/1539 3719/3497/1539
f 3719/3497/1538 3741/3497/1538 3742/3469/1538 3720/3469/1538
f 3720/3469/1537 3742/3469/1537 3743/3549/1537 3721/3496/1537
f 3721/3496/1536 3743/3549/1536 3744/3471/1536 3722/3471/1536
f 3722/3471/1535 3744/3471/1535 3872/3443/1535 3868/3443/1535
f 3746/3487/1545 3724/3416/1545 3733/3416/1545 3755/3416/1545
f 3755/3416/1557 3733/3416/1557 3732/3416/1557 3754/3416/1557
f 3754/3416/1547 3732/3416/1547 3731/3416/1547 3753/3416/1547
f 3753/3416/1548 3731/3416/1548 3730/3416/1548 3752/3416/1548
f 3752/3416/1549 3730/3416/1549 3729/3416/1549 3751/3416/1549
f 3751/3416/1550 3729/3416/1550 3728/3493/1550 3750/3550/1550
f 3750/3550/1558 3728/3493/1558 3727/3545/1558 3749/3494/1558
f 3749/3494/1552 3727/3545/1552 3726/3473/1552 3748/3551/1552
f 3748/3551/1553 3726/3473/1553 3725/3548/1553 3747/3472/1553
f 3747/3472/1554 3725/3548/1554 3871/3442/1554 3873/3442/1554
f 3874/3443/1535 3872/3443/1535 3744/3471/1535 3769/3471/1535
f 3769/3471/1536 3744/3471/1536 3743/3549/1536 3770/3496/1536
f 3770/3496/1537 3743/3549/1537 3742/3469/1537 3771/3469/1537
f 3771/3469/1538 3742/3469/1538 3741/3497/1538 3772/3497/1538
f 3772/3497/1539 3741/3497/1539 3740/3185/1539 3773/3498/1539
f 3773/3498/1540 3740/3185/1540 3739/3185/1540 3774/3499/1540
f 3774/3499/1541 3739/3185/1541 3738/3185/1541 3775/3500/1541
f 3775/3500/1542 3738/3185/1542 3737/3185/1542 3776/3501/1542
f 3776/3501/1556 3737/3185/1556 3736/3185/1556 3777/3502/1556
f 3777/3502/1544 3736/3185/1544 3734/3185/1544 3768/3185/1544
f 3756/3487/1545 3746/3416/1545 3755/3416/1545 3758/3488/1545
f 3758/3488/1557 3755/3416/1557 3754/3416/1557 3759/3489/1557
f 3759/3489/1547 3754/3416/1547 3753/3416/1547 3760/3490/1547
f 3760/3490/1548 3753/3416/1548 3752/3416/1548 3761/3491/1548
f 3761/3491/1549 3752/3416/1549 3751/3416/1549 3762/3492/1549
f 3762/3492/1550 3751/3416/1550 3750/3550/1550 3763/3493/1550
f 3763/3493/1558 3750/3550/1558 3749/3494/1558 3764/3494/1558
f 3764/3494/1552 3749/3494/1552 3748/3551/1552 3765/3495/1552
f 3765/3495/1553 3748/3551/1553 3747/3472/1553 3766/3472/1553
f 3766/3472/1554 3747/3472/1554 3873/3442/1554 3875/3442/1554
f 3778/3185/1559 3790/3419/1559 3800/3419/1559 3780/3185/1559
f 3780/3185/1560 3800/3419/1560 3799/3419/1560 3781/3185/1560
f 3781/3185/1561 3799/3419/1561 3798/3419/1561 3782/3185/1561
f 3782/3185/1562 3798/3419/1562 3797/3419/1562 3783/3185/1562
f 3783/3185/1563 3797/3419/1563 3796/3419/1563 3784/3552/1563
f 3784/3553/1564 3796/3462/1564 3795/3554/1564 3785/3555/1564
f 3785/3555/1565 3795/3554/1565 3794/3556/1565 3786/3557/1565
f 3786/3557/1566 3794/3556/1566 3793/3558/1566 3787/3559/1566
f 3787/3559/1567 3793/3558/1567 3792/3560/1567 3788/3561/1567
f 3788/3561/1568 3792/3560/1568 3789/3503/1568 3779/3443/1568
f 3801/3418/1569 3814/3416/1569 3823/3416/1569 3804/3418/1569
f 3804/3418/1570 3823/3416/1570 3822/3416/1570 3805/3535/1570
f 3805/3535/1571 3822/3416/1571 3821/3416/1571 3806/3418/1571
f 3806/3418/1572 3821/3416/1572 3820/3416/1572 3807/3418/1572
f 3807/3418/1573 3820/3416/1573 3819/3562/1573 3808/3418/1573
f 3808/3449/1574 3819/3563/1574 3818/3564/1574 3809/3565/1574
f 3809/3565/1575 3818/3564/1575 3817/3566/1575 3810/3567/1575
f 3810/3567/1576 3817/3566/1576 3816/3568/1576 3811/3569/1576
f 3811/3569/1577 3816/3568/1577 3815/3570/1577 3812/3571/1577
f 3812/3571/1578 3815/3570/1578 3813/3442/1578 3802/3504/1578
f 3857/3486/1579 3847/3415/1579 3856/3534/1579 3859/3572/1579
f 3859/3572/1580 3856/3534/1580 3855/3533/1580 3860/3573/1580
f 3860/3573/1581 3855/3533/1581 3854/3532/1581 3861/3574/1581
f 3861/3574/1582 3854/3532/1582 3853/3531/1582 3862/3575/1582
f 3862/3575/1583 3853/3531/1583 3852/3530/1583 3863/3576/1583
f 3863/3576/1584 3852/3530/1584 3851/3529/1584 3864/3577/1584
f 3864/3577/1585 3851/3529/1585 3850/3528/1585 3865/3578/1585
f 3865/3578/1586 3850/3528/1586 3849/3527/1586 3866/3579/1586
f 3866/3579/1587 3849/3527/1587 3848/3526/1587 3867/3580/1587
f 3867/3580/1588 3848/3526/1588 3876/3481/1588 3877/3484/1588
f 3835/3201/1589 3824/3485/1589 3826/3581/1589 3837/3517/1589
f 3837/3517/1590 3826/3581/1590 3827/3582/1590 3838/3518/1590
f 3838/3518/1591 3827/3582/1591 3828/3583/1591 3839/3519/1591
f 3839/3519/1592 3828/3583/1592 3829/3584/1592 3840/3520/1592
f 3840/3520/1593 3829/3584/1593 3830/3585/1593 3841/3521/1593
f 3841/3521/1594 3830/3585/1594 3831/3586/1594 3842/3522/1594
f 3842/3522/1595 3831/3586/1595 3832/3587/1595 3843/3523/1595
f 3843/3523/1596 3832/3587/1596 3833/3588/1596 3844/3524/1596
f 3844/3524/1597 3833/3588/1597 3834/3589/1597 3845/3525/1597
f 3845/3525/1598 3834/3589/1598 3878/3483/1598 3879/3482/1598
f 3869/3443/1535 3878/3483/1535 3834/3589/1535 3692/3537/1535
f 3692/3537/1599 3834/3589/1599 3833/3588/1599 3693/3538/1599
f 3693/3538/1600 3833/3588/1600 3832/3587/1600 3694/3539/1600
f 3694/3539/1538 3832/3587/1538 3831/3586/1538 3695/3540/1538
f 3695/3540/1539 3831/3586/1539 3830/3585/1539 3696/3541/1539
f 3696/3541/1540 3830/3585/1540 3829/3584/1540 3697/3185/1540
f 3697/3185/1541 3829/3584/1541 3828/3583/1541 3698/3185/1541
f 3698/3185/1542 3828/3583/1542 3827/3582/1542 3699/3185/1542
f 3699/3185/1543 3827/3582/1543 3826/3581/1543 3700/3185/1543
f 3700/3185/1544 3826/3581/1544 3824/3485/1544 3691/3185/1544
f 3701/3487/1545 3857/3486/1545 3859/3572/1545 3703/3416/1545
f 3703/3416/1546 3859/3572/1546 3860/3573/1546 3704/3416/1546
f 3704/3416/1547 3860/3573/1547 3861/3574/1547 3705/3416/1547
f 3705/3416/1548 3861/3574/1548 3862/3575/1548 3706/3416/1548
f 3706/3416/1549 3862/3575/1549 3863/3576/1549 3707/3542/1549
f 3707/3542/1550 3863/3576/1550 3864/3577/1550 3708/3543/1550
f 3708/3543/1558 3864/3577/1558 3865/3578/1558 3709/3544/1558
f 3709/3544/1601 3865/3578/1601 3866/3579/1601 3710/3546/1601
f 3710/3546/1602 3866/3579/1602 3867/3580/1602 3711/3547/1602
f 3711/3547/1554 3867/3580/1554 3877/3484/1554 3870/3442/1554
f 3825/3483/1383 3690/3443/1383 3702/3442/1383 3858/3484/1383
f 3713/3443/1383 3690/3443/1383 3869/3443/1383 3868/3443/1383
f 3702/3442/1383 3723/3442/1383 3871/3442/1383 3870/3442/1383
f 3735/3443/1383 3713/3443/1383 3868/3443/1383 3872/3443/1383
f 3723/3442/1383 3745/3442/1383 3873/3442/1383 3871/3442/1383
f 3767/3443/1383 3735/3443/1383 3872/3443/1383 3874/3443/1383
f 3745/3442/1383 3757/3442/1383 3875/3442/1383 3873/3442/1383
f 3846/3481/1383 3858/3484/1383 3877/3484/1383 3876/3481/1383
f 3825/3483/1383 3836/3482/1383 3879/3482/1383 3878/3483/1383
f 3690/3443/1383 3825/3483/1383 3878/3483/1383 3869/3443/1383
f 3858/3484/1383 3702/3442/1383 3870/3442/1383 3877/3484/1383
f 3757/3442/1383 3767/3443/1383 3874/3443/1383 3875/3442/1383
f 3836/3482/1383 3846/3481/1383 3876/3481/1383 3879/3482/1383
f 3924/3590/1482 3936/3591/1482 3891/3592/1482 3881/3593/1482
f 3946/3594/1383 3948/3595/1383 3949/3596/1383 3950/3597/1383 3951/3598/1383 3952/3599/1383 3953/3600/1383 3954/3601/1383 3955/3602/1383 3956/3603/1383 3947/3604/1383 3957/3605/1383 3959/3606/1383 3960/3607/1383 3961/3608/1383 3962/3609/1383 3963/3610/1383 3964/3611/1383 3965/3612/1383 3966/3613/1383 3967/3614/1383 3958/3615/1383 3935/3616/1383 3937/3617/1383 3938/3618/1383 3939/3619/1383 3940/3620/1383 3941/3621/1383 3942/3622/1383 3943/3623/1383 3944/3624/1383 3945/3625/1383 3936/3591/1383 3924/3590/1383 3926/3626/1383 3927/3627/1383 3928/3628/1383 3929/3629/1383 3930/3630/1383 3931/3631/1383 3932/3632/1383 3933/3633/1383 3934/3634/1383 3925/3635/1383
f 3958/3615/1488 3913/3636/1488 3892/3637/1488 3935/3616/1488
f 3880/3638/1350 3882/3639/1350 3883/3640/1350 3884/3641/1350 3885/3642/1350 3886/3643/1350 3887/3644/1350 3888/3645/1350 3889/3646/1350 3890/3647/1350 3881/3648/1350 3891/3649/1350 3893/3650/1350 3894/3651/1350 3895/3652/1350 3896/3653/1350 3897/3654/1350 3898/3655/1350 3899/3656/1350 3900/3657/1350 3901/3658/1350 3892/3659/1350 3913/3660/1350 3915/3661/1350 3916/3662/1350 3917/3663/1350 3918/3664/1350 3919/3665/1350 3920/3666/1350 3921/3667/1350 3922/3668/1350 3923/3669/1350 3914/3670/1350 3902/3671/1350 3904/3672/1350 3905/3673/1350 3906/3674/1350 3907/3675/1350 3908/3676/1350 3909/3677/1350 3910/3678/1350 3911/3679/1350 3912/3680/1350 3903/3681/1350
f 3902/3671/1480 3914/3670/1480 3957/3605/1480 3947/3604/1480
f 3946/3594/1603 3903/3682/1603 3912/3683/1603 3948/3684/1603
f 3948/3684/1604 3912/3683/1604 3911/3685/1604 3949/3686/1604
f 3949/3686/1605 3911/3685/1605 3910/3687/1605 3950/3688/1605
f 3950/3688/1606 3910/3687/1606 3909/3689/1606 3951/3690/1606
f 3951/3690/1607 3909/3689/1607 3908/3217/1607 3952/3201/1607
f 3952/3201/1608 3908/3412/1608 3907/3691/1608 3953/3692/1608
f 3953/3692/1609 3907/3691/1609 3906/3693/1609 3954/3694/1609
f 3954/3694/1610 3906/3693/1610 3905/3695/1610 3955/3696/1610
f 3955/3696/1611 3905/3695/1611 3904/3697/1611 3956/3698/1611
f 3956/3698/1612 3904/3697/1612 3902/3671/1612 3947/3604/1612
f 3913/3636/1613 3958/3615/1613 3967/3699/1613 3915/3700/1613
f 3915/3700/1614 3967/3699/1614 3966/3701/1614 3916/3702/1614
f 3916/3702/1615 3966/3701/1615 3965/3703/1615 3917/3704/1615
f 3917/3704/1616 3965/3703/1616 3964/3705/1616 3918/3706/1616
f 3918/3706/1617 3964/3705/1617 3963/3185/1617 3919/3169/1617
f 3919/3411/1618 3963/3185/1618 3962/3707/1618 3920/3708/1618
f 3920/3708/1619 3962/3707/1619 3961/3709/1619 3921/3710/1619
f 3921/3710/1620 3961/3709/1620 3960/3711/1620 3922/3712/1620
f 3922/3712/1621 3960/3711/1621 3959/3713/1621 3923/3714/1621
f 3923/3714/1622 3959/3713/1622 3957/3605/1622 3914/3670/1622
f 3880/3715/1623 3925/3635/1623 3934/3716/1623 3882/3717/1623
f 3882/3717/1624 3934/3716/1624 3933/3718/1624 3883/3719/1624
f 3883/3719/1625 3933/3718/1625 3932/3720/1625 3884/3721/1625
f 3884/3721/1626 3932/3720/1626 3931/3722/1626 3885/3723/1626
f 3885/3723/1627 3931/3722/1627 3930/3415/1627 3886/3417/1627
f 3886/3200/1628 3930/3415/1628 3929/3724/1628 3887/3725/1628
f 3887/3725/1629 3929/3724/1629 3928/3726/1629 3888/3727/1629
f 3888/3727/1630 3928/3726/1630 3927/3728/1630 3889/3729/1630
f 3889/3729/1631 3927/3728/1631 3926/3730/1631 3890/3731/1631
f 3890/3731/1632 3926/3730/1632 3924/3590/1632 3881/3593/1632
f 3935/3616/1633 3892/3637/1633 3901/3732/1633 3937/3733/1633
f 3937/3733/1634 3901/3732/1634 3900/3734/1634 3938/3735/1634
f 3938/3735/1635 3900/3734/1635 3899/3736/1635 3939/3737/1635
f 3939/3737/1636 3899/3736/1636 3898/3738/1636 3940/3739/1636
f 3940/3739/1637 3898/3738/1637 3897/3448/1637 3941/3416/1637
f 3941/3416/1638 3897/3184/1638 3896/3740/1638 3942/3741/1638
f 3942/3741/1639 3896/3740/1639 3895/3742/1639 3943/3743/1639
f 3943/3743/1640 3895/3742/1640 3894/3744/1640 3944/3745/1640
f 3944/3745/1641 3894/3744/1641 3893/3746/1641 3945/3747/1641
f 3945/3747/1642 3893/3746/1642 3891/3592/1642 3936/3591/1642
f 3903/3682/1483 3946/3594/1483 3925/3635/1483 3880/3715/1483
f 4012/3748/1350 4014/3749/1350 4015/3750/1350 4016/3751/1350 4017/3752/1350 4018/3753/1350 4019/3754/1350 4020/3755/1350 4021/3756/1350 4022/3757/1350 4013/3758/1350 4023/3759/1350 4025/3760/1350 4026/3761/1350 4027/3762/1350 4028/3763/1350 4029/3764/1350 4030/3765/1350 4031/3766/1350 4032/3767/1350 4033/3768/1350 4024/3769/1350 3979/3770/1350 3981/3771/1350 3982/3772/1350 3983/3773/1350 3984/3774/1350 3985/3775/1350 3986/3776/1350 3987/3777/1350 3988/3778/1350 3989/3779/1350 3980/3780/1350 3968/3781/1350 3970/3782/1350 3971/3783/1350 3972/3784/1350 3973/3785/1350 3974/3786/1350 3975/3787/1350 3976/3788/1350 3977/3789/1350 3978/3790/1350 3969/3791/1350
f 4034/3792/1482 4046/3793/1482 4023/3759/1482 4013/3758/1482
f 4045/3794/1488 4002/3795/1488 3979/3796/1488 4024/3797/1488
f 3968/3798/1480 3980/3799/1480 4001/3800/1480 3991/3801/1480
f 3990/3802/1383 3992/3803/1383 3993/3804/1383 3994/3805/1383 3995/3806/1383 3996/3807/1383 3997/3808/1383 3998/3809/1383 3999/3810/1383 4000/3811/1383 3991/3801/1383 4001/3800/1383 4003/3812/1383 4004/3813/1383 4005/3814/1383 4006/3815/1383 4007/3816/1383 4008/3817/1383 4009/3818/1383 4010/3819/1383 4011/3820/1383 4002/3821/1383 4045/3822/1383 4047/3823/1383 4048/3824/1383 4049/3825/1383 4050/3826/1383 4051/3827/1383 4052/3828/1383 4053/3829/1383 4054/3830/1383 4055/3831/1383 4046/3793/1383 4034/3792/1383 4036/3832/1383 4037/3833/1383 4038/3834/1383 4039/3835/1383 4040/3836/1383 4041/3837/1383 4042/3838/1383 4043/3839/1383 4044/3840/1383 4035/3841/1383
f 3990/3842/1643 3969/3843/1643 3978/3844/1643 3992/3845/1643
f 3992/3845/1644 3978/3844/1644 3977/3846/1644 3993/3847/1644
f 3993/3847/1645 3977/3846/1645 3976/3848/1645 3994/3849/1645
f 3994/3849/1646 3976/3848/1646 3975/3850/1646 3995/3851/1646
f 3995/3851/1647 3975/3850/1647 3974/3417/1647 3996/3217/1647
f 3996/3412/1648 3974/3409/1648 3973/3852/1648 3997/3853/1648
f 3997/3853/1649 3973/3852/1649 3972/3854/1649 3998/3855/1649
f 3998/3855/1650 3972/3854/1650 3971/3856/1650 3999/3857/1650
f 3999/3857/1651 3971/3856/1651 3970/3858/1651 4000/3859/1651
f 4000/3859/1652 3970/3858/1652 3968/3798/1652 3991/3801/1652
f 3979/3796/1653 4002/3795/1653 4011/3860/1653 3981/3861/1653
f 3981/3861/1654 4011/3860/1654 4010/3862/1654 3982/3863/1654
f 3982/3863/1655 4010/3862/1655 4009/3864/1655 3983/3865/1655
f 3983/3865/1656 4009/3864/1656 4008/3866/1656 3984/3867/1656
f 3984/3867/1657 4008/3866/1657 4007/3169/1657 3985/3448/1657
f 3985/3410/1658 4007/3411/1658 4006/3868/1658 3986/3869/1658
f 3986/3869/1659 4006/3868/1659 4005/3870/1659 3987/3871/1659
f 3987/3871/1660 4005/3870/1660 4004/3872/1660 3988/3873/1660
f 3988/3873/1661 4004/3872/1661 4003/3874/1661 3989/3875/1661
f 3989/3875/1662 4003/3874/1662 4001/3800/1662 3980/3799/1662
f 4012/3876/1663 4035/3877/1663 4044/3878/1663 4014/3879/1663
f 4014/3879/1664 4044/3878/1664 4043/3880/1664 4015/3881/1664
f 4015/3881/1665 4043/3880/1665 4042/3882/1665 4016/3883/1665
f 4016/3883/1666 4042/3882/1666 4041/3884/1666 4017/3885/1666
f 4017/3885/1667 4041/3884/1667 4040/3201/1667 4018/3415/1667
f 4018/3415/1668 4040/3201/1668 4039/3886/1668 4019/3887/1668
f 4019/3887/1669 4039/3886/1669 4038/3888/1669 4020/3889/1669
f 4020/3889/1670 4038/3888/1670 4037/3890/1670 4021/3891/1670
f 4021/3891/1671 4037/3890/1671 4036/3892/1671 4022/3893/1671
f 4022/3893/1672 4036/3892/1672 4034/3792/1672 4013/3758/1672
f 4045/3794/1673 4024/3797/1673 4033/3894/1673 4047/3895/1673
f 4047/3895/1674 4033/3894/1674 4032/3896/1674 4048/3897/1674
f 4048/3897/1675 4032/3896/1675 4031/3898/1675 4049/3899/1675
f 4049/3899/1676 4031/3898/1676 4030/3900/1676 4050/3901/1676
f 4050/3901/1677 4030/3900/1677 4029/3416/1677 4051/3185/1677
f 4051/3185/1678 4029/3416/1678 4028/3902/1678 4052/3903/1678
f 4052/3903/1679 4028/3902/1679 4027/3904/1679 4053/3905/1679
f 4053/3905/1680 4027/3904/1680 4026/3906/1680 4054/3907/1680
f 4054/3907/1681 4026/3906/1681 4025/3908/1681 4055/3909/1681
f 4055/3909/1682 4025/3908/1682 4023/3759/1682 4046/3793/1682
f 3990/3842/1483 4035/3877/1483 4012/3876/1483 3969/3843/1483
f 4057/3412/1350 4056/3409/1350 4061/3910/1350 4060/3911/1350 4064/3912/1350 4065/3913/1350
f 4059/3201/1480 4057/3412/1480 4065/3913/1480 4066/3914/1480
f 4067/3915/1383 4062/3916/1383 4063/3917/1383 4058/3415/1383 4059/3201/1383 4066/3914/1383
f 4061/3918/1482 4056/3200/1482 4058/3415/1482 4063/3917/1482
f 4057/3217/1483 4059/3201/1483 4058/3415/1483 4056/3417/1483
f 4064/3919/1488 4060/3920/1488 4062/3916/1488 4067/3915/1488
f 4060/3921/1683 4061/3922/1683 4063/3923/1683 4062/3924/1683
f 4064/3925/1684 4067/3924/1684 4066/3926/1684 4065/3927/1684
