# Blender 4.4.3
# www.blender.org
mtllib other.mtl
o XO1
v -0.092196 0.784491 0.519804
v -0.214260 1.211674 0.519804
v -0.092196 0.784491 0.167220
v -0.214260 1.211674 0.167220
v 0.201916 0.784491 0.519804
v 0.079852 1.211674 0.519804
v 0.201916 0.784491 0.167220
v 0.079852 1.211674 0.167220
v -0.195668 1.236275 0.497515
v -0.195668 1.236275 0.189509
v 0.061259 1.236275 0.189509
v 0.061259 1.236275 0.497515
v -0.214260 1.216801 0.519804
v -0.214260 1.216801 0.167220
v 0.079852 1.216801 0.167220
v 0.079852 1.216801 0.519804
v -0.195668 1.302096 0.497515
v -0.195668 1.302096 0.189509
v 0.061259 1.302096 0.189509
v 0.061259 1.302096 0.497515
v -0.195668 1.303149 0.497515
v -0.143667 1.378677 0.435176
v -0.195028 1.314965 0.496747
v -0.193123 1.326489 0.494463
v -0.190000 1.337438 0.490720
v -0.185737 1.347544 0.485609
v -0.180437 1.356556 0.479256
v -0.174232 1.364253 0.471818
v -0.167275 1.370445 0.463477
v -0.159736 1.374981 0.454440
v -0.151802 1.377748 0.444928
v -0.143667 1.378677 0.251847
v -0.195668 1.303149 0.189509
v -0.151802 1.377748 0.242096
v -0.159736 1.374981 0.232584
v -0.167275 1.370445 0.223546
v -0.174232 1.364253 0.215206
v -0.180437 1.356556 0.207767
v -0.185737 1.347544 0.201414
v -0.190000 1.337438 0.196303
v -0.193123 1.326489 0.192560
v -0.195028 1.314965 0.190276
v 0.009258 1.378677 0.251847
v 0.061259 1.303149 0.189509
v 0.017393 1.377748 0.242096
v 0.025327 1.374981 0.232584
v 0.032866 1.370445 0.223546
v 0.039823 1.364253 0.215206
v 0.046028 1.356556 0.207767
v 0.051328 1.347544 0.201414
v 0.055591 1.337438 0.196303
v 0.058714 1.326489 0.192560
v 0.060619 1.314965 0.190276
v 0.009258 1.378677 0.435176
v 0.061259 1.303149 0.497515
v 0.017393 1.377748 0.444928
v 0.025327 1.374981 0.454440
v 0.032866 1.370445 0.463477
v 0.039823 1.364253 0.471818
v 0.046028 1.356556 0.479256
v 0.051328 1.347544 0.485609
v 0.055591 1.337438 0.490720
v 0.058714 1.326489 0.494463
v 0.060619 1.314965 0.496747
v -0.219845 1.211674 0.519804
v -0.219845 1.211674 0.167220
v -0.219845 1.216801 0.519804
v -0.219845 1.216801 0.167220
v -0.214260 1.003513 0.519804
v -0.214260 1.003513 0.167220
v -0.219845 1.003513 0.519804
v -0.219845 1.003513 0.167220
v -0.214260 0.907450 0.519804
v -0.214260 0.907450 0.167220
v -0.219845 0.907450 0.519804
v -0.219845 0.907450 0.167220
v -0.084701 1.211674 0.519804
v -0.084701 1.211674 0.167220
v -0.084701 1.003513 0.519804
v -0.084701 1.003513 0.167220
v -0.095020 1.003513 0.519804
v -0.095020 1.003513 0.167220
v -0.095020 0.907450 0.519804
v -0.095020 0.907450 0.167220
v -0.003535 0.783563 -0.237590
v 0.051534 0.783563 -0.232168
v 0.104486 0.783563 -0.216110
v 0.153287 0.783563 -0.190034
v 0.196062 0.783563 -0.154941
v 0.231166 0.783563 -0.112180
v 0.257251 0.783563 -0.063395
v 0.273314 0.783563 -0.010460
v 0.278738 0.783563 0.044591
v 0.273314 0.783563 0.099642
v 0.257251 0.783563 0.152577
v 0.231166 0.783563 0.201362
v 0.196062 0.783563 0.244123
v 0.153287 0.788104 0.270957
v 0.104486 0.788104 0.297033
v 0.051534 0.788104 0.313091
v -0.003535 0.783563 0.326772
v -0.058604 0.783563 0.321350
v -0.111557 0.783563 0.305292
v -0.160358 0.783563 0.279216
v -0.203133 0.783563 0.244123
v -0.238237 0.783563 0.201362
v -0.264322 0.783563 0.152577
v -0.280385 0.783563 0.099642
v -0.285808 0.783563 0.044591
v -0.280385 0.783563 -0.010460
v -0.264322 0.783563 -0.063395
v -0.238237 0.783563 -0.112180
v -0.203133 0.783563 -0.154941
v -0.160358 0.783563 -0.190034
v -0.111557 0.783563 -0.216110
v -0.058604 0.783563 -0.232168
v -0.000120 0.778072 -0.266926
v 0.078078 0.778072 -0.258777
v 0.153271 0.778072 -0.234641
v 0.222570 0.778072 -0.195446
v 0.283310 0.778072 -0.142700
v 0.333159 0.778072 -0.078427
v 0.370200 0.778072 -0.005099
v 0.393009 0.778072 0.074466
v 0.400711 0.778072 0.157211
v 0.393009 0.778072 0.239956
v 0.370200 0.778072 0.319521
v 0.333159 0.778072 0.392849
v 0.283310 0.778072 0.457121
v 0.222570 0.778072 0.509868
v 0.153271 0.778072 0.549063
v 0.078078 0.778072 0.573199
v -0.000120 0.778072 0.581348
v -0.078318 0.778072 0.573199
v -0.153512 0.778072 0.549063
v -0.222810 0.778072 0.509868
v -0.283551 0.778072 0.457121
v -0.333399 0.778072 0.392849
v -0.370440 0.778072 0.319521
v -0.393249 0.778072 0.239956
v -0.400951 0.778072 0.157211
v -0.393249 0.778072 0.074466
v -0.370440 0.778072 -0.005099
v -0.333399 0.778072 -0.078427
v -0.283551 0.778072 -0.142700
v -0.222810 0.778072 -0.195446
v -0.153512 0.778072 -0.234641
v -0.078318 0.778072 -0.258777
v -0.000120 0.875239 -0.266926
v 0.078078 0.875239 -0.258777
v 0.153271 0.875239 -0.234641
v 0.222570 0.875239 -0.195446
v 0.283310 0.875239 -0.142700
v 0.333159 0.875239 -0.078427
v 0.370200 0.875239 -0.005099
v 0.393009 0.875239 0.074466
v 0.400711 0.875239 0.157211
v 0.393009 0.875239 0.239956
v 0.370200 0.875239 0.319521
v 0.333159 0.875239 0.392849
v 0.283310 0.875239 0.457121
v 0.222570 0.875239 0.509868
v 0.153271 0.875239 0.549063
v 0.078078 0.875239 0.573199
v -0.000120 0.875239 0.581348
v -0.078318 0.875239 0.573199
v -0.153512 0.875239 0.549063
v -0.222810 0.875239 0.509868
v -0.283551 0.875239 0.457121
v -0.333399 0.875239 0.392849
v -0.370440 0.875239 0.319521
v -0.393249 0.875239 0.239956
v -0.400951 0.875239 0.157211
v -0.393249 0.875239 0.074466
v -0.370440 0.875239 -0.005099
v -0.333399 0.875239 -0.078427
v -0.283551 0.875239 -0.142700
v -0.222810 0.875239 -0.195446
v -0.153512 0.875239 -0.234641
v -0.078318 0.875239 -0.258777
v 0.148185 1.312150 0.106939
v 0.128555 0.910332 0.119861
v 0.148185 1.312150 -0.092065
v 0.128555 0.910332 -0.104986
v 0.450491 1.312150 0.106939
v 0.470121 0.910332 0.119861
v 0.450491 1.312150 -0.092065
v 0.470121 0.910332 -0.104986
v 0.128555 1.224692 -0.104986
v 0.128555 1.312150 0.119861
v 0.470121 1.224692 -0.104986
v 0.470121 1.312150 0.119861
v 0.128555 1.312150 -0.104986
v 0.128555 1.312150 0.119861
v 0.470121 1.312150 -0.104986
v 0.470121 1.312150 0.119861
v 0.128555 1.312150 -0.104986
v 0.128555 1.312150 0.119861
v 0.470121 1.312150 -0.104986
v 0.470121 1.312150 0.119861
v 0.128555 1.312150 -0.104986
v 0.128555 1.312150 0.119861
v 0.470121 1.312150 -0.104986
v 0.470121 1.312150 0.119861
v 0.148185 1.312366 -0.092065
v 0.168504 1.324488 -0.078689
v 0.148311 1.314263 -0.091981
v 0.148689 1.316112 -0.091733
v 0.149308 1.317870 -0.091325
v 0.150153 1.319491 -0.090769
v 0.151203 1.320938 -0.090078
v 0.152432 1.322173 -0.089268
v 0.153811 1.323167 -0.088361
v 0.155305 1.323895 -0.087377
v 0.156877 1.324339 -0.086342
v 0.168504 1.324488 0.093563
v 0.148185 1.312366 0.106939
v 0.156877 1.324339 0.101217
v 0.155305 1.323895 0.102252
v 0.153811 1.323167 0.103236
v 0.152432 1.322173 0.104143
v 0.151203 1.320938 0.104953
v 0.150153 1.319491 0.105644
v 0.149308 1.317870 0.106200
v 0.148689 1.316112 0.106607
v 0.148311 1.314263 0.106856
v 0.450491 1.312366 -0.092065
v 0.430172 1.324488 -0.078689
v 0.450364 1.314263 -0.091981
v 0.449987 1.316112 -0.091733
v 0.449368 1.317870 -0.091325
v 0.448523 1.319491 -0.090769
v 0.447473 1.320938 -0.090078
v 0.446244 1.322173 -0.089268
v 0.444865 1.323167 -0.088361
v 0.443371 1.323895 -0.087377
v 0.441799 1.324339 -0.086342
v 0.450491 1.312366 0.106939
v 0.430172 1.324488 0.093563
v 0.450364 1.314263 0.106856
v 0.449987 1.316112 0.106607
v 0.449368 1.317870 0.106200
v 0.448523 1.319491 0.105644
v 0.447473 1.320938 0.104953
v 0.446244 1.322173 0.104143
v 0.444865 1.323167 0.103236
v 0.443371 1.323895 0.102252
v 0.441799 1.324339 0.101217
v 0.158489 1.324488 -0.085281
v 0.158489 1.324488 0.100156
v 0.440187 1.324488 -0.085281
v 0.440187 1.324488 0.100156
v 0.168504 1.333339 -0.078689
v 0.168504 1.333339 0.093563
v 0.430172 1.333339 -0.078689
v 0.430172 1.333339 0.093563
v 0.168504 1.361971 -0.078689
v 0.220668 1.423337 -0.044350
v 0.169146 1.371571 -0.078266
v 0.171057 1.380934 -0.077008
v 0.174190 1.389831 -0.074946
v 0.178467 1.398041 -0.072130
v 0.183783 1.405364 -0.068631
v 0.190007 1.411617 -0.064534
v 0.196986 1.416649 -0.059939
v 0.204549 1.420334 -0.054961
v 0.212508 1.422582 -0.049722
v 0.220668 1.423337 0.059225
v 0.168504 1.361971 0.093563
v 0.212508 1.422582 0.064596
v 0.204549 1.420334 0.069836
v 0.196986 1.416649 0.074814
v 0.190007 1.411617 0.079408
v 0.183783 1.405364 0.083506
v 0.178467 1.398041 0.087005
v 0.174190 1.389831 0.089821
v 0.171057 1.380934 0.091883
v 0.169146 1.371571 0.093141
v 0.430172 1.361971 -0.078689
v 0.378008 1.423337 -0.044350
v 0.429529 1.371571 -0.078266
v 0.427619 1.380934 -0.077008
v 0.424486 1.389831 -0.074946
v 0.420209 1.398041 -0.072130
v 0.414893 1.405364 -0.068631
v 0.408669 1.411617 -0.064534
v 0.401690 1.416649 -0.059939
v 0.394127 1.420334 -0.054961
v 0.386168 1.422582 -0.049722
v 0.430172 1.361971 0.093563
v 0.378008 1.423337 0.059225
v 0.429529 1.371571 0.093141
v 0.427619 1.380934 0.091883
v 0.424486 1.389831 0.089821
v 0.420209 1.398041 0.087005
v 0.414893 1.405364 0.083506
v 0.408669 1.411617 0.079408
v 0.401690 1.416649 0.074814
v 0.394127 1.420334 0.069836
v 0.386168 1.422582 0.064596
v 0.128555 0.910332 -0.158424
v 0.128555 1.224692 -0.158424
v 0.470121 1.224692 -0.158424
v 0.470121 0.910332 -0.158424
v 0.128555 0.910332 -0.210263
v 0.128555 1.088390 -0.210263
v 0.470121 1.088390 -0.210263
v 0.470121 0.910332 -0.210263
v 0.470121 1.224692 -0.155343
v 0.128555 1.224692 -0.155343
v 0.470121 1.312150 -0.155343
v 0.128555 1.312150 -0.155343
v 0.082526 0.873368 -0.326907
v 0.187661 0.873368 -0.317605
v 0.288756 0.873368 -0.290056
v 0.381926 0.873368 -0.245319
v 0.463590 0.873368 -0.185112
v 0.463590 0.873368 0.499534
v 0.381926 0.873368 0.559741
v 0.288756 0.873368 0.604478
v 0.187661 0.873368 0.632027
v 0.082526 0.873368 0.641330
v -0.022609 0.873368 0.632027
v -0.123704 0.873368 0.604478
v -0.216874 0.873368 0.559741
v -0.298538 0.873368 0.499534
v -0.365558 0.873368 0.426173
v -0.415358 0.873368 0.342475
v -0.446025 0.873368 0.251658
v -0.456380 0.873368 0.157211
v -0.446025 0.873368 0.062764
v -0.415358 0.873368 -0.028053
v -0.365558 0.873368 -0.111751
v -0.298538 0.873368 -0.185112
v -0.216874 0.873368 -0.245319
v -0.123704 0.873368 -0.290056
v -0.022609 0.873368 -0.317605
v 0.082526 0.915385 -0.326907
v 0.187661 0.915385 -0.317605
v 0.288756 0.915385 -0.290056
v 0.381926 0.915385 -0.245319
v 0.463590 0.915385 -0.185112
v 0.463590 0.915385 0.499534
v 0.381926 0.915385 0.559741
v 0.288756 0.915385 0.604478
v 0.187661 0.915385 0.632027
v 0.082526 0.915385 0.641330
v -0.022609 0.915385 0.632027
v -0.123704 0.915385 0.604478
v -0.216874 0.915385 0.559741
v -0.298538 0.915385 0.499534
v -0.365558 0.915385 0.426173
v -0.415358 0.915385 0.342475
v -0.446025 0.915385 0.251658
v -0.456380 0.915385 0.157211
v -0.446025 0.915385 0.062764
v -0.415358 0.915385 -0.028053
v -0.365558 0.915385 -0.111751
v -0.298538 0.915385 -0.185112
v -0.216874 0.915385 -0.245319
v -0.123704 0.915385 -0.290056
v -0.022609 0.915385 -0.317605
v 0.524084 0.873368 -0.118894
v 0.524084 0.915385 -0.118894
v 0.524084 0.873368 0.433316
v 0.524084 0.915385 0.433316
v 0.482047 1.185220 0.220476
v 0.482047 1.158412 0.223117
v 0.482047 1.132635 0.230936
v 0.482047 1.108878 0.243634
v 0.482047 1.088055 0.260723
v 0.482047 1.070966 0.281546
v 0.482047 1.058268 0.305303
v 0.482047 1.050448 0.331081
v 0.482047 1.047808 0.357888
v 0.482047 1.050448 0.384696
v 0.482047 1.058268 0.410474
v 0.482047 1.070966 0.434230
v 0.482047 1.088055 0.455053
v 0.482047 1.108878 0.472142
v 0.482047 1.132635 0.484840
v 0.482047 1.158412 0.492660
v 0.482047 1.185220 0.495300
v 0.482047 1.212028 0.492660
v 0.482047 1.237805 0.484840
v 0.482047 1.261562 0.472142
v 0.482047 1.282385 0.455053
v 0.482047 1.299474 0.434230
v 0.482047 1.312172 0.410474
v 0.482047 1.319992 0.384696
v 0.482047 1.322632 0.357888
v 0.482047 1.319992 0.331081
v 0.482047 1.312172 0.305303
v 0.482047 1.299474 0.281546
v 0.482047 1.282385 0.260723
v 0.482047 1.261562 0.243634
v 0.482047 1.237805 0.230936
v 0.482047 1.212028 0.223117
v 0.514951 1.163175 0.247058
v 0.514951 1.185220 0.244887
v 0.514951 1.122440 0.263931
v 0.514951 1.141976 0.253489
v 0.514951 1.091263 0.295108
v 0.514951 1.105316 0.277984
v 0.514951 1.074390 0.335843
v 0.514951 1.080820 0.314645
v 0.514951 1.074390 0.379934
v 0.514951 1.072219 0.357888
v 0.514951 1.091263 0.420668
v 0.514951 1.080820 0.401132
v 0.514951 1.122440 0.451845
v 0.514951 1.105316 0.437792
v 0.514951 1.163175 0.468718
v 0.514951 1.141976 0.462288
v 0.514951 1.207265 0.468718
v 0.514951 1.185220 0.470890
v 0.514951 1.248000 0.451845
v 0.514951 1.228464 0.462288
v 0.514951 1.279177 0.420668
v 0.514951 1.265124 0.437792
v 0.514951 1.296050 0.379934
v 0.514951 1.289620 0.401132
v 0.514951 1.296050 0.335843
v 0.514951 1.298221 0.357888
v 0.514951 1.279177 0.295108
v 0.514951 1.289620 0.314645
v 0.514951 1.248000 0.263931
v 0.514951 1.265124 0.277984
v 0.514951 1.207265 0.247058
v 0.514951 1.228464 0.253489
v 0.490856 1.160726 0.234750
v 0.454794 1.158412 0.223117
v 0.490412 1.160364 0.232930
v 0.489091 1.160011 0.231155
v 0.486926 1.159676 0.229469
v 0.483969 1.159366 0.227912
v 0.480294 1.159090 0.226524
v 0.475991 1.158854 0.225339
v 0.471166 1.158664 0.224385
v 0.465938 1.158525 0.223686
v 0.460435 1.158441 0.223260
v 0.454794 1.185220 0.220476
v 0.490856 1.185220 0.232338
v 0.460435 1.185220 0.220622
v 0.465938 1.185220 0.221057
v 0.471166 1.185220 0.221769
v 0.475991 1.185220 0.222742
v 0.480294 1.185220 0.223951
v 0.483969 1.185220 0.225366
v 0.486926 1.185220 0.226953
v 0.489091 1.185220 0.228672
v 0.490412 1.185220 0.230482
v 0.490856 1.137174 0.241895
v 0.454794 1.132635 0.230936
v 0.490412 1.136464 0.240181
v 0.489091 1.135771 0.238508
v 0.486926 1.135113 0.236920
v 0.483969 1.134506 0.235454
v 0.480294 1.133964 0.234146
v 0.475991 1.133502 0.233029
v 0.471166 1.133129 0.232131
v 0.465938 1.132857 0.231473
v 0.460435 1.132691 0.231071
v 0.490856 1.115468 0.253497
v 0.454794 1.108878 0.243634
v 0.490412 1.114437 0.251954
v 0.489091 1.113432 0.250449
v 0.486926 1.112476 0.249019
v 0.483969 1.111594 0.247700
v 0.480294 1.110808 0.246523
v 0.475991 1.110137 0.245518
v 0.471166 1.109596 0.244709
v 0.465938 1.109200 0.244117
v 0.460435 1.108959 0.243756
v 0.490856 1.096442 0.269111
v 0.454794 1.088055 0.260723
v 0.490412 1.095130 0.267799
v 0.489091 1.093851 0.266519
v 0.486926 1.092635 0.265303
v 0.483969 1.091512 0.264181
v 0.480294 1.090512 0.263180
v 0.475991 1.089657 0.262325
v 0.471166 1.088969 0.261638
v 0.465938 1.088466 0.261134
v 0.460435 1.088158 0.260827
v 0.490856 1.080829 0.288136
v 0.454794 1.070966 0.281546
v 0.490412 1.079286 0.287105
v 0.489091 1.077781 0.286100
v 0.486926 1.076351 0.285144
v 0.483969 1.075032 0.284263
v 0.480294 1.073855 0.283476
v 0.475991 1.072850 0.282805
v 0.471166 1.072041 0.282265
v 0.465938 1.071449 0.281869
v 0.460435 1.071088 0.281627
v 0.490856 1.069227 0.309842
v 0.454794 1.058268 0.305303
v 0.490412 1.067512 0.309132
v 0.489091 1.065840 0.308440
v 0.486926 1.064251 0.307781
v 0.483969 1.062785 0.307174
v 0.480294 1.061478 0.306633
v 0.475991 1.060361 0.306170
v 0.471166 1.059462 0.305798
v 0.465938 1.058804 0.305525
v 0.460435 1.058403 0.305359
v 0.490856 1.062082 0.333395
v 0.454794 1.050448 0.331081
v 0.490412 1.060262 0.333033
v 0.489091 1.058487 0.332680
v 0.486926 1.056800 0.332344
v 0.483969 1.055244 0.332034
v 0.480294 1.053856 0.331758
v 0.475991 1.052670 0.331523
v 0.471166 1.051716 0.331333
v 0.465938 1.051018 0.331194
v 0.460435 1.050592 0.331109
v 0.490856 1.059670 0.357888
v 0.454794 1.047808 0.357888
v 0.490412 1.057814 0.357888
v 0.489091 1.056004 0.357888
v 0.486926 1.054285 0.357888
v 0.483969 1.052698 0.357888
v 0.480294 1.051282 0.357888
v 0.475991 1.050073 0.357888
v 0.471166 1.049101 0.357888
v 0.465938 1.048389 0.357888
v 0.460435 1.047954 0.357888
v 0.490856 1.062082 0.382382
v 0.454794 1.050448 0.384696
v 0.490412 1.060262 0.382744
v 0.489091 1.058487 0.383097
v 0.486926 1.056800 0.383433
v 0.483969 1.055244 0.383742
v 0.480294 1.053856 0.384018
v 0.475991 1.052670 0.384254
v 0.471166 1.051716 0.384444
v 0.465938 1.051018 0.384583
v 0.460435 1.050592 0.384668
v 0.490856 1.069227 0.405934
v 0.454794 1.058268 0.410474
v 0.490412 1.067512 0.406644
v 0.489091 1.065840 0.407337
v 0.486926 1.064251 0.407995
v 0.483969 1.062785 0.408602
v 0.480294 1.061478 0.409144
v 0.475991 1.060361 0.409607
v 0.471166 1.059462 0.409979
v 0.465938 1.058804 0.410251
v 0.460435 1.058403 0.410418
v 0.490856 1.080829 0.427640
v 0.454794 1.070966 0.434230
v 0.490412 1.079286 0.428671
v 0.489091 1.077781 0.429677
v 0.486926 1.076351 0.430632
v 0.483969 1.075032 0.431514
v 0.480294 1.073855 0.432300
v 0.475991 1.072850 0.432972
v 0.471166 1.072041 0.433512
v 0.465938 1.071449 0.433908
v 0.460435 1.071088 0.434149
v 0.490856 1.096442 0.446666
v 0.454794 1.088055 0.455053
v 0.490412 1.095130 0.447978
v 0.489091 1.093851 0.449258
v 0.486926 1.092635 0.450474
v 0.483969 1.091512 0.451596
v 0.480294 1.090512 0.452597
v 0.475991 1.089657 0.453451
v 0.471166 1.088969 0.454139
v 0.465938 1.088466 0.454643
v 0.460435 1.088158 0.454950
v 0.490856 1.115468 0.462280
v 0.454794 1.108878 0.472142
v 0.490412 1.114437 0.463823
v 0.489091 1.113432 0.465327
v 0.486926 1.112476 0.466757
v 0.483969 1.111594 0.468077
v 0.480294 1.110808 0.469254
v 0.475991 1.110137 0.470259
v 0.471166 1.109596 0.471067
v 0.465938 1.109200 0.471660
v 0.460435 1.108959 0.472021
v 0.490856 1.137174 0.473882
v 0.454794 1.132635 0.484840
v 0.490412 1.136464 0.475596
v 0.489091 1.135771 0.477268
v 0.486926 1.135113 0.478857
v 0.483969 1.134506 0.480323
v 0.480294 1.133964 0.481631
v 0.475991 1.133502 0.482748
v 0.471166 1.133129 0.483646
v 0.465938 1.132857 0.484304
v 0.460435 1.132691 0.484706
v 0.490856 1.160726 0.481026
v 0.454794 1.158412 0.492660
v 0.490412 1.160364 0.482846
v 0.489091 1.160011 0.484621
v 0.486926 1.159676 0.486308
v 0.483969 1.159366 0.487864
v 0.480294 1.159090 0.489253
v 0.475991 1.158854 0.490438
v 0.471166 1.158664 0.491392
v 0.465938 1.158525 0.492091
v 0.460435 1.158441 0.492517
v 0.490856 1.185220 0.483439
v 0.454794 1.185220 0.495300
v 0.490412 1.185220 0.485294
v 0.489091 1.185220 0.487104
v 0.486926 1.185220 0.488824
v 0.483969 1.185220 0.490411
v 0.480294 1.185220 0.491826
v 0.475991 1.185220 0.493035
v 0.471166 1.185220 0.494007
v 0.465938 1.185220 0.494720
v 0.460435 1.185220 0.495154
v 0.490856 1.209714 0.481026
v 0.454794 1.212028 0.492660
v 0.490412 1.210076 0.482846
v 0.489091 1.210429 0.484621
v 0.486926 1.210764 0.486308
v 0.483969 1.211074 0.487864
v 0.480294 1.211350 0.489253
v 0.475991 1.211586 0.490438
v 0.471166 1.211776 0.491392
v 0.465938 1.211915 0.492091
v 0.460435 1.211999 0.492517
v 0.490856 1.233266 0.473882
v 0.454794 1.237805 0.484840
v 0.490412 1.233976 0.475596
v 0.489091 1.234669 0.477268
v 0.486926 1.235327 0.478857
v 0.483969 1.235934 0.480323
v 0.480294 1.236476 0.481631
v 0.475991 1.236938 0.482748
v 0.471166 1.237311 0.483646
v 0.465938 1.237583 0.484304
v 0.460435 1.237749 0.484706
v 0.490856 1.254972 0.462280
v 0.454794 1.261562 0.472142
v 0.490412 1.256003 0.463823
v 0.489091 1.257009 0.465327
v 0.486926 1.257964 0.466757
v 0.483969 1.258846 0.468077
v 0.480294 1.259632 0.469254
v 0.475991 1.260303 0.470259
v 0.471166 1.260844 0.471067
v 0.465938 1.261240 0.471660
v 0.460435 1.261481 0.472021
v 0.490856 1.273998 0.446666
v 0.454794 1.282385 0.455053
v 0.490412 1.275310 0.447978
v 0.489091 1.276589 0.449258
v 0.486926 1.277805 0.450474
v 0.483969 1.278928 0.451596
v 0.480294 1.279928 0.452597
v 0.475991 1.280783 0.453451
v 0.471166 1.281471 0.454139
v 0.465938 1.281974 0.454643
v 0.460435 1.282282 0.454950
v 0.490856 1.289611 0.427640
v 0.454794 1.299474 0.434230
v 0.490412 1.291154 0.428671
v 0.489091 1.292659 0.429677
v 0.486926 1.294089 0.430632
v 0.483969 1.295408 0.431514
v 0.480294 1.296585 0.432300
v 0.475991 1.297590 0.432972
v 0.471166 1.298399 0.433512
v 0.465938 1.298991 0.433908
v 0.460435 1.299353 0.434149
v 0.490856 1.301214 0.405934
v 0.454794 1.312172 0.410474
v 0.490412 1.302928 0.406644
v 0.489091 1.304600 0.407337
v 0.486926 1.306189 0.407995
v 0.483969 1.307655 0.408602
v 0.480294 1.308962 0.409144
v 0.475991 1.310079 0.409607
v 0.471166 1.310978 0.409979
v 0.465938 1.311636 0.410251
v 0.460435 1.312037 0.410418
v 0.490856 1.308358 0.382382
v 0.454794 1.319992 0.384696
v 0.490412 1.310178 0.382744
v 0.489091 1.311953 0.383097
v 0.486926 1.313640 0.383433
v 0.483969 1.315196 0.383742
v 0.480294 1.316584 0.384018
v 0.475991 1.317770 0.384254
v 0.471166 1.318724 0.384444
v 0.465938 1.319422 0.384583
v 0.460435 1.319848 0.384668
v 0.490856 1.310770 0.357888
v 0.454794 1.322632 0.357888
v 0.490412 1.312626 0.357888
v 0.489091 1.314436 0.357888
v 0.486926 1.316155 0.357888
v 0.483969 1.317742 0.357888
v 0.480294 1.319158 0.357888
v 0.475991 1.320367 0.357888
v 0.471166 1.321339 0.357888
v 0.465938 1.322052 0.357888
v 0.460435 1.322486 0.357888
v 0.490856 1.308358 0.333395
v 0.454794 1.319992 0.331081
v 0.490412 1.310178 0.333033
v 0.489091 1.311953 0.332680
v 0.486926 1.313640 0.332344
v 0.483969 1.315196 0.332034
v 0.480294 1.316584 0.331758
v 0.475991 1.317770 0.331523
v 0.471166 1.318724 0.331333
v 0.465938 1.319422 0.331194
v 0.460435 1.319848 0.331109
v 0.490856 1.301214 0.309842
v 0.454794 1.312172 0.305303
v 0.490412 1.302928 0.309132
v 0.489091 1.304600 0.308440
v 0.486926 1.306189 0.307781
v 0.483969 1.307655 0.307174
v 0.480294 1.308962 0.306633
v 0.475991 1.310079 0.306170
v 0.471166 1.310978 0.305798
v 0.465938 1.311636 0.305525
v 0.460435 1.312037 0.305359
v 0.490856 1.289611 0.288136
v 0.454794 1.299474 0.281546
v 0.490412 1.291154 0.287105
v 0.489091 1.292659 0.286100
v 0.486926 1.294089 0.285144
v 0.483969 1.295408 0.284263
v 0.480294 1.296585 0.283476
v 0.475991 1.297590 0.282805
v 0.471166 1.298399 0.282265
v 0.465938 1.298991 0.281869
v 0.460435 1.299353 0.281627
v 0.490856 1.273998 0.269111
v 0.454794 1.282385 0.260723
v 0.490412 1.275310 0.267799
v 0.489091 1.276589 0.266519
v 0.486926 1.277805 0.265303
v 0.483969 1.278928 0.264181
v 0.480294 1.279928 0.263180
v 0.475991 1.280783 0.262325
v 0.471166 1.281471 0.261638
v 0.465938 1.281974 0.261134
v 0.460435 1.282282 0.260827
v 0.490856 1.254972 0.253497
v 0.454794 1.261562 0.243634
v 0.490412 1.256003 0.251954
v 0.489091 1.257009 0.250449
v 0.486926 1.257964 0.249019
v 0.483969 1.258846 0.247700
v 0.480294 1.259632 0.246523
v 0.475991 1.260303 0.245518
v 0.471166 1.260844 0.244709
v 0.465938 1.261240 0.244117
v 0.460435 1.261481 0.243756
v 0.490856 1.233266 0.241895
v 0.454794 1.237805 0.230936
v 0.490412 1.233976 0.240181
v 0.489091 1.234669 0.238508
v 0.486926 1.235327 0.236920
v 0.483969 1.235934 0.235454
v 0.480294 1.236476 0.234146
v 0.475991 1.236938 0.233029
v 0.471166 1.237311 0.232131
v 0.465938 1.237583 0.231473
v 0.460435 1.237749 0.231071
v 0.490856 1.209714 0.234750
v 0.454794 1.212028 0.223117
v 0.490412 1.210076 0.232930
v 0.489091 1.210429 0.231155
v 0.486926 1.210764 0.229469
v 0.483969 1.211074 0.227912
v 0.480294 1.211350 0.226524
v 0.475991 1.211586 0.225339
v 0.471166 1.211776 0.224385
v 0.465938 1.211915 0.223686
v 0.460435 1.211999 0.223260
v 0.499899 1.207265 0.247058
v 0.461746 1.209714 0.234750
v 0.499429 1.207649 0.245133
v 0.498032 1.208022 0.243255
v 0.495740 1.208377 0.241471
v 0.492612 1.208704 0.239824
v 0.488724 1.208997 0.238355
v 0.484172 1.209246 0.237101
v 0.479067 1.209447 0.236092
v 0.473536 1.209594 0.235353
v 0.467715 1.209684 0.234902
v 0.461746 1.233266 0.241895
v 0.499899 1.228464 0.253489
v 0.467715 1.233207 0.242038
v 0.473536 1.233031 0.242462
v 0.479067 1.232743 0.243159
v 0.484172 1.232349 0.244109
v 0.488724 1.231859 0.245291
v 0.492612 1.231287 0.246674
v 0.495740 1.230644 0.248225
v 0.498032 1.229948 0.249906
v 0.499429 1.229215 0.251675
v 0.499899 1.248000 0.263931
v 0.461746 1.254972 0.253497
v 0.499429 1.249091 0.262299
v 0.498032 1.250155 0.260707
v 0.495740 1.251165 0.259194
v 0.492612 1.252098 0.257798
v 0.488724 1.252930 0.256553
v 0.484172 1.253641 0.255490
v 0.479067 1.254212 0.254634
v 0.473536 1.254631 0.254008
v 0.467715 1.254886 0.253625
v 0.499899 1.265124 0.277984
v 0.461746 1.273998 0.269111
v 0.499429 1.266512 0.276596
v 0.498032 1.267866 0.275242
v 0.495740 1.269153 0.273956
v 0.492612 1.270340 0.272769
v 0.488724 1.271399 0.271710
v 0.484172 1.272303 0.270805
v 0.479067 1.273030 0.270078
v 0.473536 1.273563 0.269545
v 0.467715 1.273888 0.269220
v 0.499899 1.279177 0.295108
v 0.461746 1.289611 0.288136
v 0.499429 1.280810 0.294018
v 0.498032 1.282402 0.292954
v 0.495740 1.283914 0.291943
v 0.492612 1.285310 0.291010
v 0.488724 1.286555 0.290178
v 0.484172 1.287619 0.289468
v 0.479067 1.288474 0.288896
v 0.473536 1.289101 0.288477
v 0.467715 1.289483 0.288222
v 0.499899 1.289620 0.314645
v 0.461746 1.301214 0.309842
v 0.499429 1.291433 0.313893
v 0.498032 1.293202 0.313161
v 0.495740 1.294883 0.312464
v 0.492612 1.296434 0.311822
v 0.488724 1.297818 0.311249
v 0.484172 1.298999 0.310759
v 0.479067 1.299950 0.310366
v 0.473536 1.300646 0.310077
v 0.467715 1.301071 0.309901
v 0.499899 1.296050 0.335843
v 0.461746 1.308358 0.333395
v 0.499429 1.297975 0.335460
v 0.498032 1.299853 0.335086
v 0.495740 1.301638 0.334731
v 0.492612 1.303285 0.334404
v 0.488724 1.304753 0.334112
v 0.484172 1.306007 0.333862
v 0.479067 1.307016 0.333661
v 0.473536 1.307756 0.333514
v 0.467715 1.308207 0.333425
v 0.499899 1.298221 0.357888
v 0.461746 1.310770 0.357888
v 0.499429 1.300184 0.357888
v 0.498032 1.302099 0.357888
v 0.495740 1.303918 0.357888
v 0.492612 1.305598 0.357888
v 0.488724 1.307095 0.357888
v 0.484172 1.308374 0.357888
v 0.479067 1.309403 0.357888
v 0.473536 1.310156 0.357888
v 0.467715 1.310616 0.357888
v 0.499899 1.296050 0.379934
v 0.461746 1.308358 0.382382
v 0.499429 1.297975 0.380317
v 0.498032 1.299853 0.380690
v 0.495740 1.301638 0.381045
v 0.492612 1.303285 0.381373
v 0.488724 1.304753 0.381665
v 0.484172 1.306007 0.381914
v 0.479067 1.307016 0.382115
v 0.473536 1.307756 0.382262
v 0.467715 1.308207 0.382352
v 0.499899 1.289620 0.401132
v 0.461746 1.301214 0.405934
v 0.499429 1.291433 0.401883
v 0.498032 1.293202 0.402616
v 0.495740 1.294883 0.403312
v 0.492612 1.296434 0.403955
v 0.488724 1.297818 0.404528
v 0.484172 1.298999 0.405017
v 0.479067 1.299950 0.405411
v 0.473536 1.300646 0.405699
v 0.467715 1.301071 0.405875
v 0.499899 1.279177 0.420668
v 0.461746 1.289611 0.427640
v 0.499429 1.280810 0.421759
v 0.498032 1.282402 0.422823
v 0.495740 1.283914 0.423834
v 0.492612 1.285310 0.424766
v 0.488724 1.286555 0.425598
v 0.484172 1.287619 0.426309
v 0.479067 1.288474 0.426880
v 0.473536 1.289101 0.427299
v 0.467715 1.289483 0.427555
v 0.499899 1.265124 0.437792
v 0.461746 1.273998 0.446666
v 0.499429 1.266512 0.439180
v 0.498032 1.267866 0.440534
v 0.495740 1.269153 0.441821
v 0.492612 1.270340 0.443008
v 0.488724 1.271399 0.444067
v 0.484172 1.272303 0.444971
v 0.479067 1.273030 0.445699
v 0.473536 1.273563 0.446232
v 0.467715 1.273888 0.446557
v 0.499899 1.248000 0.451845
v 0.461746 1.254972 0.462280
v 0.499429 1.249091 0.453478
v 0.498032 1.250155 0.455070
v 0.495740 1.251165 0.456583
v 0.492612 1.252098 0.457979
v 0.488724 1.252930 0.459224
v 0.484172 1.253641 0.460287
v 0.479067 1.254212 0.461142
v 0.473536 1.254631 0.461769
v 0.467715 1.254886 0.462151
v 0.499899 1.228464 0.462288
v 0.461746 1.233266 0.473882
v 0.499429 1.229215 0.464102
v 0.498032 1.229948 0.465871
v 0.495740 1.230644 0.467551
v 0.492612 1.231287 0.469103
v 0.488724 1.231859 0.470486
v 0.484172 1.232349 0.471668
v 0.479067 1.232743 0.472618
v 0.473536 1.233031 0.473314
v 0.467715 1.233207 0.473739
v 0.499899 1.207265 0.468718
v 0.461746 1.209714 0.481026
v 0.499429 1.207649 0.470644
v 0.498032 1.208022 0.472522
v 0.495740 1.208377 0.474306
v 0.492612 1.208704 0.475953
v 0.488724 1.208997 0.477421
v 0.484172 1.209246 0.478676
v 0.479067 1.209447 0.479685
v 0.473536 1.209594 0.480424
v 0.467715 1.209684 0.480875
v 0.499899 1.185220 0.470890
v 0.461746 1.185220 0.483439
v 0.499429 1.185220 0.472853
v 0.498032 1.185220 0.474768
v 0.495740 1.185220 0.476587
v 0.492612 1.185220 0.478266
v 0.488724 1.185220 0.479763
v 0.484172 1.185220 0.481042
v 0.479067 1.185220 0.482071
v 0.473536 1.185220 0.482825
v 0.467715 1.185220 0.483284
v 0.499899 1.163175 0.468718
v 0.461746 1.160726 0.481026
v 0.499429 1.162792 0.470644
v 0.498032 1.162418 0.472522
v 0.495740 1.162063 0.474306
v 0.492612 1.161736 0.475953
v 0.488724 1.161443 0.477421
v 0.484172 1.161194 0.478676
v 0.479067 1.160993 0.479685
v 0.473536 1.160846 0.480424
v 0.467715 1.160756 0.480875
v 0.461746 1.137174 0.473882
v 0.499899 1.141976 0.462288
v 0.467715 1.137233 0.473739
v 0.473536 1.137409 0.473314
v 0.479067 1.137697 0.472618
v 0.484172 1.138091 0.471668
v 0.488724 1.138581 0.470486
v 0.492612 1.139154 0.469103
v 0.495740 1.139796 0.467551
v 0.498032 1.140492 0.465871
v 0.499429 1.141225 0.464102
v 0.499899 1.122440 0.451845
v 0.461746 1.115468 0.462280
v 0.499429 1.121349 0.453478
v 0.498032 1.120285 0.455070
v 0.495740 1.119275 0.456583
v 0.492612 1.118342 0.457979
v 0.488724 1.117510 0.459224
v 0.484172 1.116799 0.460287
v 0.479067 1.116228 0.461142
v 0.473536 1.115809 0.461769
v 0.467715 1.115554 0.462151
v 0.461746 1.096442 0.446666
v 0.499899 1.105316 0.437792
v 0.467715 1.096552 0.446557
v 0.473536 1.096877 0.446232
v 0.479067 1.097410 0.445699
v 0.484172 1.098137 0.444971
v 0.488724 1.099041 0.444067
v 0.492612 1.100100 0.443008
v 0.495740 1.101287 0.441821
v 0.498032 1.102574 0.440534
v 0.499429 1.103928 0.439180
v 0.499899 1.091263 0.420668
v 0.461746 1.080829 0.427640
v 0.499429 1.089631 0.421759
v 0.498032 1.088038 0.422823
v 0.495740 1.086526 0.423834
v 0.492612 1.085130 0.424766
v 0.488724 1.083885 0.425598
v 0.484172 1.082821 0.426309
v 0.479067 1.081966 0.426880
v 0.473536 1.081339 0.427299
v 0.467715 1.080957 0.427555
v 0.499899 1.080820 0.401132
v 0.461746 1.069227 0.405934
v 0.499429 1.079007 0.401883
v 0.498032 1.077238 0.402616
v 0.495740 1.075557 0.403312
v 0.492612 1.074006 0.403955
v 0.488724 1.072622 0.404528
v 0.484172 1.071441 0.405017
v 0.479067 1.070490 0.405411
v 0.473536 1.069794 0.405699
v 0.467715 1.069369 0.405875
v 0.499899 1.074390 0.379934
v 0.461746 1.062082 0.382382
v 0.499429 1.072465 0.380317
v 0.498032 1.070587 0.380690
v 0.495740 1.068802 0.381045
v 0.492612 1.067156 0.381373
v 0.488724 1.065687 0.381665
v 0.484172 1.064433 0.381914
v 0.479067 1.063424 0.382115
v 0.473536 1.062684 0.382262
v 0.467715 1.062234 0.382352
v 0.499899 1.072219 0.357888
v 0.461746 1.059670 0.357888
v 0.499429 1.070256 0.357888
v 0.498032 1.068341 0.357888
v 0.495740 1.066522 0.357888
v 0.492612 1.064843 0.357888
v 0.488724 1.063345 0.357888
v 0.484172 1.062066 0.357888
v 0.479067 1.061037 0.357888
v 0.473536 1.060284 0.357888
v 0.467715 1.059824 0.357888
v 0.499899 1.074390 0.335843
v 0.461746 1.062082 0.333395
v 0.499429 1.072465 0.335460
v 0.498032 1.070587 0.335086
v 0.495740 1.068802 0.334731
v 0.492612 1.067156 0.334404
v 0.488724 1.065687 0.334112
v 0.484172 1.064433 0.333862
v 0.479067 1.063424 0.333661
v 0.473536 1.062684 0.333514
v 0.467715 1.062234 0.333425
v 0.499899 1.080820 0.314645
v 0.461746 1.069227 0.309842
v 0.499429 1.079007 0.313893
v 0.498032 1.077238 0.313161
v 0.495740 1.075557 0.312464
v 0.492612 1.074006 0.311822
v 0.488724 1.072622 0.311249
v 0.484172 1.071441 0.310759
v 0.479067 1.070490 0.310366
v 0.473536 1.069794 0.310077
v 0.467715 1.069369 0.309901
v 0.499899 1.091263 0.295108
v 0.461746 1.080829 0.288136
v 0.499429 1.089631 0.294018
v 0.498032 1.088038 0.292954
v 0.495740 1.086526 0.291943
v 0.492612 1.085130 0.291010
v 0.488724 1.083885 0.290178
v 0.484172 1.082821 0.289468
v 0.479067 1.081966 0.288896
v 0.473536 1.081339 0.288477
v 0.467715 1.080957 0.288222
v 0.499899 1.105316 0.277984
v 0.461746 1.096442 0.269111
v 0.499429 1.103928 0.276596
v 0.498032 1.102574 0.275242
v 0.495740 1.101287 0.273956
v 0.492612 1.100100 0.272769
v 0.488724 1.099041 0.271710
v 0.484172 1.098137 0.270805
v 0.479067 1.097410 0.270078
v 0.473536 1.096877 0.269545
v 0.467715 1.096552 0.269220
v 0.499899 1.122440 0.263931
v 0.461746 1.115468 0.253497
v 0.499429 1.121349 0.262299
v 0.498032 1.120285 0.260707
v 0.495740 1.119275 0.259194
v 0.492612 1.118342 0.257798
v 0.488724 1.117510 0.256553
v 0.484172 1.116799 0.255490
v 0.479067 1.116228 0.254634
v 0.473536 1.115809 0.254008
v 0.467715 1.115554 0.253625
v 0.461746 1.137174 0.241895
v 0.499899 1.141976 0.253489
v 0.467715 1.137233 0.242038
v 0.473536 1.137409 0.242462
v 0.479067 1.137697 0.243159
v 0.484172 1.138091 0.244109
v 0.488724 1.138581 0.245291
v 0.492612 1.139154 0.246674
v 0.495740 1.139796 0.248225
v 0.498032 1.140492 0.249906
v 0.499429 1.141225 0.251675
v 0.499899 1.163175 0.247058
v 0.461746 1.160726 0.234750
v 0.499429 1.162792 0.245133
v 0.498032 1.162418 0.243255
v 0.495740 1.162063 0.241471
v 0.492612 1.161736 0.239824
v 0.488724 1.161443 0.238355
v 0.484172 1.161194 0.237101
v 0.479067 1.160993 0.236092
v 0.473536 1.160846 0.235353
v 0.467715 1.160756 0.234902
v 0.499899 1.185220 0.244887
v 0.461746 1.185220 0.232338
v 0.499429 1.185220 0.242924
v 0.498032 1.185220 0.241009
v 0.495740 1.185220 0.239190
v 0.492612 1.185220 0.237511
v 0.488724 1.185220 0.236013
v 0.484172 1.185220 0.234735
v 0.479067 1.185220 0.233706
v 0.473536 1.185220 0.232952
v 0.467715 1.185220 0.232492
v 0.537966 1.228464 0.253489
v 0.550498 1.226886 0.257297
v 0.539926 1.228444 0.253536
v 0.541838 1.228387 0.253675
v 0.543655 1.228292 0.253904
v 0.545332 1.228163 0.254216
v 0.546827 1.228002 0.254604
v 0.548105 1.227813 0.255059
v 0.549132 1.227602 0.255568
v 0.549885 1.227374 0.256120
v 0.550344 1.227133 0.256701
v 0.550498 1.206461 0.251101
v 0.537966 1.207265 0.247058
v 0.550344 1.206587 0.250469
v 0.549885 1.206710 0.249852
v 0.549132 1.206826 0.249266
v 0.548105 1.206934 0.248725
v 0.546827 1.207030 0.248242
v 0.545332 1.207112 0.247830
v 0.543655 1.207178 0.247499
v 0.541838 1.207226 0.247256
v 0.539926 1.207256 0.247108
v 0.537966 1.248000 0.263931
v 0.550498 1.245710 0.267359
v 0.539926 1.247972 0.263973
v 0.541838 1.247888 0.264099
v 0.543655 1.247751 0.264305
v 0.545332 1.247563 0.264586
v 0.546827 1.247329 0.264935
v 0.548105 1.247056 0.265344
v 0.549132 1.246750 0.265803
v 0.549885 1.246418 0.266300
v 0.550344 1.246068 0.266822
v 0.537966 1.289620 0.314645
v 0.550498 1.285811 0.316222
v 0.539926 1.289573 0.314664
v 0.541838 1.289433 0.314722
v 0.543655 1.289205 0.314817
v 0.545332 1.288892 0.314946
v 0.546827 1.288504 0.315107
v 0.548105 1.288050 0.315295
v 0.549132 1.287540 0.315506
v 0.549885 1.286988 0.315735
v 0.550344 1.286407 0.315975
v 0.550498 1.275750 0.297398
v 0.537966 1.279177 0.295108
v 0.550344 1.276286 0.297040
v 0.549885 1.276809 0.296691
v 0.549132 1.277306 0.296359
v 0.548105 1.277764 0.296052
v 0.546827 1.278173 0.295779
v 0.545332 1.278523 0.295546
v 0.543655 1.278804 0.295358
v 0.541838 1.279009 0.295220
v 0.539926 1.279135 0.295136
v 0.537966 1.279177 0.420668
v 0.550498 1.275750 0.418378
v 0.539926 1.279135 0.420640
v 0.541838 1.279009 0.420556
v 0.543655 1.278804 0.420419
v 0.545332 1.278523 0.420231
v 0.546827 1.278173 0.419998
v 0.548105 1.277764 0.419724
v 0.549132 1.277306 0.419418
v 0.549885 1.276809 0.419086
v 0.550344 1.276286 0.418737
v 0.550498 1.285811 0.399555
v 0.537966 1.289620 0.401132
v 0.550344 1.286407 0.399801
v 0.549885 1.286988 0.400042
v 0.549132 1.287540 0.400271
v 0.548105 1.288050 0.400482
v 0.546827 1.288504 0.400670
v 0.545332 1.288892 0.400831
v 0.543655 1.289205 0.400960
v 0.541838 1.289433 0.401055
v 0.539926 1.289573 0.401113
v 0.537966 1.074390 0.335843
v 0.550498 1.078433 0.336647
v 0.539926 1.074440 0.335853
v 0.541838 1.074588 0.335882
v 0.543655 1.074831 0.335930
v 0.545332 1.075162 0.335996
v 0.546827 1.075574 0.336078
v 0.548105 1.076057 0.336174
v 0.549132 1.076598 0.336282
v 0.549885 1.077184 0.336399
v 0.550344 1.077801 0.336521
v 0.550498 1.076341 0.357888
v 0.537966 1.072219 0.357888
v 0.550344 1.075696 0.357888
v 0.549885 1.075067 0.357888
v 0.549132 1.074470 0.357888
v 0.548105 1.073918 0.357888
v 0.546827 1.073426 0.357888
v 0.545332 1.073006 0.357888
v 0.543655 1.072668 0.357888
v 0.541838 1.072420 0.357888
v 0.539926 1.072269 0.357888
v 0.537966 1.080820 0.314645
v 0.550498 1.084629 0.316222
v 0.539926 1.080867 0.314664
v 0.541838 1.081007 0.314722
v 0.543655 1.081236 0.314817
v 0.545332 1.081548 0.314946
v 0.546827 1.081936 0.315107
v 0.548105 1.082390 0.315295
v 0.549132 1.082900 0.315506
v 0.549885 1.083452 0.315735
v 0.550344 1.084033 0.315975
v 0.537966 1.074390 0.379934
v 0.550498 1.078433 0.379130
v 0.539926 1.074440 0.379924
v 0.541838 1.074588 0.379894
v 0.543655 1.074831 0.379846
v 0.545332 1.075162 0.379780
v 0.546827 1.075574 0.379698
v 0.548105 1.076057 0.379602
v 0.549132 1.076598 0.379495
v 0.549885 1.077184 0.379378
v 0.550344 1.077801 0.379255
v 0.550498 1.084629 0.399555
v 0.537966 1.080820 0.401132
v 0.550344 1.084033 0.399801
v 0.549885 1.083452 0.400042
v 0.549132 1.082900 0.400271
v 0.548105 1.082390 0.400482
v 0.546827 1.081936 0.400670
v 0.545332 1.081548 0.400831
v 0.543655 1.081236 0.400960
v 0.541838 1.081007 0.401055
v 0.539926 1.080867 0.401113
v 0.537966 1.141976 0.462288
v 0.550498 1.143554 0.458479
v 0.539926 1.141996 0.462241
v 0.541838 1.142053 0.462102
v 0.543655 1.142148 0.461873
v 0.545332 1.142278 0.461561
v 0.546827 1.142438 0.461172
v 0.548105 1.142627 0.460718
v 0.549132 1.142838 0.460208
v 0.549885 1.143066 0.459656
v 0.550344 1.143307 0.459075
v 0.550498 1.163979 0.464675
v 0.537966 1.163175 0.468718
v 0.550344 1.163853 0.465308
v 0.549885 1.163730 0.465925
v 0.549132 1.163614 0.466511
v 0.548105 1.163506 0.467052
v 0.546827 1.163410 0.467534
v 0.545332 1.163328 0.467946
v 0.543655 1.163262 0.468278
v 0.541838 1.163214 0.468520
v 0.539926 1.163184 0.468669
v 0.537966 1.091263 0.420668
v 0.550498 1.094690 0.418378
v 0.539926 1.091305 0.420640
v 0.541838 1.091431 0.420556
v 0.543655 1.091636 0.420419
v 0.545332 1.091918 0.420231
v 0.546827 1.092267 0.419998
v 0.548105 1.092676 0.419724
v 0.549132 1.093134 0.419418
v 0.549885 1.093631 0.419086
v 0.550344 1.094154 0.418737
v 0.550498 1.108231 0.434877
v 0.537966 1.105316 0.437792
v 0.550344 1.107775 0.435333
v 0.549885 1.107330 0.435778
v 0.549132 1.106908 0.436201
v 0.548105 1.106518 0.436591
v 0.546827 1.106170 0.436939
v 0.545332 1.105873 0.437236
v 0.543655 1.105634 0.437475
v 0.541838 1.105459 0.437650
v 0.539926 1.105352 0.437756
v 0.537966 1.296050 0.335843
v 0.550498 1.292007 0.336647
v 0.539926 1.296000 0.335853
v 0.541838 1.295852 0.335882
v 0.543655 1.295609 0.335930
v 0.545332 1.295278 0.335996
v 0.546827 1.294866 0.336078
v 0.548105 1.294384 0.336174
v 0.549132 1.293843 0.336282
v 0.549885 1.293256 0.336399
v 0.550344 1.292639 0.336521
v 0.550498 1.262209 0.280899
v 0.537966 1.265124 0.277984
v 0.550344 1.262665 0.280443
v 0.549885 1.263110 0.279998
v 0.549132 1.263533 0.279576
v 0.548105 1.263922 0.279186
v 0.546827 1.264270 0.278838
v 0.545332 1.264567 0.278541
v 0.543655 1.264806 0.278302
v 0.541838 1.264981 0.278127
v 0.539926 1.265088 0.278020
v 0.537966 1.122440 0.451845
v 0.550498 1.124730 0.448418
v 0.539926 1.122468 0.451803
v 0.541838 1.122552 0.451678
v 0.543655 1.122689 0.451472
v 0.545332 1.122877 0.451191
v 0.546827 1.123111 0.450842
v 0.548105 1.123384 0.450433
v 0.549132 1.123690 0.449974
v 0.549885 1.124022 0.449477
v 0.550344 1.124372 0.448954
v 0.537966 1.122440 0.263931
v 0.550498 1.124730 0.267359
v 0.539926 1.122468 0.263973
v 0.541838 1.122552 0.264099
v 0.543655 1.122689 0.264305
v 0.545332 1.122877 0.264586
v 0.546827 1.123111 0.264935
v 0.548105 1.123384 0.265344
v 0.549132 1.123690 0.265803
v 0.549885 1.124022 0.266300
v 0.550344 1.124372 0.266822
v 0.550498 1.108231 0.280899
v 0.537966 1.105316 0.277984
v 0.550344 1.107775 0.280443
v 0.549885 1.107330 0.279998
v 0.549132 1.106908 0.279576
v 0.548105 1.106518 0.279186
v 0.546827 1.106170 0.278838
v 0.545332 1.105873 0.278541
v 0.543655 1.105634 0.278302
v 0.541838 1.105459 0.278127
v 0.539926 1.105352 0.278020
v 0.537966 1.141976 0.253489
v 0.550498 1.143554 0.257297
v 0.539926 1.141996 0.253536
v 0.541838 1.142053 0.253675
v 0.543655 1.142148 0.253904
v 0.545332 1.142278 0.254216
v 0.546827 1.142438 0.254604
v 0.548105 1.142627 0.255059
v 0.549132 1.142838 0.255568
v 0.549885 1.143066 0.256120
v 0.550344 1.143307 0.256701
v 0.537966 1.228464 0.462288
v 0.550498 1.226886 0.458479
v 0.539926 1.228444 0.462241
v 0.541838 1.228387 0.462102
v 0.543655 1.228292 0.461873
v 0.545332 1.228163 0.461561
v 0.546827 1.228002 0.461172
v 0.548105 1.227813 0.460718
v 0.549132 1.227602 0.460208
v 0.549885 1.227374 0.459656
v 0.550344 1.227133 0.459075
v 0.550498 1.245710 0.448418
v 0.537966 1.248000 0.451845
v 0.550344 1.246068 0.448954
v 0.549885 1.246418 0.449477
v 0.549132 1.246750 0.449974
v 0.548105 1.247056 0.450433
v 0.546827 1.247329 0.450842
v 0.545332 1.247563 0.451191
v 0.543655 1.247751 0.451472
v 0.541838 1.247888 0.451678
v 0.539926 1.247972 0.451803
v 0.537966 1.185220 0.470890
v 0.550498 1.185220 0.466767
v 0.539926 1.185220 0.470839
v 0.541838 1.185220 0.470688
v 0.543655 1.185220 0.470440
v 0.545332 1.185220 0.470102
v 0.546827 1.185220 0.469682
v 0.548105 1.185220 0.469190
v 0.549132 1.185220 0.468639
v 0.549885 1.185220 0.468041
v 0.550344 1.185220 0.467412
v 0.550498 1.206461 0.464675
v 0.537966 1.207265 0.468718
v 0.550344 1.206587 0.465308
v 0.549885 1.206710 0.465925
v 0.549132 1.206826 0.466511
v 0.548105 1.206934 0.467052
v 0.546827 1.207030 0.467534
v 0.545332 1.207112 0.467946
v 0.543655 1.207178 0.468278
v 0.541838 1.207226 0.468520
v 0.539926 1.207256 0.468669
v 0.537966 1.185220 0.244887
v 0.550498 1.185220 0.249009
v 0.539926 1.185220 0.244938
v 0.541838 1.185220 0.245089
v 0.543655 1.185220 0.245336
v 0.545332 1.185220 0.245674
v 0.546827 1.185220 0.246094
v 0.548105 1.185220 0.246586
v 0.549132 1.185220 0.247138
v 0.549885 1.185220 0.247735
v 0.550344 1.185220 0.248364
v 0.550498 1.163979 0.251101
v 0.537966 1.163175 0.247058
v 0.550344 1.163853 0.250469
v 0.549885 1.163730 0.249852
v 0.549132 1.163614 0.249266
v 0.548105 1.163506 0.248725
v 0.546827 1.163410 0.248242
v 0.545332 1.163328 0.247830
v 0.543655 1.163262 0.247499
v 0.541838 1.163214 0.247256
v 0.539926 1.163184 0.247108
v 0.550498 1.292007 0.379130
v 0.537966 1.296050 0.379934
v 0.550344 1.292639 0.379255
v 0.549885 1.293256 0.379378
v 0.549132 1.293843 0.379495
v 0.548105 1.294384 0.379602
v 0.546827 1.294866 0.379698
v 0.545332 1.295278 0.379780
v 0.543655 1.295609 0.379846
v 0.541838 1.295852 0.379894
v 0.539926 1.296000 0.379924
v 0.537966 1.298221 0.357888
v 0.550498 1.294099 0.357888
v 0.539926 1.298171 0.357888
v 0.541838 1.298020 0.357888
v 0.543655 1.297772 0.357888
v 0.545332 1.297434 0.357888
v 0.546827 1.297014 0.357888
v 0.548105 1.296522 0.357888
v 0.549132 1.295971 0.357888
v 0.549885 1.295373 0.357888
v 0.550344 1.294744 0.357888
v 0.550498 1.094690 0.297398
v 0.537966 1.091263 0.295108
v 0.550344 1.094154 0.297040
v 0.549885 1.093631 0.296691
v 0.549132 1.093134 0.296359
v 0.548105 1.092676 0.296052
v 0.546827 1.092267 0.295779
v 0.545332 1.091918 0.295546
v 0.543655 1.091636 0.295358
v 0.541838 1.091431 0.295220
v 0.539926 1.091305 0.295136
v 0.550498 1.262209 0.434877
v 0.537966 1.265124 0.437792
v 0.550344 1.262665 0.435333
v 0.549885 1.263110 0.435778
v 0.549132 1.263533 0.436201
v 0.548105 1.263922 0.436591
v 0.546827 1.264270 0.436939
v 0.545332 1.264567 0.437236
v 0.543655 1.264806 0.437475
v 0.541838 1.264981 0.437650
v 0.539926 1.265088 0.437756
v -0.261408 1.185220 0.220476
v -0.261408 1.158412 0.223117
v -0.261408 1.132635 0.230936
v -0.261408 1.108878 0.243634
v -0.261408 1.088055 0.260723
v -0.261408 1.070966 0.281546
v -0.261408 1.058268 0.305303
v -0.261408 1.050448 0.331081
v -0.261408 1.047808 0.357888
v -0.261408 1.050448 0.384696
v -0.261408 1.058268 0.410474
v -0.261408 1.070966 0.434230
v -0.261408 1.088055 0.455053
v -0.261408 1.108878 0.472142
v -0.261408 1.132635 0.484840
v -0.261408 1.158412 0.492660
v -0.261408 1.185220 0.495300
v -0.261408 1.212028 0.492660
v -0.261408 1.237805 0.484840
v -0.261408 1.261562 0.472142
v -0.261408 1.282385 0.455053
v -0.261408 1.299474 0.434230
v -0.261408 1.312172 0.410474
v -0.261408 1.319992 0.384696
v -0.261408 1.322632 0.357888
v -0.261408 1.319992 0.331081
v -0.261408 1.312172 0.305303
v -0.261408 1.299474 0.281546
v -0.261408 1.282385 0.260723
v -0.261408 1.261562 0.243634
v -0.261408 1.237805 0.230936
v -0.261408 1.212028 0.223117
vn 0.9615 0.2747 -0.0000
vn -0.0000 -0.0000 1.0000
vn -0.9615 -0.2747 -0.0000
vn -0.0000 -0.0000 -1.0000
vn -0.0000 1.0000 -0.0000
vn -1.0000 -0.0000 -0.0000
vn 0.7233 -0.6905 -0.0000
vn -0.0000 -0.7531 0.6580
vn -0.7233 -0.6905 -0.0000
vn -0.0000 -0.7531 -0.6580
vn 1.0000 -0.0000 -0.0000
vn -0.0000 -1.0000 -0.0000
vn 0.1136 -0.9935 -0.0000
vn 0.3293 -0.9442 -0.0000
vn 0.5155 -0.8569 -0.0000
vn 0.6649 -0.7470 -0.0000
vn 0.7785 -0.6276 -0.0000
vn 0.8620 -0.5069 -0.0000
vn 0.9214 -0.3887 -0.0000
vn 0.9617 -0.2742 -0.0000
vn 0.9866 -0.1631 -0.0000
vn 0.9985 -0.0541 -0.0000
vn -0.0000 -0.9955 0.0949
vn -0.0000 -0.9602 0.2793
vn -0.0000 -0.8938 0.4485
vn -0.0000 -0.8029 0.5961
vn -0.0000 -0.6949 0.7191
vn -0.0000 -0.5762 0.8173
vn -0.0000 -0.4513 0.8924
vn -0.0000 -0.3235 0.9462
vn -0.0000 -0.1944 0.9809
vn -0.0000 -0.0648 0.9979
vn -0.1136 -0.9935 -0.0000
vn -0.3293 -0.9442 -0.0000
vn -0.5155 -0.8569 -0.0000
vn -0.6649 -0.7470 -0.0000
vn -0.7785 -0.6276 -0.0000
vn -0.8620 -0.5069 -0.0000
vn -0.9214 -0.3887 -0.0000
vn -0.9617 -0.2742 -0.0000
vn -0.9866 -0.1631 -0.0000
vn -0.9985 -0.0541 -0.0000
vn -0.0000 -0.9955 -0.0949
vn -0.0000 -0.9602 -0.2793
vn -0.0000 -0.8938 -0.4485
vn -0.0000 -0.8029 -0.5961
vn -0.0000 -0.6949 -0.7191
vn -0.0000 -0.5762 -0.8173
vn -0.0000 -0.4513 -0.8924
vn -0.0000 -0.3235 -0.9462
vn -0.0000 -0.1944 -0.9809
vn -0.0000 -0.0648 -0.9979
vn -0.0011 1.0000 -0.0028
vn -0.1037 -0.0000 0.9946
vn -0.3056 -0.0000 0.9522
vn -0.4923 -0.0000 0.8704
vn -0.6557 -0.0000 0.7550
vn -0.7902 -0.0000 0.6129
vn -0.8926 -0.0000 0.4509
vn -0.9613 -0.0000 0.2756
vn -0.9957 -0.0000 0.0927
vn -0.9957 -0.0000 -0.0927
vn -0.9613 -0.0000 -0.2756
vn -0.8926 -0.0000 -0.4509
vn -0.7902 -0.0000 -0.6129
vn -0.6557 -0.0000 -0.7550
vn -0.4923 -0.0000 -0.8704
vn -0.3056 -0.0000 -0.9522
vn -0.1037 -0.0000 -0.9946
vn 0.1037 -0.0000 -0.9946
vn 0.3056 -0.0000 -0.9522
vn 0.4923 -0.0000 -0.8704
vn 0.6557 -0.0000 -0.7550
vn 0.7902 -0.0000 -0.6129
vn 0.8926 -0.0000 -0.4509
vn 0.9613 -0.0000 -0.2756
vn 0.9957 -0.0000 -0.0927
vn 0.9957 -0.0000 0.0927
vn 0.9613 -0.0000 0.2756
vn 0.8926 -0.0000 0.4509
vn 0.7902 -0.0000 0.6129
vn 0.6557 -0.0000 0.7550
vn 0.4923 -0.0000 0.8704
vn 0.3056 -0.0000 0.9522
vn 0.1037 -0.0000 0.9946
vn 0.0922 -0.9957 -0.0000
vn 0.2718 -0.9624 -0.0000
vn 0.4381 -0.8989 -0.0000
vn 0.5848 -0.8112 -0.0000
vn 0.7088 -0.7054 -0.0000
vn 0.8092 -0.5875 -0.0000
vn 0.8869 -0.4620 -0.0000
vn 0.9432 -0.3321 -0.0000
vn 0.9798 -0.2000 -0.0000
vn 0.9978 -0.0668 -0.0000
vn -0.0000 -0.9903 0.1392
vn -0.0000 -0.9190 0.3943
vn -0.0000 -0.8037 0.5950
vn -0.0000 -0.6743 0.7385
vn -0.0000 -0.5480 0.8364
vn -0.0000 -0.4312 0.9023
vn -0.0000 -0.3244 0.9459
vn -0.0000 -0.2258 0.9742
vn -0.0000 -0.1331 0.9911
vn -0.0000 -0.0440 0.9990
vn -0.0922 -0.9957 -0.0000
vn -0.2718 -0.9624 -0.0000
vn -0.4381 -0.8989 -0.0000
vn -0.5848 -0.8112 -0.0000
vn -0.7088 -0.7054 -0.0000
vn -0.8092 -0.5875 -0.0000
vn -0.8869 -0.4620 -0.0000
vn -0.9432 -0.3321 -0.0000
vn -0.9798 -0.2000 -0.0000
vn -0.9978 -0.0667 -0.0000
vn -0.0000 -0.9903 -0.1392
vn -0.0000 -0.9190 -0.3943
vn -0.0000 -0.8037 -0.5950
vn -0.0000 -0.6743 -0.7385
vn -0.0000 -0.5480 -0.8365
vn -0.0000 -0.4312 -0.9023
vn -0.0000 -0.3244 -0.9459
vn -0.0000 -0.2258 -0.9742
vn -0.0000 -0.1331 -0.9911
vn -0.0000 -0.0440 -0.9990
vn 0.4380 -0.8990 -0.0000
vn -0.0000 -0.9903 0.1393
vn -0.0000 -0.8038 0.5950
vn -0.0000 -0.6743 0.7384
vn -0.0000 -0.5480 0.8365
vn -0.4380 -0.8990 -0.0000
vn -0.9978 -0.0668 -0.0000
vn -0.0000 -0.9903 -0.1393
vn -0.0000 -0.6743 -0.7384
vn -0.0000 -0.3555 0.9347
vn -0.0881 -0.0000 0.9961
vn -0.2629 -0.0000 0.9648
vn -0.4329 -0.0000 0.9015
vn -0.5934 -0.0000 0.8049
vn -0.7383 -0.0000 0.6745
vn -0.7383 -0.0000 -0.6745
vn -0.5934 -0.0000 -0.8049
vn -0.4329 -0.0000 -0.9015
vn -0.2629 -0.0000 -0.9648
vn -0.0881 -0.0000 -0.9961
vn 0.0881 -0.0000 -0.9961
vn 0.2629 -0.0000 -0.9648
vn 0.4329 -0.0000 -0.9015
vn 0.5934 -0.0000 -0.8049
vn 0.7383 -0.0000 -0.6745
vn 0.8594 -0.0000 -0.5113
vn 0.9474 -0.0000 -0.3199
vn 0.9940 -0.0000 -0.1090
vn 0.9940 -0.0000 0.1090
vn 0.9474 -0.0000 0.3199
vn 0.8594 -0.0000 0.5113
vn 0.7383 -0.0000 0.6745
vn 0.5934 -0.0000 0.8049
vn 0.4329 -0.0000 0.9015
vn 0.2629 -0.0000 0.9648
vn 0.0881 -0.0000 0.9961
vn -0.0000 0.0980 0.9952
vn -0.0000 0.2903 0.9569
vn -0.0000 0.4714 0.8819
vn -0.0000 0.6344 0.7730
vn -0.0000 0.7730 0.6344
vn -0.0000 0.8819 0.4714
vn -0.0000 0.9569 0.2903
vn -0.0000 0.9952 0.0980
vn -0.0000 0.9952 -0.0980
vn -0.0000 0.9569 -0.2903
vn -0.0000 0.8819 -0.4714
vn -0.0000 0.7730 -0.6344
vn -0.0000 0.6344 -0.7730
vn -0.0000 0.4714 -0.8819
vn -0.0000 0.2903 -0.9569
vn -0.0000 0.0980 -0.9952
vn -0.0000 -0.0980 -0.9952
vn -0.0000 -0.2903 -0.9569
vn -0.0000 -0.4714 -0.8819
vn -0.0000 -0.6344 -0.7730
vn -0.0000 -0.7730 -0.6344
vn -0.0000 -0.8819 -0.4714
vn -0.0000 -0.9569 -0.2903
vn -0.0000 -0.9952 -0.0980
vn -0.0000 -0.9952 0.0980
vn -0.0000 -0.9569 0.2903
vn -0.0000 -0.8819 0.4714
vn -0.0000 -0.7730 0.6344
vn -0.0000 -0.6344 0.7730
vn -0.0000 -0.4714 0.8819
vn -0.0000 -0.2903 0.9569
vn -0.0000 -0.0980 0.9952
vn -0.0258 0.0980 0.9949
vn -0.0783 0.0977 0.9921
vn -0.1344 0.0971 0.9862
vn -0.1967 0.0961 0.9757
vn -0.2692 0.0944 0.9584
vn -0.3579 0.0915 0.9293
vn -0.4712 0.0865 0.8778
vn -0.6200 0.0769 0.7808
vn -0.8064 0.0580 0.5886
vn -0.9723 0.0229 0.2326
vn -0.0258 0.2902 0.9566
vn -0.0783 0.2894 0.9540
vn -0.1344 0.2877 0.9483
vn -0.1967 0.2846 0.9383
vn -0.2692 0.2796 0.9216
vn -0.3579 0.2711 0.8936
vn -0.4712 0.2560 0.8441
vn -0.6200 0.2278 0.7508
vn -0.8064 0.1717 0.5660
vn -0.9723 0.0679 0.2237
vn -0.0258 0.4712 0.8816
vn -0.0783 0.4699 0.8792
vn -0.1344 0.4671 0.8739
vn -0.1967 0.4622 0.8647
vn -0.2692 0.4540 0.8494
vn -0.3579 0.4402 0.8235
vn -0.4712 0.4158 0.7779
vn -0.6200 0.3698 0.6919
vn -0.8064 0.2788 0.5216
vn -0.9723 0.1102 0.2062
vn -0.0258 0.6342 0.7728
vn -0.0783 0.6324 0.7706
vn -0.1344 0.6286 0.7660
vn -0.1967 0.6220 0.7579
vn -0.2692 0.6110 0.7445
vn -0.3579 0.5924 0.7218
vn -0.4712 0.5596 0.6818
vn -0.6200 0.4977 0.6065
vn -0.8064 0.3752 0.4572
vn -0.9723 0.1483 0.1807
vn -0.0258 0.7728 0.6342
vn -0.0783 0.7706 0.6324
vn -0.1344 0.7660 0.6286
vn -0.1967 0.7579 0.6220
vn -0.2692 0.7445 0.6110
vn -0.3579 0.7218 0.5924
vn -0.4712 0.6818 0.5596
vn -0.6200 0.6065 0.4977
vn -0.8064 0.4572 0.3752
vn -0.9723 0.1807 0.1483
vn -0.0258 0.8816 0.4712
vn -0.0783 0.8792 0.4699
vn -0.1344 0.8739 0.4671
vn -0.1967 0.8647 0.4622
vn -0.2692 0.8494 0.4540
vn -0.3579 0.8235 0.4402
vn -0.4712 0.7779 0.4158
vn -0.6200 0.6919 0.3699
vn -0.8064 0.5216 0.2788
vn -0.9723 0.2062 0.1102
vn -0.0258 0.9566 0.2902
vn -0.0783 0.9540 0.2894
vn -0.1344 0.9483 0.2877
vn -0.1967 0.9383 0.2846
vn -0.2692 0.9216 0.2796
vn -0.3579 0.8936 0.2711
vn -0.4712 0.8441 0.2560
vn -0.6200 0.7508 0.2278
vn -0.8064 0.5659 0.1717
vn -0.9723 0.2237 0.0679
vn -0.0258 0.9949 0.0980
vn -0.0783 0.9921 0.0977
vn -0.1344 0.9862 0.0971
vn -0.1967 0.9757 0.0961
vn -0.2692 0.9584 0.0944
vn -0.3579 0.9293 0.0915
vn -0.4712 0.8778 0.0865
vn -0.6200 0.7808 0.0769
vn -0.8064 0.5886 0.0580
vn -0.9723 0.2326 0.0229
vn -0.0258 0.9949 -0.0980
vn -0.0783 0.9921 -0.0977
vn -0.1344 0.9862 -0.0971
vn -0.1967 0.9757 -0.0961
vn -0.2692 0.9584 -0.0944
vn -0.3579 0.9293 -0.0915
vn -0.4712 0.8778 -0.0865
vn -0.6200 0.7808 -0.0769
vn -0.8064 0.5886 -0.0580
vn -0.9723 0.2326 -0.0229
vn -0.0258 0.9566 -0.2902
vn -0.0783 0.9540 -0.2894
vn -0.1344 0.9483 -0.2877
vn -0.1967 0.9383 -0.2846
vn -0.2692 0.9216 -0.2796
vn -0.3579 0.8936 -0.2711
vn -0.4712 0.8441 -0.2560
vn -0.6200 0.7508 -0.2278
vn -0.8064 0.5659 -0.1717
vn -0.9723 0.2237 -0.0679
vn -0.0258 0.8816 -0.4712
vn -0.0783 0.8792 -0.4699
vn -0.1344 0.8739 -0.4671
vn -0.1967 0.8647 -0.4622
vn -0.2692 0.8494 -0.4540
vn -0.3579 0.8235 -0.4402
vn -0.4712 0.7779 -0.4158
vn -0.6200 0.6919 -0.3699
vn -0.8064 0.5216 -0.2788
vn -0.9723 0.2062 -0.1102
vn -0.0258 0.7728 -0.6342
vn -0.0783 0.7706 -0.6324
vn -0.1344 0.7660 -0.6286
vn -0.1967 0.7579 -0.6220
vn -0.2692 0.7445 -0.6110
vn -0.3579 0.7218 -0.5924
vn -0.4712 0.6818 -0.5596
vn -0.6200 0.6065 -0.4977
vn -0.8064 0.4572 -0.3752
vn -0.9723 0.1807 -0.1483
vn -0.0258 0.6342 -0.7728
vn -0.0783 0.6324 -0.7706
vn -0.1344 0.6286 -0.7660
vn -0.1967 0.6220 -0.7579
vn -0.2692 0.6110 -0.7445
vn -0.3579 0.5924 -0.7218
vn -0.4712 0.5596 -0.6818
vn -0.6200 0.4977 -0.6065
vn -0.8064 0.3752 -0.4572
vn -0.9723 0.1483 -0.1807
vn -0.0258 0.4712 -0.8816
vn -0.0783 0.4699 -0.8792
vn -0.1344 0.4671 -0.8739
vn -0.1967 0.4622 -0.8647
vn -0.2692 0.4540 -0.8494
vn -0.3579 0.4402 -0.8235
vn -0.4712 0.4158 -0.7779
vn -0.6200 0.3699 -0.6919
vn -0.8064 0.2788 -0.5216
vn -0.9723 0.1102 -0.2062
vn -0.0258 0.2902 -0.9566
vn -0.0783 0.2894 -0.9540
vn -0.1344 0.2877 -0.9483
vn -0.1967 0.2846 -0.9383
vn -0.2692 0.2796 -0.9216
vn -0.3579 0.2711 -0.8936
vn -0.4712 0.2560 -0.8441
vn -0.6200 0.2278 -0.7508
vn -0.8064 0.1717 -0.5659
vn -0.9723 0.0679 -0.2237
vn -0.0258 0.0980 -0.9949
vn -0.0783 0.0977 -0.9921
vn -0.1344 0.0971 -0.9862
vn -0.1967 0.0961 -0.9757
vn -0.2692 0.0944 -0.9584
vn -0.3579 0.0915 -0.9293
vn -0.4712 0.0865 -0.8778
vn -0.6200 0.0769 -0.7808
vn -0.8064 0.0580 -0.5886
vn -0.9723 0.0229 -0.2326
vn -0.0258 -0.0980 -0.9949
vn -0.0783 -0.0977 -0.9921
vn -0.1344 -0.0971 -0.9862
vn -0.1967 -0.0961 -0.9757
vn -0.2692 -0.0944 -0.9584
vn -0.3579 -0.0915 -0.9293
vn -0.4712 -0.0865 -0.8778
vn -0.6200 -0.0769 -0.7808
vn -0.8064 -0.0580 -0.5886
vn -0.9723 -0.0229 -0.2326
vn -0.0258 -0.2902 -0.9566
vn -0.0783 -0.2894 -0.9540
vn -0.1344 -0.2877 -0.9483
vn -0.1967 -0.2846 -0.9383
vn -0.2692 -0.2796 -0.9216
vn -0.3579 -0.2711 -0.8936
vn -0.4712 -0.2560 -0.8441
vn -0.6200 -0.2278 -0.7508
vn -0.8064 -0.1717 -0.5659
vn -0.9723 -0.0679 -0.2237
vn -0.0258 -0.4712 -0.8816
vn -0.0783 -0.4699 -0.8792
vn -0.1344 -0.4671 -0.8739
vn -0.1967 -0.4622 -0.8647
vn -0.2692 -0.4540 -0.8494
vn -0.3579 -0.4402 -0.8235
vn -0.4712 -0.4158 -0.7779
vn -0.6200 -0.3698 -0.6919
vn -0.8064 -0.2788 -0.5216
vn -0.9723 -0.1102 -0.2062
vn -0.0258 -0.6342 -0.7728
vn -0.0783 -0.6324 -0.7706
vn -0.1344 -0.6286 -0.7660
vn -0.1967 -0.6220 -0.7579
vn -0.2692 -0.6110 -0.7445
vn -0.3579 -0.5924 -0.7218
vn -0.4712 -0.5596 -0.6818
vn -0.6200 -0.4977 -0.6065
vn -0.8064 -0.3752 -0.4572
vn -0.9723 -0.1483 -0.1807
vn -0.0258 -0.7728 -0.6342
vn -0.0783 -0.7706 -0.6324
vn -0.1344 -0.7660 -0.6286
vn -0.1967 -0.7579 -0.6220
vn -0.2692 -0.7445 -0.6110
vn -0.3579 -0.7218 -0.5924
vn -0.4712 -0.6818 -0.5596
vn -0.6200 -0.6065 -0.4977
vn -0.8064 -0.4572 -0.3752
vn -0.9723 -0.1807 -0.1483
vn -0.0258 -0.8816 -0.4712
vn -0.0783 -0.8792 -0.4699
vn -0.1344 -0.8739 -0.4671
vn -0.1967 -0.8647 -0.4622
vn -0.2692 -0.8494 -0.4540
vn -0.3579 -0.8235 -0.4402
vn -0.4712 -0.7779 -0.4158
vn -0.6200 -0.6919 -0.3699
vn -0.8064 -0.5216 -0.2788
vn -0.9723 -0.2062 -0.1102
vn -0.0258 -0.9566 -0.2902
vn -0.0783 -0.9540 -0.2894
vn -0.1344 -0.9483 -0.2877
vn -0.1967 -0.9383 -0.2846
vn -0.2692 -0.9216 -0.2796
vn -0.3579 -0.8936 -0.2711
vn -0.4712 -0.8441 -0.2560
vn -0.6200 -0.7508 -0.2278
vn -0.8064 -0.5660 -0.1717
vn -0.9723 -0.2237 -0.0679
vn -0.0258 -0.9949 -0.0980
vn -0.0783 -0.9921 -0.0977
vn -0.1344 -0.9862 -0.0971
vn -0.1967 -0.9757 -0.0961
vn -0.2692 -0.9584 -0.0944
vn -0.3579 -0.9293 -0.0915
vn -0.4712 -0.8778 -0.0865
vn -0.6200 -0.7808 -0.0769
vn -0.8064 -0.5886 -0.0580
vn -0.9723 -0.2326 -0.0229
vn -0.0258 -0.9949 0.0980
vn -0.0783 -0.9921 0.0977
vn -0.1344 -0.9862 0.0971
vn -0.1967 -0.9757 0.0961
vn -0.2692 -0.9584 0.0944
vn -0.3579 -0.9293 0.0915
vn -0.4712 -0.8778 0.0865
vn -0.6200 -0.7808 0.0769
vn -0.8064 -0.5886 0.0580
vn -0.9723 -0.2326 0.0229
vn -0.0258 -0.9566 0.2902
vn -0.0783 -0.9540 0.2894
vn -0.1344 -0.9483 0.2877
vn -0.1967 -0.9383 0.2846
vn -0.2692 -0.9216 0.2796
vn -0.3579 -0.8936 0.2711
vn -0.4712 -0.8441 0.2560
vn -0.6200 -0.7508 0.2277
vn -0.8064 -0.5660 0.1717
vn -0.9723 -0.2237 0.0679
vn -0.0258 -0.8816 0.4712
vn -0.0783 -0.8792 0.4699
vn -0.1344 -0.8739 0.4671
vn -0.1967 -0.8647 0.4622
vn -0.2692 -0.8494 0.4540
vn -0.3579 -0.8235 0.4402
vn -0.4712 -0.7779 0.4158
vn -0.6200 -0.6919 0.3699
vn -0.8064 -0.5216 0.2788
vn -0.9723 -0.2062 0.1102
vn -0.0258 -0.7728 0.6342
vn -0.0783 -0.7706 0.6324
vn -0.1344 -0.7660 0.6286
vn -0.1967 -0.7579 0.6220
vn -0.2692 -0.7445 0.6110
vn -0.3579 -0.7218 0.5924
vn -0.4711 -0.6818 0.5596
vn -0.6200 -0.6065 0.4977
vn -0.8064 -0.4572 0.3752
vn -0.9723 -0.1807 0.1483
vn -0.0257 -0.6342 0.7728
vn -0.0783 -0.6324 0.7706
vn -0.1344 -0.6286 0.7660
vn -0.1967 -0.6220 0.7579
vn -0.2692 -0.6110 0.7445
vn -0.3579 -0.5924 0.7218
vn -0.4712 -0.5596 0.6818
vn -0.6200 -0.4977 0.6065
vn -0.8064 -0.3752 0.4572
vn -0.9723 -0.1483 0.1807
vn -0.0258 -0.4712 0.8816
vn -0.0783 -0.4699 0.8792
vn -0.1344 -0.4671 0.8739
vn -0.1967 -0.4622 0.8647
vn -0.2692 -0.4540 0.8494
vn -0.3579 -0.4402 0.8235
vn -0.4712 -0.4158 0.7779
vn -0.6200 -0.3699 0.6919
vn -0.8064 -0.2788 0.5216
vn -0.9723 -0.1102 0.2062
vn -0.0258 -0.2902 0.9566
vn -0.0783 -0.2894 0.9540
vn -0.1344 -0.2877 0.9483
vn -0.1967 -0.2846 0.9383
vn -0.2692 -0.2796 0.9216
vn -0.3579 -0.2711 0.8936
vn -0.4712 -0.2560 0.8441
vn -0.6200 -0.2278 0.7508
vn -0.8064 -0.1717 0.5659
vn -0.9723 -0.0679 0.2237
vn -0.0258 -0.0980 0.9949
vn -0.0783 -0.0977 0.9921
vn -0.1344 -0.0971 0.9862
vn -0.1967 -0.0961 0.9757
vn -0.2692 -0.0944 0.9584
vn -0.3579 -0.0915 0.9293
vn -0.4712 -0.0865 0.8778
vn -0.6200 -0.0769 0.7808
vn -0.8064 -0.0580 0.5886
vn -0.9723 -0.0229 0.2326
vn -0.0784 -0.6324 0.7706
vn -0.6200 -0.6919 0.3698
vn -0.8064 -0.5659 -0.1717
vn -0.0257 -0.7728 -0.6342
vn -0.9723 -0.0229 -0.2327
vn -0.2693 0.6110 -0.7445
vn -0.6200 0.6919 -0.3698
vn -0.8064 0.5660 0.1717
vn -0.1967 0.9382 0.2846
vn -0.2693 0.7445 0.6110
vn -0.6200 0.3699 0.6920
vn -0.1343 -0.9862 -0.0971
vn -0.6200 0.6919 0.3698
vn -0.2693 0.6110 0.7445
vn -0.9723 -0.0229 0.2327
vn -0.2693 0.7445 -0.6110
vn -0.4711 -0.5596 -0.6818
vn -0.2693 -0.6110 -0.7445
vn -0.1967 0.2846 0.9382
vn -0.4712 -0.6818 0.5596
vn -0.8064 0.5660 -0.1717
vn -0.1967 0.9382 -0.2846
vn -0.8064 -0.1717 -0.5660
vn -0.9723 0.0229 0.2327
vn -0.8064 -0.5659 0.1717
vn -0.6200 -0.7508 0.2278
vn -0.0257 -0.9566 0.2902
vn -0.9723 0.0229 -0.2327
vn -0.8064 -0.1717 0.5660
vn -0.4711 -0.2560 0.8441
vn -0.2693 -0.2796 0.9216
vn -0.4711 -0.4158 0.7779
vn -0.0783 -0.4700 0.8792
vn -0.9723 -0.2062 0.1103
vn -0.4711 -0.7779 0.4158
vn -0.0783 -0.8792 0.4700
vn -0.9723 -0.2062 -0.1103
vn -0.6200 -0.6919 -0.3698
vn -0.4711 -0.7779 -0.4158
vn -0.0783 -0.8792 -0.4700
vn -0.9723 0.2327 0.0229
vn -0.4711 0.8778 0.0865
vn -0.1343 0.9862 0.0971
vn -0.0784 0.9921 0.0977
vn -0.9723 0.2238 0.0679
vn -0.4711 0.8441 0.2560
vn -0.0257 0.9566 0.2902
vn -0.9723 0.2238 -0.0679
vn -0.4711 0.8441 -0.2560
vn -0.4711 0.2561 -0.8441
vn -0.9723 0.1808 -0.1484
vn -0.6200 0.6065 -0.4978
vn -0.4711 0.6818 -0.5596
vn -0.0784 0.7706 -0.6324
vn -0.4711 -0.8441 0.2561
vn -0.2693 -0.9216 0.2796
vn -0.9723 -0.1808 0.1484
vn -0.2693 -0.7445 0.6110
vn -0.4711 0.4158 -0.7779
vn -0.2693 0.4540 -0.8493
vn -0.0784 0.4700 -0.8792
vn -0.4711 0.4158 0.7779
vn -0.0784 0.4699 0.8792
vn -0.9723 0.2062 -0.1103
vn -0.4711 0.7779 -0.4158
vn -0.0784 0.8792 -0.4700
vn -0.4711 -0.4158 -0.7779
vn -0.2693 -0.4540 -0.8493
vn -0.9723 0.2327 -0.0229
vn -0.4711 0.8778 -0.0865
vn -0.1343 0.9862 -0.0971
vn -0.0784 0.9921 -0.0977
vn -0.4711 -0.0865 -0.8778
vn -0.2693 -0.0944 -0.9584
vn -0.4711 0.0865 0.8778
vn -0.9723 0.0679 0.2238
vn -0.4711 0.2561 0.8441
vn -0.4711 -0.8441 -0.2561
vn -0.0257 -0.9566 -0.2902
vn -0.4711 -0.0865 0.8778
vn -0.2693 -0.0944 0.9584
vn -0.9723 -0.2327 0.0229
vn -0.8064 -0.5885 0.0580
vn -0.4711 -0.8778 0.0865
vn -0.1967 -0.9758 0.0961
vn -0.0784 -0.9921 0.0977
vn -0.0257 -0.9949 0.0980
vn -0.4711 -0.5596 0.6818
vn -0.2693 -0.6110 0.7445
vn -0.0258 -0.6342 0.7728
vn -0.9723 0.1808 0.1483
vn -0.4711 0.6818 0.5596
vn -0.9723 -0.2327 -0.0229
vn -0.8064 -0.5885 -0.0580
vn -0.4711 -0.8778 -0.0865
vn -0.1967 -0.9758 -0.0961
vn -0.0784 -0.9921 -0.0977
vn -0.0257 -0.9949 -0.0980
vn -0.9723 0.2062 0.1103
vn -0.4711 0.7779 0.4158
vn -0.0784 0.8792 0.4700
vn -0.4711 0.0865 -0.8778
vn -0.2693 0.0944 -0.9584
vn -0.9723 -0.1808 -0.1483
vn -0.4711 -0.6818 -0.5596
vn -0.9723 -0.0679 -0.2238
vn -0.4711 -0.2560 -0.8441
vn -0.2693 -0.2796 -0.9216
vt 0.375000 0.000000
vt 0.375000 0.250000
vt 0.625000 0.250000
vt 0.625000 0.000000
vt 0.375000 0.500000
vt 0.625000 0.500000
vt 0.375000 0.750000
vt 0.625000 0.750000
vt 0.375000 1.000000
vt 0.625000 1.000000
vt 0.125000 0.500000
vt 0.125000 0.750000
vt 0.640804 0.734196
vt 0.640804 0.515804
vt 0.859196 0.734196
vt 0.875000 0.750000
vt 0.875000 0.500000
vt 0.859196 0.515804
vt 0.859196 0.515804
vt 0.640804 0.734196
vt 0.640804 0.515804
vt 0.685005 0.560005
vt 0.685005 0.689995
vt 0.814995 0.689995
vt 0.814995 0.560005
vt 0.821909 0.696909
vt 0.821909 0.553091
vt 0.828654 0.703653
vt 0.828654 0.546347
vt 0.835062 0.710061
vt 0.835062 0.539939
vt 0.840975 0.715975
vt 0.840975 0.534025
vt 0.852723 0.727723
vt 0.852723 0.522277
vt 0.854975 0.729975
vt 0.854975 0.520025
vt 0.856787 0.731787
vt 0.856787 0.518213
vt 0.858114 0.733114
vt 0.858114 0.516886
vt 0.858924 0.733924
vt 0.858924 0.516076
vt 0.859196 0.734196
vt 0.678091 0.553091
vt 0.671346 0.546347
vt 0.664939 0.539939
vt 0.659025 0.534025
vt 0.647277 0.522277
vt 0.645025 0.520025
vt 0.643213 0.518213
vt 0.641886 0.516886
vt 0.641076 0.516076
vt 0.678091 0.696909
vt 0.671346 0.703654
vt 0.664939 0.710062
vt 0.659025 0.715976
vt 0.647277 0.727723
vt 0.645025 0.729975
vt 0.643213 0.731787
vt 0.641886 0.733114
vt 0.641076 0.733924
vt 0.786303 0.056829
vt 0.823353 0.068037
vt 0.857498 0.086238
vt 0.887427 0.110732
vt 0.911989 0.140578
vt 0.930240 0.174628
vt 0.941479 0.211576
vt 0.945274 0.250000
vt 0.941479 0.288424
vt 0.930240 0.325371
vt 0.911989 0.359423
vt 0.887427 0.389268
vt 0.857498 0.413762
vt 0.823353 0.431963
vt 0.786303 0.443171
vt 0.747772 0.446955
vt 0.709241 0.443171
vt 0.672191 0.431963
vt 0.638046 0.413762
vt 0.608117 0.389268
vt 0.583555 0.359422
vt 0.565304 0.325372
vt 0.554065 0.288424
vt 0.550270 0.250000
vt 0.554065 0.211576
vt 0.565304 0.174628
vt 0.583555 0.140578
vt 0.608117 0.110732
vt 0.638046 0.086238
vt 0.672191 0.068037
vt 0.709241 0.056829
vt 0.747772 0.053045
vt 0.968750 0.500000
vt 0.968750 0.571163
vt 1.000000 0.571163
vt 1.000000 0.500000
vt 0.937500 0.500000
vt 0.937500 0.571163
vt 0.906250 0.500000
vt 0.906250 0.571163
vt 0.875000 0.571163
vt 0.843750 0.571163
vt 0.843750 0.500000
vt 0.812500 0.571163
vt 0.812500 0.500000
vt 0.781250 0.571163
vt 0.781250 0.500000
vt 0.750000 0.571163
vt 0.750000 0.500000
vt 0.718750 0.571163
vt 0.718750 0.500000
vt 0.687500 0.571163
vt 0.687500 0.500000
vt 0.656250 0.571163
vt 0.656250 0.500000
vt 0.625000 0.571163
vt 0.593750 0.571163
vt 0.593750 0.500000
vt 0.562500 0.571163
vt 0.562500 0.500000
vt 0.531250 0.571163
vt 0.531250 0.500000
vt 0.500000 0.571163
vt 0.500000 0.500000
vt 0.468750 0.571163
vt 0.468750 0.500000
vt 0.437500 0.571163
vt 0.437500 0.500000
vt 0.406250 0.571163
vt 0.406250 0.500000
vt 0.375000 0.571163
vt 0.343750 0.500000
vt 0.343750 0.571163
vt 0.312500 0.500000
vt 0.312500 0.571163
vt 0.281250 0.500000
vt 0.281250 0.571163
vt 0.250000 0.500000
vt 0.250000 0.571163
vt 0.218750 0.500000
vt 0.218750 0.571163
vt 0.187500 0.500000
vt 0.187500 0.571163
vt 0.156250 0.500000
vt 0.156250 0.571163
vt 0.125000 0.571163
vt 0.093750 0.500000
vt 0.093750 0.571163
vt 0.062500 0.500000
vt 0.062500 0.571163
vt 0.031250 0.500000
vt 0.031250 0.571163
vt 0.000000 0.500000
vt 0.000000 0.571163
vt 0.703178 0.485388
vt 0.658156 0.471731
vt 0.616663 0.449553
vt 0.580294 0.419706
vt 0.550447 0.383337
vt 0.528269 0.341844
vt 0.514612 0.296822
vt 0.510000 0.250000
vt 0.514612 0.203178
vt 0.528269 0.158156
vt 0.550447 0.116663
vt 0.580294 0.080294
vt 0.616663 0.050447
vt 0.658156 0.028269
vt 0.703178 0.014612
vt 0.750000 0.010000
vt 0.796822 0.014612
vt 0.841844 0.028269
vt 0.883337 0.050447
vt 0.919706 0.080294
vt 0.949553 0.116663
vt 0.971731 0.158156
vt 0.985388 0.203178
vt 0.990000 0.250000
vt 0.985388 0.296822
vt 0.971731 0.341844
vt 0.949553 0.383337
vt 0.919706 0.419706
vt 0.883337 0.449553
vt 0.841844 0.471731
vt 0.796822 0.485388
vt 0.750000 0.490000
vt 0.360633 0.735633
vt 0.139367 0.735633
vt 0.139367 0.514367
vt 0.360633 0.514367
vt 0.146909 0.521909
vt 0.146909 0.728091
vt 0.145730 0.729270
vt 0.145730 0.520730
vt 0.144579 0.730421
vt 0.144579 0.519579
vt 0.143485 0.731515
vt 0.143485 0.518485
vt 0.142476 0.732524
vt 0.142476 0.517476
vt 0.140472 0.734528
vt 0.140472 0.515472
vt 0.140088 0.734912
vt 0.140088 0.515087
vt 0.139778 0.735222
vt 0.139778 0.514778
vt 0.139552 0.735448
vt 0.139552 0.514552
vt 0.139414 0.735586
vt 0.139414 0.514414
vt 0.353091 0.521909
vt 0.354270 0.520730
vt 0.355421 0.519579
vt 0.356515 0.518485
vt 0.357524 0.517476
vt 0.359528 0.515472
vt 0.359912 0.515088
vt 0.360222 0.514778
vt 0.360448 0.514552
vt 0.360586 0.514414
vt 0.353091 0.728091
vt 0.354270 0.729270
vt 0.355421 0.730421
vt 0.356515 0.731515
vt 0.357524 0.732524
vt 0.359528 0.734528
vt 0.359912 0.734913
vt 0.360222 0.735222
vt 0.360448 0.735448
vt 0.360586 0.735586
vt 0.345760 0.720760
vt 0.154240 0.720760
vt 0.154240 0.529240
vt 0.345760 0.529240
vt 0.192420 0.567420
vt 0.307580 0.567420
vt 0.307580 0.682580
vt 0.192420 0.682580
vt 0.186447 0.688553
vt 0.186447 0.561447
vt 0.180621 0.694378
vt 0.180621 0.555622
vt 0.175086 0.699914
vt 0.175086 0.550086
vt 0.169978 0.705022
vt 0.169978 0.544978
vt 0.159831 0.715169
vt 0.159831 0.534831
vt 0.157886 0.717115
vt 0.157886 0.532886
vt 0.156320 0.718680
vt 0.156320 0.531320
vt 0.155174 0.719826
vt 0.155174 0.530174
vt 0.154475 0.720525
vt 0.154475 0.529475
vt 0.313553 0.561447
vt 0.319378 0.555622
vt 0.324914 0.550086
vt 0.330022 0.544978
vt 0.340169 0.534831
vt 0.342114 0.532886
vt 0.343680 0.531320
vt 0.344826 0.530174
vt 0.345525 0.529475
vt 0.313553 0.688553
vt 0.319378 0.694379
vt 0.324914 0.699914
vt 0.330022 0.705022
vt 0.340169 0.715169
vt 0.342114 0.717115
vt 0.343680 0.718680
vt 0.344826 0.719826
vt 0.345525 0.720525
vt 0.846793 0.500000
vt 0.846793 0.571163
vt 0.653207 0.571163
vt 0.653207 0.500000
vt 0.946647 0.113122
vt 0.946647 0.386878
vt 0.909597 0.362329
vt 0.909597 0.137671
vt 0.595114 0.019088
vt 0.595114 0.095926
vt 0.589862 0.095926
vt 0.589861 0.019088
vt 1.000000 0.557248
vt 0.968750 0.557248
vt 0.968750 1.000000
vt 1.000000 1.000000
vt 0.937500 0.557248
vt 0.937500 1.000000
vt 0.906250 0.557248
vt 0.906250 1.000000
vt 0.875000 0.557248
vt 0.875000 1.000000
vt 0.843750 0.557248
vt 0.843750 1.000000
vt 0.812500 0.557248
vt 0.812500 1.000000
vt 0.781250 0.557248
vt 0.781250 1.000000
vt 0.750000 0.557248
vt 0.750000 1.000000
vt 0.718750 0.557248
vt 0.718750 1.000000
vt 0.687500 0.557248
vt 0.687500 1.000000
vt 0.656250 0.557248
vt 0.656250 1.000000
vt 0.625000 0.557248
vt 0.593750 0.557248
vt 0.593750 1.000000
vt 0.562500 0.557248
vt 0.562500 1.000000
vt 0.531250 0.557248
vt 0.531250 1.000000
vt 0.500000 0.557248
vt 0.500000 1.000000
vt 0.468750 0.557248
vt 0.468750 1.000000
vt 0.437500 0.557248
vt 0.437500 1.000000
vt 0.406250 0.557248
vt 0.406250 1.000000
vt 0.375000 0.557248
vt 0.343750 0.557248
vt 0.343750 1.000000
vt 0.312500 0.557248
vt 0.312500 1.000000
vt 0.281250 0.557248
vt 0.281250 1.000000
vt 0.250000 0.557248
vt 0.250000 1.000000
vt 0.218750 0.557248
vt 0.218750 1.000000
vt 0.187500 0.557248
vt 0.187500 1.000000
vt 0.156250 0.557248
vt 0.156250 1.000000
vt 0.125000 0.557248
vt 0.125000 1.000000
vt 0.093750 0.557248
vt 0.093750 1.000000
vt 0.062500 0.557248
vt 0.062500 1.000000
vt 0.343750 1.000000
vt 0.375000 1.000000
vt 0.031250 0.557248
vt 0.031250 1.000000
vt 0.000000 0.557248
vt 0.000000 1.000000
vt 0.968750 1.000000
vt 0.062500 1.000000
vt 0.093750 1.000000
vt 0.781250 1.000000
vt 0.468750 1.000000
vt 0.500000 1.000000
vt 0.187500 1.000000
vt 0.875000 1.000000
vt 0.906250 1.000000
vt 0.593750 1.000000
vt 0.625000 1.000000
vt 0.031250 1.000000
vt 0.718750 1.000000
vt 0.437500 1.000000
vt 0.843750 1.000000
vt 0.281250 1.000000
vt 0.250000 0.469283
vt 0.250000 0.469283
vt 0.207220 0.465069
vt 0.207220 0.465069
vt 0.687500 1.000000
vt 0.406250 1.000000
vt 0.125000 1.000000
vt 0.531250 1.000000
vt 0.250000 1.000000
vt 0.432327 0.128173
vt 0.432327 0.128173
vt 0.452591 0.166084
vt 0.452591 0.166084
vt 0.000000 1.000000
vt 0.968767 1.000000
vt 0.999983 1.000000
vt 1.000000 1.000000
vt 0.968816 1.000000
vt 0.999934 1.000000
vt 0.968897 1.000000
vt 0.999853 1.000000
vt 0.969008 1.000000
vt 0.999742 1.000000
vt 0.969145 1.000000
vt 0.999605 1.000000
vt 0.296230 0.485447
vt 0.295156 0.477013
vt 0.250000 0.481460
vt 0.250592 0.489942
vt 0.294615 0.474294
vt 0.250000 0.478688
vt 0.294029 0.471349
vt 0.250000 0.475685
vt 0.293412 0.468248
vt 0.250000 0.472524
vt 0.292780 0.465069
vt 0.937517 1.000000
vt 0.968733 1.000000
vt 0.937566 1.000000
vt 0.968684 1.000000
vt 0.937647 1.000000
vt 0.968603 1.000000
vt 0.937757 1.000000
vt 0.968492 1.000000
vt 0.937895 1.000000
vt 0.968355 1.000000
vt 0.341275 0.471904
vt 0.338576 0.463841
vt 0.297391 0.485216
vt 0.337515 0.461280
vt 0.336366 0.458506
vt 0.335156 0.455585
vt 0.333916 0.452591
vt 0.906266 1.000000
vt 0.937484 1.000000
vt 0.906316 1.000000
vt 0.937434 1.000000
vt 0.906397 1.000000
vt 0.937353 1.000000
vt 0.906508 1.000000
vt 0.937243 1.000000
vt 0.906645 1.000000
vt 0.937105 1.000000
vt 0.382812 0.449833
vt 0.378592 0.442452
vt 0.342369 0.471451
vt 0.377052 0.440147
vt 0.375384 0.437650
vt 0.373628 0.435022
vt 0.371827 0.432327
vt 0.875017 1.000000
vt 0.906233 1.000000
vt 0.875066 1.000000
vt 0.906184 1.000000
vt 0.875147 1.000000
vt 0.906103 1.000000
vt 0.875258 1.000000
vt 0.905992 1.000000
vt 0.875395 1.000000
vt 0.905855 1.000000
vt 0.419246 0.420083
vt 0.413667 0.413667
vt 0.383797 0.449175
vt 0.411707 0.411707
vt 0.409583 0.409583
vt 0.407348 0.407348
vt 0.405056 0.405056
vt 0.843767 1.000000
vt 0.874983 1.000000
vt 0.843816 1.000000
vt 0.874934 1.000000
vt 0.843897 1.000000
vt 0.874853 1.000000
vt 0.844008 1.000000
vt 0.874743 1.000000
vt 0.844145 1.000000
vt 0.874605 1.000000
vt 0.449175 0.383797
vt 0.442452 0.378592
vt 0.420083 0.419246
vt 0.440147 0.377052
vt 0.437650 0.375384
vt 0.435022 0.373628
vt 0.432327 0.371827
vt 0.812517 1.000000
vt 0.843733 1.000000
vt 0.812566 1.000000
vt 0.843684 1.000000
vt 0.812647 1.000000
vt 0.843603 1.000000
vt 0.812758 1.000000
vt 0.843492 1.000000
vt 0.812895 1.000000
vt 0.843355 1.000000
vt 0.471451 0.342369
vt 0.463841 0.338576
vt 0.449833 0.382812
vt 0.461280 0.337515
vt 0.458506 0.336366
vt 0.455585 0.335156
vt 0.452591 0.333916
vt 0.781267 1.000000
vt 0.812483 1.000000
vt 0.781316 1.000000
vt 0.812434 1.000000
vt 0.781397 1.000000
vt 0.812353 1.000000
vt 0.781508 1.000000
vt 0.812242 1.000000
vt 0.781645 1.000000
vt 0.812105 1.000000
vt 0.485216 0.297391
vt 0.477013 0.295156
vt 0.471904 0.341275
vt 0.474294 0.294615
vt 0.471348 0.294029
vt 0.468248 0.293412
vt 0.465069 0.292780
vt 0.750017 1.000000
vt 0.781234 1.000000
vt 0.750066 1.000000
vt 0.781184 1.000000
vt 0.750147 1.000000
vt 0.781103 1.000000
vt 0.750258 1.000000
vt 0.780992 1.000000
vt 0.750395 1.000000
vt 0.780855 1.000000
vt 0.489942 0.250592
vt 0.481460 0.250000
vt 0.485447 0.296230
vt 0.478688 0.250000
vt 0.475685 0.250000
vt 0.472524 0.250000
vt 0.469283 0.250000
vt 0.718767 1.000000
vt 0.749984 1.000000
vt 0.718816 1.000000
vt 0.749934 1.000000
vt 0.718897 1.000000
vt 0.749853 1.000000
vt 0.719008 1.000000
vt 0.749742 1.000000
vt 0.719145 1.000000
vt 0.749605 1.000000
vt 0.485447 0.203770
vt 0.477013 0.204844
vt 0.489942 0.249408
vt 0.474294 0.205385
vt 0.471348 0.205971
vt 0.468248 0.206588
vt 0.465069 0.207220
vt 0.687517 1.000000
vt 0.718733 1.000000
vt 0.687566 1.000000
vt 0.718684 1.000000
vt 0.687647 1.000000
vt 0.718603 1.000000
vt 0.687758 1.000000
vt 0.718492 1.000000
vt 0.687895 1.000000
vt 0.718355 1.000000
vt 0.471904 0.158725
vt 0.463841 0.161424
vt 0.485216 0.202609
vt 0.461280 0.162485
vt 0.458506 0.163634
vt 0.455585 0.164844
vt 0.656267 1.000000
vt 0.687483 1.000000
vt 0.656316 1.000000
vt 0.687434 1.000000
vt 0.656397 1.000000
vt 0.687353 1.000000
vt 0.656508 1.000000
vt 0.687243 1.000000
vt 0.656645 1.000000
vt 0.687105 1.000000
vt 0.449833 0.117188
vt 0.442452 0.121408
vt 0.471451 0.157631
vt 0.440147 0.122948
vt 0.437650 0.124616
vt 0.435022 0.126372
vt 0.625017 1.000000
vt 0.656233 1.000000
vt 0.625066 1.000000
vt 0.656184 1.000000
vt 0.625147 1.000000
vt 0.656103 1.000000
vt 0.625258 1.000000
vt 0.655992 1.000000
vt 0.625395 1.000000
vt 0.655855 1.000000
vt 0.420083 0.080754
vt 0.413667 0.086333
vt 0.449175 0.116203
vt 0.411707 0.088293
vt 0.409583 0.090417
vt 0.407348 0.092652
vt 0.405056 0.094944
vt 0.593767 1.000000
vt 0.624983 1.000000
vt 0.593816 1.000000
vt 0.624934 1.000000
vt 0.593897 1.000000
vt 0.624853 1.000000
vt 0.594008 1.000000
vt 0.624742 1.000000
vt 0.594145 1.000000
vt 0.624605 1.000000
vt 0.383797 0.050825
vt 0.378592 0.057548
vt 0.419246 0.079917
vt 0.377052 0.059853
vt 0.375384 0.062350
vt 0.373628 0.064978
vt 0.371827 0.067673
vt 0.562517 1.000000
vt 0.593734 1.000000
vt 0.562566 1.000000
vt 0.593684 1.000000
vt 0.562647 1.000000
vt 0.593603 1.000000
vt 0.562758 1.000000
vt 0.593492 1.000000
vt 0.562895 1.000000
vt 0.593355 1.000000
vt 0.342369 0.028549
vt 0.338576 0.036159
vt 0.382812 0.050167
vt 0.337515 0.038720
vt 0.336366 0.041494
vt 0.335156 0.044415
vt 0.333916 0.047409
vt 0.531267 1.000000
vt 0.562483 1.000000
vt 0.531316 1.000000
vt 0.562434 1.000000
vt 0.531397 1.000000
vt 0.562353 1.000000
vt 0.531508 1.000000
vt 0.562242 1.000000
vt 0.531645 1.000000
vt 0.562105 1.000000
vt 0.297391 0.014784
vt 0.295156 0.022987
vt 0.341275 0.028096
vt 0.294615 0.025706
vt 0.294029 0.028652
vt 0.293412 0.031752
vt 0.292780 0.034931
vt 0.500017 1.000000
vt 0.531233 1.000000
vt 0.500066 1.000000
vt 0.531184 1.000000
vt 0.500147 1.000000
vt 0.531103 1.000000
vt 0.500258 1.000000
vt 0.530992 1.000000
vt 0.500395 1.000000
vt 0.530855 1.000000
vt 0.250592 0.010058
vt 0.250000 0.018540
vt 0.296230 0.014553
vt 0.250000 0.021312
vt 0.250000 0.024315
vt 0.250000 0.027476
vt 0.250000 0.030717
vt 0.468767 1.000000
vt 0.499983 1.000000
vt 0.468816 1.000000
vt 0.499934 1.000000
vt 0.468897 1.000000
vt 0.499853 1.000000
vt 0.469008 1.000000
vt 0.499742 1.000000
vt 0.469145 1.000000
vt 0.499605 1.000000
vt 0.203770 0.014553
vt 0.204844 0.022987
vt 0.249408 0.010058
vt 0.205385 0.025706
vt 0.205971 0.028652
vt 0.206588 0.031752
vt 0.207220 0.034931
vt 0.437517 1.000000
vt 0.468733 1.000000
vt 0.437566 1.000000
vt 0.468684 1.000000
vt 0.437647 1.000000
vt 0.468603 1.000000
vt 0.437758 1.000000
vt 0.468492 1.000000
vt 0.437895 1.000000
vt 0.468355 1.000000
vt 0.158725 0.028096
vt 0.161424 0.036159
vt 0.202609 0.014784
vt 0.162485 0.038720
vt 0.163634 0.041494
vt 0.164844 0.044415
vt 0.166084 0.047409
vt 0.406267 1.000000
vt 0.437484 1.000000
vt 0.406316 1.000000
vt 0.437434 1.000000
vt 0.406397 1.000000
vt 0.437353 1.000000
vt 0.406508 1.000000
vt 0.437242 1.000000
vt 0.406645 1.000000
vt 0.437105 1.000000
vt 0.117188 0.050167
vt 0.121408 0.057548
vt 0.157631 0.028549
vt 0.122948 0.059853
vt 0.124616 0.062350
vt 0.126372 0.064978
vt 0.128173 0.067673
vt 0.375017 1.000000
vt 0.406233 1.000000
vt 0.375066 1.000000
vt 0.406184 1.000000
vt 0.375147 1.000000
vt 0.406103 1.000000
vt 0.375258 1.000000
vt 0.405992 1.000000
vt 0.375395 1.000000
vt 0.405855 1.000000
vt 0.080754 0.079917
vt 0.086333 0.086333
vt 0.116203 0.050825
vt 0.088293 0.088293
vt 0.090417 0.090417
vt 0.092652 0.092652
vt 0.094944 0.094944
vt 0.343767 1.000000
vt 0.374983 1.000000
vt 0.343816 1.000000
vt 0.374934 1.000000
vt 0.343897 1.000000
vt 0.374853 1.000000
vt 0.344008 1.000000
vt 0.374742 1.000000
vt 0.344145 1.000000
vt 0.374605 1.000000
vt 0.050825 0.116203
vt 0.057548 0.121408
vt 0.079917 0.080754
vt 0.059853 0.122948
vt 0.062350 0.124616
vt 0.064978 0.126372
vt 0.067673 0.128173
vt 0.312517 1.000000
vt 0.343733 1.000000
vt 0.312566 1.000000
vt 0.343684 1.000000
vt 0.312647 1.000000
vt 0.343603 1.000000
vt 0.312758 1.000000
vt 0.343492 1.000000
vt 0.312895 1.000000
vt 0.343355 1.000000
vt 0.028549 0.157631
vt 0.036159 0.161424
vt 0.050167 0.117188
vt 0.038720 0.162485
vt 0.041494 0.163634
vt 0.044415 0.164844
vt 0.047409 0.166084
vt 0.281267 1.000000
vt 0.312483 1.000000
vt 0.281316 1.000000
vt 0.312434 1.000000
vt 0.281397 1.000000
vt 0.312353 1.000000
vt 0.281508 1.000000
vt 0.312242 1.000000
vt 0.281645 1.000000
vt 0.312105 1.000000
vt 0.014784 0.202609
vt 0.022987 0.204844
vt 0.028096 0.158725
vt 0.025706 0.205385
vt 0.028652 0.205971
vt 0.031752 0.206588
vt 0.034931 0.207220
vt 0.250017 1.000000
vt 0.281233 1.000000
vt 0.250066 1.000000
vt 0.281184 1.000000
vt 0.250147 1.000000
vt 0.281103 1.000000
vt 0.250258 1.000000
vt 0.280992 1.000000
vt 0.250395 1.000000
vt 0.280855 1.000000
vt 0.010058 0.249408
vt 0.018540 0.250000
vt 0.014553 0.203770
vt 0.021312 0.250000
vt 0.024315 0.250000
vt 0.027476 0.250000
vt 0.030717 0.250000
vt 0.218767 1.000000
vt 0.249983 1.000000
vt 0.218816 1.000000
vt 0.249934 1.000000
vt 0.218897 1.000000
vt 0.249853 1.000000
vt 0.219008 1.000000
vt 0.249742 1.000000
vt 0.219145 1.000000
vt 0.249605 1.000000
vt 0.014553 0.296230
vt 0.022987 0.295156
vt 0.010058 0.250592
vt 0.025706 0.294615
vt 0.028652 0.294029
vt 0.031752 0.293412
vt 0.034931 0.292780
vt 0.187517 1.000000
vt 0.218733 1.000000
vt 0.187566 1.000000
vt 0.218684 1.000000
vt 0.187647 1.000000
vt 0.218603 1.000000
vt 0.187758 1.000000
vt 0.218492 1.000000
vt 0.187895 1.000000
vt 0.218355 1.000000
vt 0.028096 0.341275
vt 0.036159 0.338576
vt 0.014784 0.297391
vt 0.038720 0.337515
vt 0.041494 0.336366
vt 0.044415 0.335156
vt 0.047409 0.333916
vt 0.156267 1.000000
vt 0.187483 1.000000
vt 0.156316 1.000000
vt 0.187434 1.000000
vt 0.156397 1.000000
vt 0.187353 1.000000
vt 0.156508 1.000000
vt 0.187242 1.000000
vt 0.156645 1.000000
vt 0.187105 1.000000
vt 0.050167 0.382812
vt 0.057548 0.378592
vt 0.028549 0.342369
vt 0.059853 0.377052
vt 0.062350 0.375384
vt 0.064978 0.373628
vt 0.067673 0.371827
vt 0.125017 1.000000
vt 0.156233 1.000000
vt 0.125066 1.000000
vt 0.156184 1.000000
vt 0.125147 1.000000
vt 0.156103 1.000000
vt 0.125258 1.000000
vt 0.155992 1.000000
vt 0.125395 1.000000
vt 0.155855 1.000000
vt 0.079917 0.419246
vt 0.086333 0.413667
vt 0.050825 0.383797
vt 0.088293 0.411707
vt 0.090417 0.409583
vt 0.092652 0.407348
vt 0.094944 0.405056
vt 0.093767 1.000000
vt 0.124983 1.000000
vt 0.093816 1.000000
vt 0.124934 1.000000
vt 0.093897 1.000000
vt 0.124853 1.000000
vt 0.094008 1.000000
vt 0.124742 1.000000
vt 0.094145 1.000000
vt 0.124605 1.000000
vt 0.116203 0.449175
vt 0.121408 0.442452
vt 0.080754 0.420083
vt 0.122948 0.440147
vt 0.124616 0.437650
vt 0.126372 0.435022
vt 0.128173 0.432327
vt 0.062517 1.000000
vt 0.093733 1.000000
vt 0.062566 1.000000
vt 0.093684 1.000000
vt 0.062647 1.000000
vt 0.093603 1.000000
vt 0.062758 1.000000
vt 0.093492 1.000000
vt 0.062895 1.000000
vt 0.093355 1.000000
vt 0.157631 0.471451
vt 0.161424 0.463841
vt 0.117188 0.449833
vt 0.162485 0.461280
vt 0.163634 0.458506
vt 0.164844 0.455585
vt 0.166084 0.452591
vt 0.031267 1.000000
vt 0.062483 1.000000
vt 0.031316 1.000000
vt 0.062434 1.000000
vt 0.031397 1.000000
vt 0.062353 1.000000
vt 0.031508 1.000000
vt 0.062242 1.000000
vt 0.031645 1.000000
vt 0.062105 1.000000
vt 0.202609 0.485216
vt 0.204844 0.477013
vt 0.158725 0.471904
vt 0.205385 0.474294
vt 0.205971 0.471349
vt 0.206588 0.468248
vt 0.000017 1.000000
vt 0.031233 1.000000
vt 0.000066 1.000000
vt 0.031184 1.000000
vt 0.000147 1.000000
vt 0.031103 1.000000
vt 0.000258 1.000000
vt 0.030992 1.000000
vt 0.000395 1.000000
vt 0.030855 1.000000
vt 0.249408 0.489942
vt 0.203770 0.485447
vt 0.405056 0.405056
vt 0.371827 0.432327
vt 0.067673 0.371827
vt 0.047409 0.333916
vt 0.094944 0.094944
vt 0.128173 0.067673
vt 0.371827 0.067673
vt 0.405056 0.094944
vt 0.452591 0.333916
vt 0.432327 0.371827
vt 0.128173 0.432327
vt 0.094944 0.405056
vt 0.047409 0.166084
vt 0.067673 0.128173
vt 0.292780 0.034931
vt 0.333916 0.047409
vt 0.469283 0.250000
vt 0.465069 0.292780
vt 0.292780 0.465069
vt 0.030717 0.250000
vt 0.034931 0.207220
vt 0.207220 0.034931
vt 0.250000 0.030717
vt 0.465069 0.207220
vt 0.333916 0.452591
vt 0.034931 0.292780
vt 0.166084 0.047409
vt 0.166084 0.452591
vt 0.288504 0.443573
vt 0.250000 0.447365
vt 0.250000 0.447365
vt 0.250000 0.052635
vt 0.288504 0.056427
vt 0.174472 0.432342
vt 0.173160 0.435509
vt 0.210827 0.446936
vt 0.211496 0.443573
vt 0.171880 0.438599
vt 0.210175 0.450216
vt 0.170664 0.441535
vt 0.209555 0.453332
vt 0.169542 0.444244
vt 0.208983 0.456208
vt 0.166108 0.452534
vt 0.207232 0.465009
vt 0.166100 0.452554
vt 0.207228 0.465030
vt 0.166093 0.452570
vt 0.207225 0.465047
vt 0.166088 0.452582
vt 0.207222 0.465059
vt 0.166085 0.452589
vt 0.207221 0.465067
vt 0.110442 0.389558
vt 0.108017 0.391983
vt 0.138445 0.416954
vt 0.140350 0.414103
vt 0.105653 0.394347
vt 0.136587 0.419735
vt 0.103406 0.396594
vt 0.134822 0.422377
vt 0.101332 0.398668
vt 0.133193 0.424815
vt 0.094987 0.405013
vt 0.128207 0.432276
vt 0.094972 0.405028
vt 0.128195 0.432294
vt 0.094960 0.405040
vt 0.128186 0.432308
vt 0.094951 0.405049
vt 0.128179 0.432319
vt 0.094945 0.405055
vt 0.128174 0.432325
vt 0.067659 0.325528
vt 0.064491 0.326840
vt 0.083046 0.361555
vt 0.085897 0.359650
vt 0.061401 0.328120
vt 0.080265 0.363413
vt 0.058465 0.329336
vt 0.077623 0.365178
vt 0.055756 0.330458
vt 0.075185 0.366808
vt 0.047466 0.333892
vt 0.067724 0.371793
vt 0.047446 0.333901
vt 0.067706 0.371805
vt 0.047430 0.333907
vt 0.067692 0.371814
vt 0.047419 0.333912
vt 0.067682 0.371821
vt 0.047411 0.333915
vt 0.067675 0.371826
vt 0.052635 0.250000
vt 0.049206 0.250000
vt 0.053064 0.289173
vt 0.056427 0.288504
vt 0.045862 0.250000
vt 0.049784 0.289825
vt 0.042684 0.250000
vt 0.046668 0.290445
vt 0.039752 0.250000
vt 0.043792 0.291017
vt 0.030779 0.250000
vt 0.034991 0.292768
vt 0.030757 0.250000
vt 0.034970 0.292772
vt 0.030740 0.250000
vt 0.034953 0.292775
vt 0.030727 0.250000
vt 0.034941 0.292778
vt 0.030720 0.250000
vt 0.034933 0.292779
vt 0.067659 0.174472
vt 0.064491 0.173160
vt 0.053064 0.210827
vt 0.056427 0.211496
vt 0.061401 0.171880
vt 0.049784 0.210175
vt 0.058465 0.170664
vt 0.046668 0.209555
vt 0.055756 0.169542
vt 0.043792 0.208983
vt 0.047466 0.166108
vt 0.034991 0.207232
vt 0.047446 0.166099
vt 0.034970 0.207228
vt 0.047430 0.166093
vt 0.034953 0.207225
vt 0.047419 0.166088
vt 0.034941 0.207222
vt 0.047411 0.166085
vt 0.034933 0.207221
vt 0.110442 0.110442
vt 0.108017 0.108017
vt 0.083046 0.138445
vt 0.085897 0.140350
vt 0.105653 0.105653
vt 0.080265 0.136587
vt 0.103406 0.103406
vt 0.077623 0.134822
vt 0.101332 0.101332
vt 0.075185 0.133193
vt 0.094987 0.094987
vt 0.067724 0.128207
vt 0.094972 0.094972
vt 0.067706 0.128195
vt 0.094960 0.094960
vt 0.067692 0.128186
vt 0.094951 0.094951
vt 0.067682 0.128179
vt 0.094945 0.094945
vt 0.067675 0.128174
vt 0.174472 0.067659
vt 0.173160 0.064491
vt 0.138445 0.083046
vt 0.140350 0.085897
vt 0.171880 0.061401
vt 0.136587 0.080265
vt 0.170664 0.058465
vt 0.134822 0.077623
vt 0.169542 0.055756
vt 0.133193 0.075185
vt 0.166108 0.047466
vt 0.128207 0.067724
vt 0.166099 0.047446
vt 0.128195 0.067706
vt 0.166093 0.047430
vt 0.128186 0.067692
vt 0.166088 0.047419
vt 0.128179 0.067681
vt 0.166085 0.047411
vt 0.128174 0.067675
vt 0.250000 0.049206
vt 0.210827 0.053064
vt 0.211496 0.056427
vt 0.250000 0.045862
vt 0.210175 0.049784
vt 0.250000 0.042684
vt 0.209555 0.046668
vt 0.250000 0.039752
vt 0.208983 0.043792
vt 0.250000 0.030779
vt 0.207232 0.034991
vt 0.250000 0.030757
vt 0.207228 0.034970
vt 0.250000 0.030740
vt 0.207225 0.034953
vt 0.250000 0.030727
vt 0.207222 0.034941
vt 0.250000 0.030720
vt 0.207221 0.034933
vt 0.325528 0.067659
vt 0.326840 0.064491
vt 0.289173 0.053064
vt 0.328120 0.061401
vt 0.289825 0.049784
vt 0.329336 0.058465
vt 0.290445 0.046668
vt 0.330458 0.055756
vt 0.291017 0.043792
vt 0.333892 0.047466
vt 0.292768 0.034991
vt 0.333901 0.047446
vt 0.292772 0.034970
vt 0.333907 0.047430
vt 0.292776 0.034953
vt 0.333912 0.047419
vt 0.292778 0.034941
vt 0.333915 0.047411
vt 0.292779 0.034933
vt 0.389558 0.110442
vt 0.391983 0.108017
vt 0.361555 0.083046
vt 0.359650 0.085897
vt 0.394347 0.105653
vt 0.363413 0.080265
vt 0.396594 0.103406
vt 0.365178 0.077623
vt 0.398668 0.101332
vt 0.366808 0.075185
vt 0.405013 0.094987
vt 0.371793 0.067724
vt 0.405028 0.094972
vt 0.371805 0.067706
vt 0.405040 0.094960
vt 0.371814 0.067692
vt 0.405049 0.094951
vt 0.371821 0.067682
vt 0.405055 0.094945
vt 0.371826 0.067675
vt 0.432342 0.174472
vt 0.435509 0.173160
vt 0.416954 0.138445
vt 0.414103 0.140350
vt 0.438599 0.171880
vt 0.419735 0.136587
vt 0.441535 0.170664
vt 0.422377 0.134822
vt 0.444244 0.169542
vt 0.424815 0.133193
vt 0.452534 0.166108
vt 0.432276 0.128207
vt 0.452554 0.166099
vt 0.432294 0.128195
vt 0.452570 0.166093
vt 0.432308 0.128186
vt 0.452582 0.166088
vt 0.432319 0.128179
vt 0.452589 0.166085
vt 0.432325 0.128174
vt 0.447365 0.250000
vt 0.450794 0.250000
vt 0.446936 0.210827
vt 0.443573 0.211496
vt 0.454138 0.250000
vt 0.450216 0.210175
vt 0.457315 0.250000
vt 0.453332 0.209555
vt 0.460248 0.250000
vt 0.456208 0.208983
vt 0.469221 0.250000
vt 0.465009 0.207232
vt 0.469243 0.250000
vt 0.465030 0.207228
vt 0.469260 0.250000
vt 0.465047 0.207224
vt 0.469273 0.250000
vt 0.465059 0.207222
vt 0.469280 0.250000
vt 0.465067 0.207221
vt 0.432341 0.325528
vt 0.435509 0.326840
vt 0.446936 0.289173
vt 0.443573 0.288504
vt 0.438599 0.328120
vt 0.450216 0.289825
vt 0.441535 0.329336
vt 0.453332 0.290445
vt 0.444244 0.330458
vt 0.456208 0.291017
vt 0.452534 0.333892
vt 0.465009 0.292768
vt 0.452554 0.333901
vt 0.465030 0.292772
vt 0.452570 0.333907
vt 0.465047 0.292776
vt 0.452581 0.333912
vt 0.465059 0.292778
vt 0.452589 0.333915
vt 0.465067 0.292779
vt 0.389558 0.389558
vt 0.391983 0.391983
vt 0.416954 0.361555
vt 0.414103 0.359650
vt 0.394347 0.394347
vt 0.419735 0.363413
vt 0.396594 0.396594
vt 0.422377 0.365178
vt 0.398668 0.398668
vt 0.424815 0.366807
vt 0.405013 0.405013
vt 0.432276 0.371793
vt 0.405028 0.405028
vt 0.432294 0.371805
vt 0.405040 0.405040
vt 0.432308 0.371814
vt 0.405049 0.405049
vt 0.432319 0.371821
vt 0.405055 0.405055
vt 0.432325 0.371826
vt 0.325528 0.432342
vt 0.326840 0.435509
vt 0.361555 0.416954
vt 0.359650 0.414103
vt 0.328120 0.438599
vt 0.363413 0.419735
vt 0.329336 0.441535
vt 0.365178 0.422377
vt 0.330458 0.444244
vt 0.366807 0.424815
vt 0.333892 0.452534
vt 0.371793 0.432276
vt 0.333901 0.452554
vt 0.371805 0.432294
vt 0.333907 0.452570
vt 0.371814 0.432308
vt 0.333912 0.452581
vt 0.371821 0.432319
vt 0.333915 0.452589
vt 0.371826 0.432325
vt 0.250000 0.450794
vt 0.250000 0.454138
vt 0.250000 0.457315
vt 0.250000 0.460248
vt 0.250000 0.469221
vt 0.250000 0.469243
vt 0.250000 0.469260
vt 0.250000 0.469273
vt 0.250000 0.469280
vt 0.289173 0.446936
vt 0.289825 0.450216
vt 0.290445 0.453332
vt 0.291017 0.456208
vt 0.292768 0.465009
vt 0.292772 0.465030
vt 0.292776 0.465047
vt 0.292778 0.465059
vt 0.292780 0.465067
vt 0.174472 0.432342
vt 0.140350 0.414103
vt 0.110442 0.389558
vt 0.443573 0.211496
vt 0.067659 0.174472
vt 0.056427 0.288504
vt 0.288504 0.056427
vt 0.056427 0.211496
vt 0.063489 0.212901
vt 0.059835 0.250000
vt 0.063489 0.287099
vt 0.074310 0.322773
vt 0.091883 0.355650
vt 0.115533 0.384467
vt 0.144350 0.408116
vt 0.177227 0.425690
vt 0.212901 0.436511
vt 0.250000 0.440165
vt 0.287099 0.436511
vt 0.322773 0.425690
vt 0.355650 0.408117
vt 0.384467 0.384467
vt 0.408117 0.355650
vt 0.425690 0.322773
vt 0.436511 0.287099
vt 0.440165 0.250000
vt 0.436511 0.212901
vt 0.425690 0.177227
vt 0.408117 0.144350
vt 0.384467 0.115533
vt 0.355650 0.091883
vt 0.322773 0.074310
vt 0.287099 0.063489
vt 0.250000 0.059835
vt 0.212901 0.063489
vt 0.177227 0.074310
vt 0.144350 0.091883
vt 0.115533 0.115533
vt 0.091883 0.144350
vt 0.074310 0.177227
vt 0.211496 0.056427
vt 0.176796 0.426731
vt 0.212681 0.437616
vt 0.176376 0.427745
vt 0.212467 0.438694
vt 0.175976 0.428710
vt 0.212263 0.439717
vt 0.175607 0.429600
vt 0.212075 0.440662
vt 0.174479 0.432323
vt 0.211500 0.443553
vt 0.174477 0.432329
vt 0.211499 0.443560
vt 0.174475 0.432335
vt 0.211498 0.443565
vt 0.174473 0.432338
vt 0.211497 0.443570
vt 0.174472 0.432341
vt 0.211496 0.443572
vt 0.143724 0.409053
vt 0.143114 0.409966
vt 0.142534 0.410834
vt 0.141999 0.411635
vt 0.140361 0.414086
vt 0.140357 0.414092
vt 0.140354 0.414097
vt 0.140352 0.414100
vt 0.140350 0.414102
vt 0.073270 0.323204
vt 0.090947 0.356276
vt 0.072255 0.323625
vt 0.090034 0.356886
vt 0.071290 0.324024
vt 0.089166 0.357466
vt 0.070401 0.324393
vt 0.088365 0.358001
vt 0.067677 0.325521
vt 0.085914 0.359639
vt 0.067671 0.325523
vt 0.085908 0.359643
vt 0.067666 0.325525
vt 0.085903 0.359646
vt 0.067662 0.325527
vt 0.085900 0.359648
vt 0.067659 0.325528
vt 0.085898 0.359650
vt 0.090947 0.143724
vt 0.073270 0.176796
vt 0.090034 0.143114
vt 0.072255 0.176375
vt 0.089166 0.142534
vt 0.071290 0.175976
vt 0.088365 0.141999
vt 0.070400 0.175607
vt 0.085914 0.140361
vt 0.067677 0.174479
vt 0.085908 0.140357
vt 0.067671 0.174477
vt 0.085903 0.140354
vt 0.067665 0.174475
vt 0.085900 0.140352
vt 0.067662 0.174473
vt 0.085898 0.140350
vt 0.067659 0.174472
vt 0.437616 0.287319
vt 0.441292 0.250000
vt 0.438693 0.287533
vt 0.442390 0.250000
vt 0.439717 0.287737
vt 0.443434 0.250000
vt 0.440662 0.287925
vt 0.444397 0.250000
vt 0.443553 0.288500
vt 0.447345 0.250000
vt 0.443560 0.288501
vt 0.447352 0.250000
vt 0.443565 0.288503
vt 0.447357 0.250000
vt 0.443569 0.288503
vt 0.447362 0.250000
vt 0.443572 0.288504
vt 0.447364 0.250000
vt 0.426730 0.323204
vt 0.427745 0.323624
vt 0.428710 0.324024
vt 0.429600 0.324392
vt 0.432323 0.325521
vt 0.432329 0.325523
vt 0.432335 0.325525
vt 0.432338 0.325527
vt 0.432341 0.325528
vt 0.437616 0.212681
vt 0.426730 0.176796
vt 0.438693 0.212467
vt 0.427745 0.176376
vt 0.439717 0.212263
vt 0.428710 0.175976
vt 0.440662 0.212075
vt 0.429600 0.175607
vt 0.443553 0.211500
vt 0.432323 0.174479
vt 0.443560 0.211499
vt 0.432329 0.174477
vt 0.443565 0.211497
vt 0.432335 0.174475
vt 0.443569 0.211497
vt 0.432338 0.174473
vt 0.443572 0.211496
vt 0.432341 0.174472
vt 0.323204 0.073270
vt 0.287319 0.062384
vt 0.323625 0.072255
vt 0.287533 0.061307
vt 0.324024 0.071290
vt 0.287737 0.060283
vt 0.324393 0.070400
vt 0.287925 0.059338
vt 0.325521 0.067677
vt 0.288500 0.056447
vt 0.325523 0.067671
vt 0.288502 0.056440
vt 0.325525 0.067665
vt 0.288503 0.056435
vt 0.325527 0.067662
vt 0.288503 0.056431
vt 0.325528 0.067659
vt 0.288504 0.056428
vt 0.409053 0.143724
vt 0.385264 0.114737
vt 0.409966 0.143114
vt 0.386040 0.113960
vt 0.410834 0.142534
vt 0.386778 0.113222
vt 0.411635 0.141999
vt 0.387460 0.112540
vt 0.414086 0.140361
vt 0.389544 0.110456
vt 0.414092 0.140357
vt 0.389549 0.110451
vt 0.414097 0.140354
vt 0.389553 0.110447
vt 0.414100 0.140352
vt 0.389556 0.110444
vt 0.414102 0.140350
vt 0.389558 0.110442
vt 0.062384 0.287319
vt 0.061307 0.287533
vt 0.060283 0.287737
vt 0.059338 0.287925
vt 0.056447 0.288500
vt 0.056440 0.288502
vt 0.056435 0.288503
vt 0.056431 0.288503
vt 0.056428 0.288504
vt 0.114737 0.385264
vt 0.113960 0.386040
vt 0.113222 0.386779
vt 0.112540 0.387460
vt 0.110456 0.389544
vt 0.110451 0.389549
vt 0.110447 0.389553
vt 0.110444 0.389556
vt 0.110443 0.389558
vt 0.356276 0.090947
vt 0.356886 0.090034
vt 0.357466 0.089166
vt 0.358001 0.088365
vt 0.359639 0.085914
vt 0.359643 0.085908
vt 0.359646 0.085903
vt 0.359648 0.085900
vt 0.359650 0.085898
vt 0.356276 0.409053
vt 0.385264 0.385264
vt 0.356886 0.409967
vt 0.386040 0.386040
vt 0.357466 0.410834
vt 0.386778 0.386778
vt 0.358001 0.411635
vt 0.387459 0.387460
vt 0.359639 0.414086
vt 0.389544 0.389544
vt 0.359643 0.414092
vt 0.389549 0.389549
vt 0.359646 0.414097
vt 0.389553 0.389553
vt 0.359648 0.414100
vt 0.389556 0.389556
vt 0.359650 0.414102
vt 0.389557 0.389558
vt 0.323204 0.426730
vt 0.323624 0.427745
vt 0.324024 0.428710
vt 0.324393 0.429600
vt 0.325521 0.432323
vt 0.325523 0.432329
vt 0.325525 0.432335
vt 0.325527 0.432338
vt 0.325528 0.432341
vt 0.176796 0.073270
vt 0.143724 0.090947
vt 0.176376 0.072255
vt 0.143114 0.090034
vt 0.175976 0.071290
vt 0.142534 0.089166
vt 0.175607 0.070400
vt 0.141999 0.088365
vt 0.174479 0.067677
vt 0.140361 0.085914
vt 0.174477 0.067671
vt 0.140357 0.085908
vt 0.174475 0.067666
vt 0.140354 0.085903
vt 0.174473 0.067662
vt 0.140352 0.085900
vt 0.174472 0.067659
vt 0.140350 0.085898
vt 0.250000 0.058709
vt 0.212681 0.062384
vt 0.250000 0.057610
vt 0.212467 0.061307
vt 0.250000 0.056566
vt 0.212263 0.060283
vt 0.250000 0.055603
vt 0.212075 0.059338
vt 0.250000 0.052655
vt 0.211500 0.056447
vt 0.250000 0.052648
vt 0.211499 0.056440
vt 0.250000 0.052643
vt 0.211498 0.056435
vt 0.250000 0.052638
vt 0.211497 0.056431
vt 0.250000 0.052636
vt 0.211496 0.056428
vt 0.250000 0.441292
vt 0.287319 0.437616
vt 0.250000 0.442390
vt 0.287533 0.438693
vt 0.250000 0.443434
vt 0.287737 0.439717
vt 0.250000 0.444397
vt 0.287925 0.440662
vt 0.250000 0.447345
vt 0.288500 0.443553
vt 0.250000 0.447352
vt 0.288502 0.443560
vt 0.250000 0.447358
vt 0.288503 0.443565
vt 0.250000 0.447362
vt 0.288503 0.443570
vt 0.250000 0.447364
vt 0.288504 0.443572
vt 0.062384 0.212681
vt 0.061307 0.212467
vt 0.060283 0.212263
vt 0.059338 0.212075
vt 0.056447 0.211500
vt 0.056440 0.211499
vt 0.056435 0.211498
vt 0.056431 0.211497
vt 0.056428 0.211496
vt 0.058709 0.250000
vt 0.057610 0.250000
vt 0.056566 0.250000
vt 0.055603 0.250000
vt 0.052655 0.250000
vt 0.052648 0.250000
vt 0.052643 0.250000
vt 0.052638 0.250000
vt 0.052636 0.250000
vt 0.409053 0.356276
vt 0.409967 0.356886
vt 0.410834 0.357466
vt 0.411635 0.358001
vt 0.414086 0.359639
vt 0.414092 0.359643
vt 0.414097 0.359646
vt 0.414100 0.359648
vt 0.414102 0.359650
vt 0.114737 0.114737
vt 0.113960 0.113960
vt 0.113222 0.113222
vt 0.112540 0.112540
vt 0.110456 0.110456
vt 0.110451 0.110451
vt 0.110447 0.110447
vt 0.110444 0.110444
vt 0.110442 0.110442
vt 0.375000 0.608877
vt 0.375000 0.610464
vt 0.375000 0.612600
vt 0.375000 0.615203
vt 0.375000 0.618173
vt 0.375000 0.621395
vt 0.375000 0.624746
vt 0.375000 0.628097
vt 0.375000 0.631319
vt 0.375000 0.634289
vt 0.375000 0.636892
vt 0.375000 0.639028
vt 0.375000 0.640615
vt 0.375000 0.641593
vt 0.375000 0.641923
vt 0.375000 0.607900
vt 0.375000 0.607570
s 0
f 1/1/1 3/2/1 4/3/1 2/4/1
f 3/2/2 7/5/2 8/6/2 4/3/2
f 7/5/3 5/7/3 6/8/3 8/6/3
f 5/7/4 1/9/4 2/10/4 6/8/4
f 3/11/5 1/12/5 5/7/5 7/5/5
f 2/10/4 65/10/4 67/10/4 13/10/4
f 12/13/6 20/13/6 19/14/6 11/14/6
f 2/10/4 13/10/4 16/8/4 6/8/4
f 8/6/2 15/6/2 14/3/2 4/3/2
f 6/8/6 16/8/6 15/6/6 8/6/6
f 9/15/7 13/16/7 14/17/7 10/18/7
f 10/18/8 14/17/8 15/6/8 11/14/8
f 11/14/9 15/6/9 16/8/9 12/13/9
f 12/13/10 16/8/10 13/16/10 9/15/10
f 19/14/2 44/14/2 33/19/2 18/18/2
f 10/18/11 18/18/11 17/15/11 9/15/11
f 9/15/4 17/15/4 20/13/4 12/13/4
f 11/14/2 19/14/2 18/18/2 10/18/2
f 17/15/4 21/15/4 55/20/4 20/13/4
f 20/13/6 55/13/6 44/21/6 19/14/6
f 43/22/12 54/23/12 22/24/12 32/25/12
f 22/24/13 31/26/13 34/27/13 32/25/13
f 31/26/14 30/28/14 35/29/14 34/27/14
f 30/28/15 29/30/15 36/31/15 35/29/15
f 29/30/16 28/32/16 37/33/16 36/31/16
f 28/32/17 27/34/17 38/35/17 37/33/17
f 27/34/18 26/36/18 39/37/18 38/35/18
f 26/36/19 25/38/19 40/39/19 39/37/19
f 25/38/20 24/40/20 41/41/20 40/39/20
f 24/40/21 23/42/21 42/43/21 41/41/21
f 23/42/22 21/44/22 33/18/22 42/43/22
f 32/25/23 34/27/23 45/45/23 43/22/23
f 34/27/24 35/29/24 46/46/24 45/45/24
f 35/29/25 36/31/25 47/47/25 46/46/25
f 36/31/26 37/33/26 48/48/26 47/47/26
f 37/33/27 38/35/27 49/49/27 48/48/27
f 38/35/28 39/37/28 50/50/28 49/49/28
f 39/37/29 40/39/29 51/51/29 50/50/29
f 40/39/30 41/41/30 52/52/30 51/51/30
f 41/41/31 42/43/31 53/53/31 52/52/31
f 42/43/32 33/19/32 44/14/32 53/53/32
f 43/22/33 45/45/33 56/54/33 54/23/33
f 45/45/34 46/46/34 57/55/34 56/54/34
f 46/46/35 47/47/35 58/56/35 57/55/35
f 47/47/36 48/48/36 59/57/36 58/56/36
f 48/48/37 49/49/37 60/58/37 59/57/37
f 49/49/38 50/50/38 61/59/38 60/58/38
f 50/50/39 51/51/39 62/60/39 61/59/39
f 51/51/40 52/52/40 63/61/40 62/60/40
f 52/52/41 53/53/41 64/62/41 63/61/41
f 53/53/42 44/21/42 55/13/42 64/62/42
f 54/23/43 56/54/43 31/26/43 22/24/43
f 56/54/44 57/55/44 30/28/44 31/26/44
f 57/55/45 58/56/45 29/30/45 30/28/45
f 58/56/46 59/57/46 28/32/46 29/30/46
f 59/57/47 60/58/47 27/34/47 28/32/47
f 60/58/48 61/59/48 26/36/48 27/34/48
f 61/59/49 62/60/49 25/38/49 26/36/49
f 62/60/50 63/61/50 24/40/50 25/38/50
f 63/61/51 64/62/51 23/42/51 24/40/51
f 64/62/52 55/20/52 21/15/52 23/42/52
f 18/18/11 33/18/11 21/44/11 17/15/11
f 66/3/11 68/3/11 67/4/11 65/4/11
f 13/16/12 67/16/12 68/17/12 14/17/12
f 14/3/2 68/3/2 66/3/2 4/3/2
f 65/4/11 71/4/11 72/3/11 66/3/11
f 72/3/2 76/3/2 74/3/2 70/3/2
f 66/3/2 72/3/2 70/3/2 4/3/2
f 2/10/4 69/10/4 71/10/4 65/10/4
f 2/10/4 77/10/4 79/10/4 69/10/4
f 74/3/5 76/3/5 75/4/5 73/4/5
f 71/4/11 75/4/11 76/3/11 72/3/11
f 69/10/4 73/10/4 75/10/4 71/10/4
f 74/3/2 84/3/2 82/3/2 70/3/2
f 78/3/6 80/3/6 79/4/6 77/4/6
f 70/3/2 80/3/2 78/3/2 4/3/2
f 4/3/12 78/3/12 77/4/12 2/4/12
f 69/4/5 79/4/5 80/3/5 70/3/5
f 82/3/6 84/3/6 83/4/6 81/4/6
f 73/4/5 83/4/5 84/3/5 74/3/5
f 69/10/4 81/10/4 83/10/4 73/10/4
f 70/3/12 82/3/12 81/4/12 69/4/12
f 100/63/53 99/64/53 98/65/53 97/66/53 96/67/53 95/68/53 94/69/53 93/70/53 92/71/53 91/72/53 90/73/53 89/74/53 88/75/53 87/76/53 86/77/53 85/78/53 116/79/53 115/80/53 114/81/53 113/82/53 112/83/53 111/84/53 110/85/53 109/86/53 108/87/53 107/88/53 106/89/53 105/90/53 104/91/53 103/92/53 102/93/53 101/94/53
f 118/95/54 150/96/54 149/97/54 117/98/54
f 119/99/55 151/100/55 150/96/55 118/95/55
f 120/101/56 152/102/56 151/100/56 119/99/56
f 121/17/57 153/103/57 152/102/57 120/101/57
f 154/104/58 153/103/58 121/17/58 122/105/58
f 155/106/59 154/104/59 122/105/59 123/107/59
f 156/108/60 155/106/60 123/107/60 124/109/60
f 157/110/61 156/108/61 124/109/61 125/111/61
f 158/112/62 157/110/62 125/111/62 126/113/62
f 159/114/63 158/112/63 126/113/63 127/115/63
f 160/116/64 159/114/64 127/115/64 128/117/64
f 161/118/65 160/116/65 128/117/65 129/6/65
f 162/119/66 161/118/66 129/6/66 130/120/66
f 163/121/67 162/119/67 130/120/67 131/122/67
f 164/123/68 163/121/68 131/122/68 132/124/68
f 165/125/69 164/123/69 132/124/69 133/126/69
f 166/127/70 165/125/70 133/126/70 134/128/70
f 167/129/71 166/127/71 134/128/71 135/130/71
f 168/131/72 167/129/72 135/130/72 136/132/72
f 169/133/73 168/131/73 136/132/73 137/5/73
f 138/134/74 170/135/74 169/133/74 137/5/74
f 139/136/75 171/137/75 170/135/75 138/134/75
f 140/138/76 172/139/76 171/137/76 139/136/76
f 141/140/77 173/141/77 172/139/77 140/138/77
f 142/142/78 174/143/78 173/141/78 141/140/78
f 143/144/79 175/145/79 174/143/79 142/142/79
f 144/146/80 176/147/80 175/145/80 143/144/80
f 145/11/81 177/148/81 176/147/81 144/146/81
f 146/149/82 178/150/82 177/148/82 145/11/82
f 147/151/83 179/152/83 178/150/83 146/149/83
f 148/153/84 180/154/84 179/152/84 147/151/84
f 117/155/85 149/156/85 180/154/85 148/153/85
f 148/157/5 147/158/5 146/159/5 145/160/5 144/161/5 143/162/5 142/163/5 141/164/5 140/165/5 139/166/5 138/167/5 137/168/5 136/169/5 135/170/5 134/171/5 133/172/5 132/173/5 131/174/5 130/175/5 129/176/5 128/177/5 127/178/5 126/179/5 125/180/5 124/181/5 123/182/5 122/183/5 121/184/5 120/185/5 119/186/5 118/187/5 117/188/5
f 164/63/12 165/94/12 166/93/12 167/92/12 168/91/12 169/90/12 170/89/12 171/88/12 172/87/12 173/86/12 174/85/12 175/84/12 176/83/12 177/82/12 178/81/12 179/80/12 180/79/12 149/78/12 150/77/12 151/76/12 152/75/12 153/74/12 154/73/12 155/72/12 156/71/12 157/70/12 158/69/12 159/68/12 160/67/12 161/66/12 162/65/12 163/64/12
f 190/1/11 182/4/11 184/3/11 189/2/11
f 184/17/5 188/6/5 304/6/5 301/17/5
f 191/5/6 188/6/6 186/8/6 192/7/6
f 192/7/4 186/8/4 182/10/4 190/9/4
f 185/189/4 181/190/4 217/190/4 238/189/4
f 188/6/5 184/17/5 182/16/5 186/8/5
f 193/11/11 194/12/11 190/12/11 189/11/11
f 191/5/6 195/5/6 311/5/6 309/5/6
f 196/7/6 195/5/6 191/5/6 192/7/6
f 194/12/5 196/7/5 192/7/5 190/12/5
f 197/11/5 198/12/5 194/12/5 193/11/5
f 199/5/5 197/11/5 193/11/5 195/5/5
f 200/7/5 199/5/5 195/5/5 196/7/5
f 198/12/5 200/7/5 196/7/5 194/12/5
f 201/11/5 202/12/5 198/12/5 197/11/5
f 203/5/5 201/11/5 197/11/5 199/5/5
f 204/7/5 203/5/5 199/5/5 200/7/5
f 202/12/5 204/7/5 200/7/5 198/12/5
f 183/191/12 181/190/12 202/12/12 201/11/12
f 187/192/12 183/191/12 201/11/12 203/5/12
f 185/189/12 187/192/12 203/5/12 204/7/12
f 181/190/12 185/189/12 204/7/12 202/12/12
f 183/191/2 187/192/2 227/192/2 205/191/2
f 187/192/6 185/189/6 238/189/6 227/192/6
f 181/190/11 183/191/11 205/191/11 217/190/11
f 249/193/86 250/194/86 218/195/86 215/196/86
f 215/196/87 218/195/87 219/197/87 214/198/87
f 214/198/88 219/197/88 220/199/88 213/200/88
f 213/200/89 220/199/89 221/201/89 212/202/89
f 212/202/90 221/201/90 222/203/90 211/204/90
f 211/204/91 222/203/91 223/205/91 210/206/91
f 210/206/92 223/205/92 224/207/92 209/208/92
f 209/208/93 224/207/93 225/209/93 208/210/93
f 208/210/94 225/209/94 226/211/94 207/212/94
f 207/212/95 226/211/95 217/190/95 205/191/95
f 251/213/96 249/193/96 215/196/96 237/214/96
f 237/214/97 215/196/97 214/198/97 236/215/97
f 236/215/98 214/198/98 213/200/98 235/216/98
f 235/216/99 213/200/99 212/202/99 234/217/99
f 234/217/100 212/202/100 211/204/100 233/218/100
f 233/218/101 211/204/101 210/206/101 232/219/101
f 232/219/102 210/206/102 209/208/102 231/220/102
f 231/220/103 209/208/103 208/210/103 230/221/103
f 230/221/104 208/210/104 207/212/104 229/222/104
f 229/222/105 207/212/105 205/191/105 227/192/105
f 252/223/106 251/213/106 237/214/106 248/224/106
f 248/224/107 237/214/107 236/215/107 247/225/107
f 247/225/108 236/215/108 235/216/108 246/226/108
f 246/226/109 235/216/109 234/217/109 245/227/109
f 245/227/110 234/217/110 233/218/110 244/228/110
f 244/228/111 233/218/111 232/219/111 243/229/111
f 243/229/112 232/219/112 231/220/112 242/230/112
f 242/230/113 231/220/113 230/221/113 241/231/113
f 241/231/114 230/221/114 229/222/114 240/232/114
f 240/232/115 229/222/115 227/192/115 238/189/115
f 250/194/116 252/223/116 248/224/116 218/195/116
f 218/195/117 248/224/117 247/225/117 219/197/117
f 219/197/118 247/225/118 246/226/118 220/199/118
f 220/199/119 246/226/119 245/227/119 221/201/119
f 221/201/120 245/227/120 244/228/120 222/203/120
f 222/203/121 244/228/121 243/229/121 223/205/121
f 223/205/122 243/229/122 242/230/122 224/207/122
f 224/207/123 242/230/123 241/231/123 225/209/123
f 225/209/124 241/231/124 240/232/124 226/211/124
f 226/211/125 240/232/125 238/189/125 217/190/125
f 239/233/4 216/234/4 254/234/4 256/233/4
f 206/235/12 216/234/12 250/194/12 249/193/12
f 228/236/12 206/235/12 249/193/12 251/213/12
f 239/233/12 228/236/12 251/213/12 252/223/12
f 216/234/12 239/233/12 252/223/12 250/194/12
f 206/235/2 228/236/2 255/236/2 253/235/2
f 228/236/6 239/233/6 256/233/6 255/236/6
f 216/234/11 206/235/11 253/235/11 254/234/11
f 253/235/2 255/236/2 279/236/2 257/235/2
f 258/237/12 280/238/12 291/239/12 268/240/12
f 255/236/6 256/233/6 290/233/6 279/236/6
f 256/233/4 254/234/4 269/234/4 290/233/4
f 258/237/86 268/240/86 270/241/86 267/242/86
f 267/242/87 270/241/87 271/243/87 266/244/87
f 266/244/126 271/243/126 272/245/126 265/246/126
f 265/246/89 272/245/89 273/247/89 264/248/89
f 264/248/90 273/247/90 274/249/90 263/250/90
f 263/250/91 274/249/91 275/251/91 262/252/91
f 262/252/92 275/251/92 276/253/92 261/254/92
f 261/254/93 276/253/93 277/255/93 260/256/93
f 260/256/94 277/255/94 278/257/94 259/258/94
f 259/258/95 278/257/95 269/234/95 257/235/95
f 280/238/127 258/237/127 267/242/127 289/259/127
f 289/259/97 267/242/97 266/244/97 288/260/97
f 288/260/128 266/244/128 265/246/128 287/261/128
f 287/261/129 265/246/129 264/248/129 286/262/129
f 286/262/130 264/248/130 263/250/130 285/263/130
f 285/263/101 263/250/101 262/252/101 284/264/101
f 284/264/102 262/252/102 261/254/102 283/265/102
f 283/265/103 261/254/103 260/256/103 282/266/103
f 282/266/104 260/256/104 259/258/104 281/267/104
f 281/267/105 259/258/105 257/235/105 279/236/105
f 291/239/106 280/238/106 289/259/106 300/268/106
f 300/268/107 289/259/107 288/260/107 299/269/107
f 299/269/131 288/260/131 287/261/131 298/270/131
f 298/270/109 287/261/109 286/262/109 297/271/109
f 297/271/110 286/262/110 285/263/110 296/272/110
f 296/272/111 285/263/111 284/264/111 295/273/111
f 295/273/112 284/264/112 283/265/112 294/274/112
f 294/274/113 283/265/113 282/266/113 293/275/113
f 293/275/114 282/266/114 281/267/114 292/276/114
f 292/276/132 281/267/132 279/236/132 290/233/132
f 268/240/133 291/239/133 300/268/133 270/241/133
f 270/241/117 300/268/117 299/269/117 271/243/117
f 271/243/118 299/269/118 298/270/118 272/245/118
f 272/245/134 298/270/134 297/271/134 273/247/134
f 273/247/120 297/271/120 296/272/120 274/249/120
f 274/249/121 296/272/121 295/273/121 275/251/121
f 275/251/122 295/273/122 294/274/122 276/253/122
f 276/253/123 294/274/123 293/275/123 277/255/123
f 277/255/124 293/275/124 292/276/124 278/257/124
f 278/257/125 292/276/125 290/233/125 269/234/125
f 254/234/11 253/235/11 257/235/11 269/234/11
f 301/17/5 304/6/5 308/6/5 305/17/5
f 189/2/11 184/3/11 301/3/11 302/2/11
f 188/6/6 191/5/6 303/5/6 304/6/6
f 191/5/12 189/11/12 302/11/12 303/5/12
f 306/2/2 305/3/2 308/6/2 307/5/2
f 302/2/11 301/3/11 305/3/11 306/2/11
f 304/6/6 303/5/6 307/5/6 308/6/6
f 303/5/135 302/11/135 306/11/135 307/5/135
f 311/5/2 312/11/2 310/11/2 309/5/2
f 193/11/11 189/11/11 310/11/11 312/11/11
f 189/11/5 191/5/5 309/5/5 310/11/5
f 195/5/12 193/11/12 312/11/12 311/5/12
f 314/95/136 339/96/136 338/97/136 313/98/136
f 315/99/137 340/100/137 339/96/137 314/95/137
f 316/101/138 341/102/138 340/100/138 315/99/138
f 317/17/139 342/103/139 341/102/139 316/101/139
f 363/277/140 364/278/140 342/103/140 317/17/140
f 343/118/141 366/279/141 365/280/141 318/6/141
f 344/119/142 343/118/142 318/6/142 319/120/142
f 345/121/143 344/119/143 319/120/143 320/122/143
f 346/123/144 345/121/144 320/122/144 321/124/144
f 347/125/145 346/123/145 321/124/145 322/126/145
f 348/127/146 347/125/146 322/126/146 323/128/146
f 349/129/147 348/127/147 323/128/147 324/130/147
f 350/131/148 349/129/148 324/130/148 325/132/148
f 351/133/149 350/131/149 325/132/149 326/5/149
f 327/134/150 352/135/150 351/133/150 326/5/150
f 328/136/151 353/137/151 352/135/151 327/134/151
f 329/138/152 354/139/152 353/137/152 328/136/152
f 330/140/153 355/141/153 354/139/153 329/138/153
f 331/142/154 356/143/154 355/141/154 330/140/154
f 332/144/155 357/145/155 356/143/155 331/142/155
f 333/146/156 358/147/156 357/145/156 332/144/156
f 334/11/157 359/148/157 358/147/157 333/146/157
f 335/149/158 360/150/158 359/148/158 334/11/158
f 336/151/159 361/152/159 360/150/159 335/149/159
f 337/153/160 362/154/160 361/152/160 336/151/160
f 313/155/161 338/156/161 362/154/161 337/153/161
f 318/176/5 365/281/5 363/282/5 317/184/5 316/185/5 315/186/5 314/187/5 313/188/5 337/157/5 336/158/5 335/159/5 334/160/5 333/161/5 332/162/5 331/163/5 330/164/5 329/165/5 328/166/5 327/167/5 326/168/5 325/169/5 324/170/5 323/171/5 322/172/5 321/173/5 320/174/5 319/175/5
f 342/74/12 364/283/12 366/284/12 343/66/12 344/65/12 345/64/12 346/63/12 347/94/12 348/93/12 349/92/12 350/91/12 351/90/12 352/89/12 353/88/12 354/87/12 355/86/12 356/85/12 357/84/12 358/83/12 359/82/12 360/81/12 361/80/12 362/79/12 338/78/12 339/77/12 340/76/12 341/75/12
f 366/285/6 364/286/6 363/287/6 365/288/6
f 1487/289/162 1488/290/162 368/291/162 367/292/162
f 1488/290/163 1489/293/163 369/294/163 368/291/163
f 1489/293/164 1490/295/164 370/296/164 369/294/164
f 1490/295/165 1491/297/165 371/298/165 370/296/165
f 1491/297/166 1492/299/166 372/300/166 371/298/166
f 1492/299/167 1493/301/167 373/302/167 372/300/167
f 1493/301/168 1494/303/168 374/304/168 373/302/168
f 1494/303/169 1495/305/169 375/306/169 374/304/169
f 1495/305/170 1496/307/170 376/308/170 375/306/170
f 1496/307/171 1497/309/171 377/310/171 376/308/171
f 1497/309/172 1498/311/172 378/312/172 377/310/172
f 1498/311/173 1499/313/173 379/10/173 378/312/173
f 1499/313/174 1500/314/174 380/315/174 379/10/174
f 1500/314/175 1501/316/175 381/317/175 380/315/175
f 1501/316/176 1502/318/176 382/319/176 381/317/176
f 1502/318/177 1503/320/177 383/321/177 382/319/177
f 1503/320/178 1504/322/178 384/323/178 383/321/178
f 1504/322/179 1505/324/179 385/325/179 384/323/179
f 1505/324/180 1506/326/180 386/327/180 385/325/180
f 1506/326/181 1507/328/181 387/9/181 386/327/181
f 1507/328/182 1508/329/182 388/330/182 387/9/182
f 1508/329/183 1509/331/183 389/332/183 388/330/183
f 1509/331/184 1510/333/184 390/334/184 389/332/184
f 1510/333/185 1511/335/185 391/336/185 390/334/185
f 1511/335/186 1512/337/186 392/338/186 391/336/186
f 1512/337/187 1513/339/187 393/340/187 392/338/187
f 1513/339/188 1514/341/188 394/342/188 393/340/188
f 1514/341/189 1515/343/189 395/344/189 394/342/189
f 1515/343/190 1516/345/190 396/346/190 395/344/190
f 1516/345/191 1517/347/191 397/348/191 396/346/191
f 388/330/166 663/349/166 652/350/166 387/9/166
f 1517/347/192 1518/351/192 398/352/192 397/348/192
f 1518/351/193 1487/353/193 367/354/193 398/352/193
f 369/294/179 454/294/179 432/355/179 368/291/179
f 397/348/175 762/356/175 751/357/175 396/346/175
f 375/306/185 520/306/185 509/358/185 374/304/185
f 384/323/162 619/359/162 608/360/162 383/321/162
f 393/340/171 718/361/171 707/338/171 392/338/171
f 371/298/181 476/362/181 465/363/181 370/296/181
f 380/315/190 575/364/190 564/365/190 379/10/190
f 389/332/167 674/332/167 663/349/167 388/330/167
f 398/352/176 773/366/176 762/356/176 397/348/176
f 376/308/186 531/367/186 520/306/186 375/306/186
f 385/325/163 630/368/163 619/359/163 384/323/163
f 394/342/172 729/342/172 718/361/172 393/340/172
f 372/300/182 487/369/182 476/362/182 371/298/182
f 381/317/191 586/317/191 575/364/191 380/315/191
f 390/334/168 685/370/168 674/332/168 389/332/168
f 443/371/177 1125/372/177 784/373/177 772/374/177
f 377/310/187 542/375/187 531/367/187 376/308/187
f 386/327/164 641/376/164 630/368/164 385/325/164
f 395/344/173 740/377/173 729/342/173 394/342/173
f 373/302/183 498/302/183 487/369/183 372/300/183
f 382/319/192 597/378/192 586/317/192 381/317/192
f 391/336/169 696/379/169 685/370/169 390/334/169
f 552/380/188 1004/381/188 1015/382/188 541/383/188
f 370/296/180 465/363/180 454/294/180 369/294/180
f 378/312/188 553/312/188 542/375/188 377/310/188
f 387/9/165 652/350/165 641/376/165 386/327/165
f 396/346/174 751/357/174 740/377/174 395/344/174
f 374/304/184 509/358/184 498/302/184 373/302/184
f 383/321/193 608/360/193 597/378/193 382/319/193
f 392/338/170 707/338/170 696/379/170 391/336/170
f 367/354/177 442/384/177 773/366/177 398/352/177
f 379/10/189 564/365/189 553/312/189 378/312/189
f 432/355/194 441/385/194 444/386/194 442/387/194
f 441/385/195 440/388/195 445/389/195 444/386/195
f 440/388/196 439/390/196 446/391/196 445/389/196
f 439/390/197 438/392/197 447/393/197 446/391/197
f 438/392/198 437/394/198 448/395/198 447/393/198
f 437/396/199 436/397/199 449/398/199 448/399/199
f 436/397/200 435/400/200 450/401/200 449/398/200
f 435/400/201 434/402/201 451/403/201 450/401/201
f 434/402/202 433/404/202 452/405/202 451/403/202
f 433/404/203 431/406/203 443/371/203 452/405/203
f 454/294/204 463/407/204 441/408/204 432/355/204
f 463/407/205 462/409/205 440/410/205 441/408/205
f 462/409/206 461/411/206 439/412/206 440/410/206
f 461/411/207 460/413/207 438/414/207 439/412/207
f 460/413/208 459/415/208 437/416/208 438/414/208
f 459/417/209 458/418/209 436/397/209 437/419/209
f 458/418/210 457/420/210 435/400/210 436/397/210
f 457/420/211 456/421/211 434/402/211 435/400/211
f 456/421/212 455/422/212 433/404/212 434/402/212
f 455/422/213 453/423/213 431/406/213 433/404/213
f 465/363/214 474/424/214 463/425/214 454/294/214
f 474/424/215 473/426/215 462/427/215 463/425/215
f 473/426/216 472/428/216 461/429/216 462/427/216
f 472/428/217 471/430/217 460/431/217 461/429/217
f 471/430/218 470/432/218 459/433/218 460/431/218
f 470/434/219 469/435/219 458/418/219 459/436/219
f 469/435/220 468/437/220 457/420/220 458/418/220
f 468/437/221 467/438/221 456/421/221 457/420/221
f 467/438/222 466/439/222 455/422/222 456/421/222
f 466/439/223 464/440/223 453/423/223 455/422/223
f 476/362/224 485/441/224 474/442/224 465/363/224
f 485/441/225 484/443/225 473/444/225 474/442/225
f 484/443/226 483/445/226 472/446/226 473/444/226
f 483/445/227 482/447/227 471/448/227 472/446/227
f 482/447/228 481/449/228 470/450/228 471/448/228
f 481/451/229 480/452/229 469/435/229 470/453/229
f 480/452/230 479/454/230 468/437/230 469/435/230
f 479/454/231 478/455/231 467/438/231 468/437/231
f 478/455/232 477/456/232 466/439/232 467/438/232
f 477/456/233 475/457/233 464/440/233 466/439/233
f 487/369/234 496/458/234 485/459/234 476/362/234
f 496/458/235 495/460/235 484/461/235 485/459/235
f 495/460/236 494/462/236 483/463/236 484/461/236
f 494/462/237 493/464/237 482/465/237 483/463/237
f 493/464/238 492/466/238 481/467/238 482/465/238
f 492/468/239 491/469/239 480/452/239 481/470/239
f 491/469/240 490/471/240 479/454/240 480/452/240
f 490/471/241 489/472/241 478/455/241 479/454/241
f 489/472/242 488/473/242 477/456/242 478/455/242
f 488/473/243 486/474/243 475/457/243 477/456/243
f 498/302/244 507/475/244 496/476/244 487/369/244
f 507/475/245 506/477/245 495/478/245 496/476/245
f 506/477/246 505/479/246 494/480/246 495/478/246
f 505/479/247 504/481/247 493/482/247 494/480/247
f 504/481/248 503/483/248 492/484/248 493/482/248
f 503/485/249 502/486/249 491/469/249 492/487/249
f 502/486/250 501/488/250 490/471/250 491/469/250
f 501/488/251 500/489/251 489/472/251 490/471/251
f 500/489/252 499/490/252 488/473/252 489/472/252
f 499/490/253 497/491/253 486/474/253 488/473/253
f 509/358/254 518/492/254 507/493/254 498/302/254
f 518/492/255 517/494/255 506/495/255 507/493/255
f 517/494/256 516/496/256 505/497/256 506/495/256
f 516/496/257 515/498/257 504/499/257 505/497/257
f 515/498/258 514/500/258 503/501/258 504/499/258
f 514/502/259 513/503/259 502/486/259 503/504/259
f 513/503/260 512/505/260 501/488/260 502/486/260
f 512/505/261 511/506/261 500/489/261 501/488/261
f 511/506/262 510/507/262 499/490/262 500/489/262
f 510/507/263 508/508/263 497/491/263 499/490/263
f 520/306/264 529/509/264 518/510/264 509/358/264
f 529/509/265 528/511/265 517/512/265 518/510/265
f 528/511/266 527/513/266 516/514/266 517/512/266
f 527/513/267 526/515/267 515/516/267 516/514/267
f 526/515/268 525/517/268 514/518/268 515/516/268
f 525/519/269 524/520/269 513/503/269 514/521/269
f 524/520/270 523/522/270 512/505/270 513/503/270
f 523/522/271 522/523/271 511/506/271 512/505/271
f 522/523/272 521/524/272 510/507/272 511/506/272
f 521/524/273 519/525/273 508/508/273 510/507/273
f 531/367/274 540/526/274 529/527/274 520/306/274
f 540/526/275 539/528/275 528/529/275 529/527/275
f 539/528/276 538/530/276 527/531/276 528/529/276
f 538/530/277 537/532/277 526/533/277 527/531/277
f 537/532/278 536/534/278 525/535/278 526/533/278
f 536/536/279 535/537/279 524/520/279 525/538/279
f 535/537/280 534/539/280 523/522/280 524/520/280
f 534/539/281 533/540/281 522/523/281 523/522/281
f 533/540/282 532/541/282 521/524/282 522/523/282
f 532/541/283 530/542/283 519/525/283 521/524/283
f 542/375/284 551/543/284 540/544/284 531/367/284
f 551/543/285 550/545/285 539/546/285 540/544/285
f 550/545/286 549/547/286 538/548/286 539/546/286
f 549/547/287 548/549/287 537/550/287 538/548/287
f 548/549/288 547/551/288 536/552/288 537/550/288
f 547/553/289 546/554/289 535/537/289 536/555/289
f 546/554/290 545/556/290 534/539/290 535/537/290
f 545/556/291 544/557/291 533/540/291 534/539/291
f 544/557/292 543/558/292 532/541/292 533/540/292
f 543/558/293 541/383/293 530/542/293 532/541/293
f 553/312/294 562/559/294 551/560/294 542/375/294
f 562/559/295 561/561/295 550/562/295 551/560/295
f 561/561/296 560/563/296 549/564/296 550/562/296
f 560/563/297 559/565/297 548/566/297 549/564/297
f 559/565/298 558/567/298 547/568/298 548/566/298
f 558/569/299 557/570/299 546/554/299 547/571/299
f 557/570/300 556/572/300 545/556/300 546/554/300
f 556/572/301 555/573/301 544/557/301 545/556/301
f 555/573/302 554/574/302 543/558/302 544/557/302
f 554/574/303 552/380/303 541/383/303 543/558/303
f 564/365/304 573/575/304 562/576/304 553/312/304
f 573/575/305 572/577/305 561/578/305 562/576/305
f 572/577/306 571/579/306 560/580/306 561/578/306
f 571/579/307 570/581/307 559/582/307 560/580/307
f 570/581/308 569/583/308 558/584/308 559/582/308
f 569/585/309 568/586/309 557/570/309 558/587/309
f 568/586/310 567/588/310 556/572/310 557/570/310
f 567/588/311 566/589/311 555/573/311 556/572/311
f 566/589/312 565/590/312 554/574/312 555/573/312
f 565/590/313 563/591/313 552/380/313 554/574/313
f 575/364/314 584/592/314 573/593/314 564/365/314
f 584/592/315 583/594/315 572/595/315 573/593/315
f 583/594/316 582/596/316 571/597/316 572/595/316
f 582/596/317 581/598/317 570/599/317 571/597/317
f 581/598/318 580/600/318 569/601/318 570/599/318
f 580/602/319 579/603/319 568/586/319 569/604/319
f 579/603/320 578/605/320 567/588/320 568/586/320
f 578/605/321 577/606/321 566/589/321 567/588/321
f 577/606/322 576/607/322 565/590/322 566/589/322
f 576/607/323 574/608/323 563/591/323 565/590/323
f 586/317/324 595/609/324 584/610/324 575/364/324
f 595/609/325 594/611/325 583/612/325 584/610/325
f 594/611/326 593/613/326 582/614/326 583/612/326
f 593/613/327 592/615/327 581/616/327 582/614/327
f 592/615/328 591/617/328 580/618/328 581/616/328
f 591/619/329 590/620/329 579/603/329 580/621/329
f 590/620/330 589/622/330 578/605/330 579/603/330
f 589/622/331 588/623/331 577/606/331 578/605/331
f 588/623/332 587/624/332 576/607/332 577/606/332
f 587/624/333 585/625/333 574/608/333 576/607/333
f 597/378/334 606/626/334 595/627/334 586/317/334
f 606/626/335 605/628/335 594/629/335 595/627/335
f 605/628/336 604/630/336 593/631/336 594/629/336
f 604/630/337 603/632/337 592/633/337 593/631/337
f 603/632/338 602/634/338 591/635/338 592/633/338
f 602/636/339 601/637/339 590/620/339 591/638/339
f 601/637/340 600/639/340 589/622/340 590/620/340
f 600/639/341 599/640/341 588/623/341 589/622/341
f 599/640/342 598/641/342 587/624/342 588/623/342
f 598/641/343 596/642/343 585/625/343 587/624/343
f 608/360/344 617/643/344 606/644/344 597/378/344
f 617/643/345 616/645/345 605/646/345 606/644/345
f 616/645/346 615/647/346 604/648/346 605/646/346
f 615/647/347 614/649/347 603/650/347 604/648/347
f 614/649/348 613/651/348 602/652/348 603/650/348
f 613/653/349 612/654/349 601/637/349 602/655/349
f 612/654/350 611/656/350 600/639/350 601/637/350
f 611/656/351 610/657/351 599/640/351 600/639/351
f 610/657/352 609/658/352 598/641/352 599/640/352
f 609/658/353 607/659/353 596/642/353 598/641/353
f 619/359/354 628/660/354 617/661/354 608/360/354
f 628/660/355 627/662/355 616/663/355 617/661/355
f 627/662/356 626/664/356 615/665/356 616/663/356
f 626/664/357 625/666/357 614/667/357 615/665/357
f 625/666/358 624/668/358 613/669/358 614/667/358
f 624/670/359 623/671/359 612/654/359 613/672/359
f 623/671/360 622/673/360 611/656/360 612/654/360
f 622/673/361 621/674/361 610/657/361 611/656/361
f 621/674/362 620/675/362 609/658/362 610/657/362
f 620/675/363 618/676/363 607/659/363 609/658/363
f 630/368/364 639/677/364 628/678/364 619/359/364
f 639/677/365 638/679/365 627/680/365 628/678/365
f 638/679/366 637/681/366 626/682/366 627/680/366
f 637/681/367 636/683/367 625/684/367 626/682/367
f 636/683/368 635/685/368 624/686/368 625/684/368
f 635/687/369 634/688/369 623/671/369 624/689/369
f 634/688/370 633/690/370 622/673/370 623/671/370
f 633/690/371 632/691/371 621/674/371 622/673/371
f 632/691/372 631/692/372 620/675/372 621/674/372
f 631/692/373 629/693/373 618/676/373 620/675/373
f 641/376/374 650/694/374 639/695/374 630/368/374
f 650/694/375 649/696/375 638/697/375 639/695/375
f 649/696/376 648/698/376 637/699/376 638/697/376
f 648/698/377 647/700/377 636/701/377 637/699/377
f 647/700/378 646/702/378 635/703/378 636/701/378
f 646/704/379 645/705/379 634/688/379 635/706/379
f 645/705/380 644/707/380 633/690/380 634/688/380
f 644/707/381 643/708/381 632/691/381 633/690/381
f 643/708/382 642/709/382 631/692/382 632/691/382
f 642/709/383 640/710/383 629/693/383 631/692/383
f 652/350/384 661/711/384 650/712/384 641/376/384
f 661/711/385 660/713/385 649/714/385 650/712/385
f 660/713/386 659/715/386 648/716/386 649/714/386
f 659/715/387 658/717/387 647/718/387 648/716/387
f 658/717/388 657/719/388 646/720/388 647/718/388
f 657/721/389 656/722/389 645/705/389 646/723/389
f 656/722/390 655/724/390 644/707/390 645/705/390
f 655/724/391 654/725/391 643/708/391 644/707/391
f 654/725/392 653/726/392 642/709/392 643/708/392
f 653/726/393 651/727/393 640/710/393 642/709/393
f 663/349/394 672/728/394 661/729/394 652/350/394
f 672/728/395 671/730/395 660/731/395 661/729/395
f 671/730/396 670/732/396 659/733/396 660/731/396
f 670/732/397 669/734/397 658/735/397 659/733/397
f 669/734/398 668/736/398 657/737/398 658/735/398
f 668/738/399 667/739/399 656/722/399 657/740/399
f 667/739/400 666/741/400 655/724/400 656/722/400
f 666/741/401 665/742/401 654/725/401 655/724/401
f 665/742/402 664/743/402 653/726/402 654/725/402
f 664/743/403 662/744/403 651/727/403 653/726/403
f 674/332/404 683/745/404 672/746/404 663/349/404
f 683/745/405 682/747/405 671/748/405 672/746/405
f 682/747/406 681/749/406 670/750/406 671/748/406
f 681/749/407 680/751/407 669/752/407 670/750/407
f 680/751/408 679/753/408 668/754/408 669/752/408
f 679/755/409 678/756/409 667/739/409 668/757/409
f 678/756/410 677/758/410 666/741/410 667/739/410
f 677/758/411 676/759/411 665/742/411 666/741/411
f 676/759/412 675/760/412 664/743/412 665/742/412
f 675/760/413 673/761/413 662/744/413 664/743/413
f 685/370/414 694/762/414 683/763/414 674/332/414
f 694/762/415 693/764/415 682/765/415 683/763/415
f 693/764/416 692/766/416 681/767/416 682/765/416
f 692/766/417 691/768/417 680/769/417 681/767/417
f 691/768/418 690/770/418 679/771/418 680/769/418
f 690/772/419 689/773/419 678/756/419 679/774/419
f 689/773/420 688/775/420 677/758/420 678/756/420
f 688/775/421 687/776/421 676/759/421 677/758/421
f 687/776/422 686/777/422 675/760/422 676/759/422
f 686/777/423 684/778/423 673/761/423 675/760/423
f 696/379/424 705/779/424 694/780/424 685/370/424
f 705/779/425 704/781/425 693/782/425 694/780/425
f 704/781/426 703/783/426 692/784/426 693/782/426
f 703/783/427 702/785/427 691/786/427 692/784/427
f 702/785/428 701/787/428 690/788/428 691/786/428
f 701/789/429 700/790/429 689/773/429 690/791/429
f 700/790/430 699/792/430 688/775/430 689/773/430
f 699/792/431 698/793/431 687/776/431 688/775/431
f 698/793/432 697/794/432 686/777/432 687/776/432
f 697/794/433 695/795/433 684/778/433 686/777/433
f 707/338/434 716/796/434 705/797/434 696/379/434
f 716/796/435 715/798/435 704/799/435 705/797/435
f 715/798/436 714/800/436 703/801/436 704/799/436
f 714/800/437 713/802/437 702/803/437 703/801/437
f 713/802/438 712/804/438 701/805/438 702/803/438
f 712/806/439 711/807/439 700/790/439 701/808/439
f 711/807/440 710/809/440 699/792/440 700/790/440
f 710/809/441 709/810/441 698/793/441 699/792/441
f 709/810/442 708/811/442 697/794/442 698/793/442
f 708/811/443 706/812/443 695/795/443 697/794/443
f 718/361/444 727/813/444 716/814/444 707/338/444
f 727/813/445 726/815/445 715/816/445 716/814/445
f 726/815/446 725/817/446 714/818/446 715/816/446
f 725/817/447 724/819/447 713/820/447 714/818/447
f 724/819/448 723/821/448 712/822/448 713/820/448
f 723/823/449 722/824/449 711/807/449 712/825/449
f 722/824/450 721/826/450 710/809/450 711/807/450
f 721/826/451 720/827/451 709/810/451 710/809/451
f 720/827/452 719/828/452 708/811/452 709/810/452
f 719/828/453 717/829/453 706/812/453 708/811/453
f 729/342/454 738/830/454 727/831/454 718/361/454
f 738/830/455 737/832/455 726/833/455 727/831/455
f 737/832/456 736/834/456 725/835/456 726/833/456
f 736/834/457 735/836/457 724/837/457 725/835/457
f 735/836/458 734/838/458 723/839/458 724/837/458
f 734/840/459 733/841/459 722/824/459 723/842/459
f 733/841/460 732/843/460 721/826/460 722/824/460
f 732/843/461 731/844/461 720/827/461 721/826/461
f 731/844/462 730/845/462 719/828/462 720/827/462
f 730/845/463 728/846/463 717/829/463 719/828/463
f 740/377/464 749/847/464 738/848/464 729/342/464
f 749/847/465 748/849/465 737/850/465 738/848/465
f 748/849/466 747/851/466 736/852/466 737/850/466
f 747/851/467 746/853/467 735/854/467 736/852/467
f 746/853/468 745/855/468 734/856/468 735/854/468
f 745/857/469 744/858/469 733/841/469 734/859/469
f 744/858/470 743/860/470 732/843/470 733/841/470
f 743/860/471 742/861/471 731/844/471 732/843/471
f 742/861/472 741/862/472 730/845/472 731/844/472
f 741/862/473 739/863/473 728/846/473 730/845/473
f 751/357/474 760/864/474 749/865/474 740/377/474
f 760/864/475 759/866/475 748/867/475 749/865/475
f 759/866/476 758/868/476 747/869/476 748/867/476
f 758/868/477 757/870/477 746/871/477 747/869/477
f 757/870/478 756/872/478 745/873/478 746/871/478
f 756/874/479 755/875/479 744/858/479 745/876/479
f 755/875/480 754/877/480 743/860/480 744/858/480
f 754/877/481 753/878/481 742/861/481 743/860/481
f 753/878/482 752/879/482 741/862/482 742/861/482
f 752/879/483 750/880/483 739/863/483 741/862/483
f 762/356/484 771/881/484 760/882/484 751/357/484
f 771/881/485 770/883/485 759/884/485 760/882/485
f 770/883/486 769/885/486 758/886/486 759/884/486
f 769/885/487 768/887/487 757/888/487 758/886/487
f 768/887/488 767/889/488 756/890/488 757/888/488
f 767/891/489 766/892/489 755/875/489 756/893/489
f 766/892/490 765/894/490 754/877/490 755/875/490
f 765/894/491 764/895/491 753/878/491 754/877/491
f 764/895/492 763/896/492 752/879/492 753/878/492
f 763/896/493 761/897/493 750/880/493 752/879/493
f 773/366/494 782/898/494 771/899/494 762/356/494
f 782/898/495 781/900/495 770/901/495 771/899/495
f 781/900/496 780/902/496 769/903/496 770/901/496
f 780/902/497 779/904/497 768/905/497 769/903/497
f 779/904/498 778/906/498 767/907/498 768/905/498
f 778/908/499 777/909/499 766/892/499 767/910/499
f 777/909/500 776/911/500 765/894/500 766/892/500
f 776/911/501 775/912/501 764/895/501 765/894/501
f 775/912/502 774/913/502 763/896/502 764/895/502
f 774/913/503 772/374/503 761/897/503 763/896/503
f 442/384/504 444/914/504 782/915/504 773/366/504
f 444/914/505 445/916/505 781/917/505 782/915/505
f 445/916/506 446/918/506 780/919/506 781/917/506
f 446/918/507 447/920/507 779/921/507 780/919/507
f 447/920/508 448/922/508 778/923/508 779/921/508
f 448/924/509 449/398/509 777/909/509 778/925/509
f 449/398/510 450/401/510 776/911/510 777/909/510
f 450/401/511 451/403/511 775/912/511 776/911/511
f 451/403/512 452/405/512 774/913/512 775/912/512
f 452/405/513 443/371/513 772/374/513 774/913/513
f 368/291/178 432/355/178 442/387/178 367/292/178
f 475/457/181 1081/926/181 1092/927/181 464/440/181
f 728/846/172 828/928/172 839/929/172 717/829/172
f 651/727/165 905/930/165 916/931/165 640/710/165
f 574/608/190 982/932/190 992/933/190 563/591/190
f 497/491/183 1059/934/183 1070/935/183 486/474/183
f 750/880/174 806/936/174 817/937/174 739/863/174
f 673/761/167 883/938/167 894/939/167 662/744/167
f 596/642/192 960/940/192 970/941/192 585/625/192
f 519/525/185 1037/942/185 1048/943/185 508/508/185
f 431/406/178 1114/944/178 1125/372/178 443/371/178
f 695/795/169 861/945/169 872/946/169 684/778/169
f 618/676/162 938/947/162 949/948/162 607/659/162
f 541/383/187 1015/382/187 1026/949/187 530/542/187
f 464/440/180 1092/927/180 1102/950/180 453/423/180
f 717/829/171 839/929/171 850/951/171 706/812/171
f 640/710/164 916/931/164 927/952/164 629/693/164
f 563/591/189 992/933/189 1004/381/189 552/380/189
f 761/897/175 794/953/175 806/936/175 750/880/175
f 486/474/182 1070/935/182 1081/926/182 475/457/182
f 739/863/173 817/937/173 828/928/173 728/846/173
f 662/744/166 894/939/166 905/930/166 651/727/166
f 585/625/191 970/941/191 982/932/191 574/608/191
f 508/508/184 1048/943/184 1059/934/184 497/491/184
f 399/954/162 1433/954/162 1421/955/162 400/956/162
f 948/957/177 416/957/177 413/958/177 959/958/177
f 684/778/168 872/946/168 883/938/168 673/761/168
f 607/659/193 949/948/193 960/940/193 596/642/193
f 530/542/186 1026/949/186 1037/942/186 519/525/186
f 453/423/179 1102/950/179 1114/944/179 431/406/179
f 706/812/170 850/951/170 861/945/170 695/795/170
f 629/693/163 927/952/163 938/947/163 618/676/163
f 795/959/503 804/960/503 785/961/503 783/962/503
f 804/960/502 803/963/502 786/964/502 785/961/502
f 803/963/501 802/965/501 787/966/501 786/964/501
f 802/965/500 801/967/500 788/968/500 787/966/500
f 801/967/499 800/969/499 789/970/499 788/968/499
f 800/969/498 799/971/498 790/972/498 789/970/498
f 799/971/497 798/973/497 791/974/497 790/972/497
f 798/973/496 797/975/496 792/976/496 791/974/496
f 797/975/495 796/977/495 793/978/495 792/976/495
f 796/977/494 794/953/494 784/373/494 793/978/494
f 816/979/483 818/980/483 807/981/483 805/982/483
f 818/980/482 819/983/482 808/984/482 807/981/482
f 819/983/481 820/985/481 809/986/481 808/984/481
f 820/985/480 821/987/480 810/988/480 809/986/480
f 821/987/479 822/989/479 811/990/479 810/988/479
f 822/989/478 823/991/478 812/992/478 811/990/478
f 823/991/477 824/993/477 813/994/477 812/992/477
f 824/993/476 825/995/476 814/996/476 813/994/476
f 825/995/514 826/997/514 815/998/514 814/996/514
f 826/997/474 817/937/474 806/936/474 815/998/474
f 838/999/463 840/1000/463 829/1001/463 827/1002/463
f 840/1000/462 841/1003/462 830/1004/462 829/1001/462
f 841/1003/515 842/1005/515 831/1006/515 830/1004/515
f 842/1005/460 843/1007/460 832/1008/460 831/1006/460
f 843/1007/459 844/1009/459 833/1010/459 832/1008/459
f 844/1009/458 845/1011/458 834/1012/458 833/1010/458
f 845/1011/457 846/1013/457 835/1014/457 834/1012/457
f 846/1013/456 847/1015/456 836/1016/456 835/1014/456
f 847/1015/455 848/1017/455 837/1018/455 836/1016/455
f 848/1017/454 839/929/454 828/928/454 837/1018/454
f 860/1019/443 862/1020/443 851/1021/443 849/1022/443
f 862/1020/442 863/1023/442 852/1024/442 851/1021/442
f 863/1023/441 864/1025/441 853/1026/441 852/1024/441
f 864/1025/440 865/1027/440 854/1028/440 853/1026/440
f 865/1027/439 866/1029/439 855/1030/439 854/1028/439
f 866/1029/438 867/1031/438 856/1032/438 855/1030/438
f 867/1031/437 868/1033/437 857/1034/437 856/1032/437
f 868/1033/436 869/1035/436 858/1036/436 857/1034/436
f 869/1035/435 870/1037/435 859/1038/435 858/1036/435
f 870/1037/434 861/945/434 850/951/434 859/1038/434
f 882/1039/423 884/1040/423 873/1041/423 871/1042/423
f 884/1040/516 885/1043/516 874/1044/516 873/1041/516
f 885/1043/421 886/1045/421 875/1046/421 874/1044/421
f 886/1045/420 887/1047/420 876/1048/420 875/1046/420
f 887/1047/419 888/1049/419 877/1050/419 876/1048/419
f 888/1049/418 889/1051/418 878/1052/418 877/1050/418
f 889/1051/417 890/1053/417 879/1054/417 878/1052/417
f 890/1053/416 891/1055/416 880/1056/416 879/1054/416
f 891/1055/415 892/1057/415 881/1058/415 880/1056/415
f 892/1057/414 883/938/414 872/946/414 881/1058/414
f 904/1059/403 906/1060/403 895/1061/403 893/1062/403
f 906/1060/402 907/1063/402 896/1064/402 895/1061/402
f 907/1063/401 908/1065/401 897/1066/401 896/1064/401
f 908/1065/400 909/1067/400 898/1068/400 897/1066/400
f 909/1067/399 910/1069/399 899/1070/399 898/1068/399
f 910/1069/398 911/1071/398 900/1072/398 899/1070/398
f 911/1071/397 912/1073/397 901/1074/397 900/1072/397
f 912/1073/396 913/1075/396 902/1076/396 901/1074/396
f 913/1075/395 914/1077/395 903/1078/395 902/1076/395
f 914/1077/517 905/930/517 894/939/517 903/1078/517
f 926/1079/383 928/1080/383 917/1081/383 915/1082/383
f 928/1080/382 929/1083/382 918/1084/382 917/1081/382
f 929/1083/381 930/1085/381 919/1086/381 918/1084/381
f 930/1085/380 931/1087/380 920/1088/380 919/1086/380
f 931/1087/379 932/1089/379 921/1090/379 920/1088/379
f 932/1089/378 933/1091/378 922/1092/378 921/1090/378
f 933/1091/377 934/1093/377 923/1094/377 922/1092/377
f 934/1093/376 935/1095/376 924/1096/376 923/1094/376
f 935/1095/375 936/1097/375 925/1098/375 924/1096/375
f 936/1097/374 927/952/374 916/931/374 925/1098/374
f 948/957/518 950/1099/518 939/1100/518 937/1101/518
f 950/1099/362 951/1102/362 940/1103/362 939/1100/362
f 951/1102/361 952/1104/361 941/1105/361 940/1103/361
f 952/1104/360 953/1106/360 942/1107/360 941/1105/360
f 953/1106/359 954/1108/359 943/1109/359 942/1107/359
f 954/1108/358 955/1110/358 944/1111/358 943/1109/358
f 955/1110/357 956/1112/357 945/1113/357 944/1111/357
f 956/1112/356 957/1114/356 946/1115/356 945/1113/356
f 957/1114/355 958/1116/355 947/1117/355 946/1115/355
f 958/1116/354 949/948/354 938/947/354 947/1117/354
f 971/1118/343 980/1119/343 961/1120/343 959/958/343
f 980/1119/342 979/1121/342 962/1122/342 961/1120/342
f 979/1121/341 978/1123/341 963/1124/341 962/1122/341
f 978/1123/340 977/1125/340 964/1126/340 963/1124/340
f 977/1125/339 976/1127/339 965/1128/339 964/1126/339
f 976/1127/338 975/1129/338 966/1130/338 965/1128/338
f 975/1129/337 974/1131/337 967/1132/337 966/1130/337
f 974/1131/336 973/1133/336 968/1134/336 967/1132/336
f 973/1133/335 972/1135/335 969/1136/335 968/1134/335
f 972/1135/334 970/941/334 960/940/334 969/1136/334
f 993/1137/323 1002/1138/323 983/1139/323 981/1140/323
f 1002/1138/322 1001/1141/322 984/1142/322 983/1139/322
f 1001/1141/321 1000/1143/321 985/1144/321 984/1142/321
f 1000/1143/320 999/1145/320 986/1146/320 985/1144/320
f 999/1145/319 998/1147/319 987/1148/319 986/1146/319
f 998/1147/519 997/1149/519 988/1150/519 987/1148/519
f 997/1149/317 996/1151/317 989/1152/317 988/1150/317
f 996/1151/316 995/1153/316 990/1154/316 989/1152/316
f 995/1153/315 994/1155/315 991/1156/315 990/1154/315
f 994/1155/314 992/933/314 982/932/314 991/1156/314
f 1014/1157/303 1016/1158/303 1005/1159/303 1003/1160/303
f 1016/1158/302 1017/1161/302 1006/1162/302 1005/1159/302
f 1017/1161/520 1018/1163/520 1007/1164/520 1006/1162/520
f 1018/1163/300 1019/1165/300 1008/1166/300 1007/1164/300
f 1019/1165/299 1020/1167/299 1009/1168/299 1008/1166/299
f 1020/1167/298 1021/1169/298 1010/1170/298 1009/1168/298
f 1021/1169/297 1022/1171/297 1011/1172/297 1010/1170/297
f 1022/1171/296 1023/1173/296 1012/1174/296 1011/1172/296
f 1023/1173/295 1024/1175/295 1013/1176/295 1012/1174/295
f 1024/1175/294 1015/382/294 1004/381/294 1013/1176/294
f 1036/1177/283 1038/1178/283 1027/1179/283 1025/1180/283
f 1038/1178/282 1039/1181/282 1028/1182/282 1027/1179/282
f 1039/1181/281 1040/1183/281 1029/1184/281 1028/1182/281
f 1040/1183/280 1041/1185/280 1030/1186/280 1029/1184/280
f 1041/1185/279 1042/1187/279 1031/1188/279 1030/1186/279
f 1042/1187/278 1043/1189/278 1032/1190/278 1031/1188/278
f 1043/1189/277 1044/1191/277 1033/1192/277 1032/1190/277
f 1044/1191/276 1045/1193/276 1034/1194/276 1033/1192/276
f 1045/1193/275 1046/1195/275 1035/1196/275 1034/1194/275
f 1046/1195/274 1037/942/274 1026/949/274 1035/1196/274
f 1058/1197/263 1060/1198/263 1049/1199/263 1047/1200/263
f 1060/1198/521 1061/1201/521 1050/1202/521 1049/1199/521
f 1061/1201/261 1062/1203/261 1051/1204/261 1050/1202/261
f 1062/1203/260 1063/1205/260 1052/1206/260 1051/1204/260
f 1063/1205/259 1064/1207/259 1053/1208/259 1052/1206/259
f 1064/1207/258 1065/1209/258 1054/1210/258 1053/1208/258
f 1065/1209/522 1066/1211/522 1055/1212/522 1054/1210/522
f 1066/1211/256 1067/1213/256 1056/1214/256 1055/1212/256
f 1067/1213/255 1068/1215/255 1057/1216/255 1056/1214/255
f 1068/1215/254 1059/934/254 1048/943/254 1057/1216/254
f 1080/1217/243 1082/1218/243 1071/1219/243 1069/1220/243
f 1082/1218/242 1083/1221/242 1072/1222/242 1071/1219/242
f 1083/1221/241 1084/1223/241 1073/1224/241 1072/1222/241
f 1084/1223/240 1085/1225/240 1074/1226/240 1073/1224/240
f 1085/1225/239 1086/1227/239 1075/1228/239 1074/1226/239
f 1086/1227/523 1087/1229/523 1076/1230/523 1075/1228/523
f 1087/1229/237 1088/1231/237 1077/1232/237 1076/1230/237
f 1088/1231/236 1089/1233/236 1078/1234/236 1077/1232/236
f 1089/1233/235 1090/1235/235 1079/1236/235 1078/1234/235
f 1090/1235/234 1081/926/234 1070/935/234 1079/1236/234
f 1103/1237/223 1112/1238/223 1093/1239/223 1091/1240/223
f 1112/1238/222 1111/1241/222 1094/1242/222 1093/1239/222
f 1111/1241/524 1110/1243/524 1095/1244/524 1094/1242/524
f 1110/1243/220 1109/1245/220 1096/1246/220 1095/1244/220
f 1109/1245/219 1108/1247/219 1097/1248/219 1096/1246/219
f 1108/1247/218 1107/1249/218 1098/1250/218 1097/1248/218
f 1107/1249/217 1106/1251/217 1099/1252/217 1098/1250/217
f 1106/1251/216 1105/1253/216 1100/1254/216 1099/1252/216
f 1105/1253/215 1104/1255/215 1101/1256/215 1100/1254/215
f 1104/1255/214 1102/950/214 1092/927/214 1101/1256/214
f 871/1042/433 873/1041/433 862/1020/433 860/1019/433
f 873/1041/432 874/1044/432 863/1023/432 862/1020/432
f 874/1044/431 875/1046/431 864/1025/431 863/1023/431
f 875/1046/430 876/1048/430 865/1027/430 864/1025/430
f 876/1048/429 877/1050/429 866/1029/429 865/1027/429
f 877/1050/428 878/1052/428 867/1031/428 866/1029/428
f 878/1052/427 879/1054/427 868/1033/427 867/1031/427
f 879/1054/525 880/1056/525 869/1035/525 868/1033/525
f 880/1056/425 881/1058/425 870/1037/425 869/1035/425
f 881/1058/424 872/946/424 861/945/424 870/1037/424
f 893/1062/413 895/1061/413 884/1040/413 882/1039/413
f 895/1061/412 896/1064/412 885/1043/412 884/1040/412
f 896/1064/411 897/1066/411 886/1045/411 885/1043/411
f 897/1066/410 898/1068/410 887/1047/410 886/1045/410
f 898/1068/409 899/1070/409 888/1049/409 887/1047/409
f 899/1070/408 900/1072/408 889/1051/408 888/1049/408
f 900/1072/407 901/1074/407 890/1053/407 889/1051/407
f 901/1074/406 902/1076/406 891/1055/406 890/1053/406
f 902/1076/405 903/1078/405 892/1057/405 891/1055/405
f 903/1078/404 894/939/404 883/938/404 892/1057/404
f 1069/1220/253 1071/1219/253 1060/1198/253 1058/1197/253
f 1071/1219/252 1072/1222/252 1061/1201/252 1060/1198/252
f 1072/1222/526 1073/1224/526 1062/1203/526 1061/1201/526
f 1073/1224/250 1074/1226/250 1063/1205/250 1062/1203/250
f 1074/1226/249 1075/1228/249 1064/1207/249 1063/1205/249
f 1075/1228/248 1076/1230/248 1065/1209/248 1064/1207/248
f 1076/1230/247 1077/1232/247 1066/1211/247 1065/1209/247
f 1077/1232/246 1078/1234/246 1067/1213/246 1066/1211/246
f 1078/1234/245 1079/1236/245 1068/1215/245 1067/1213/245
f 1079/1236/244 1070/935/244 1059/934/244 1068/1215/244
f 1091/1240/233 1093/1239/233 1082/1218/233 1080/1217/233
f 1093/1239/232 1094/1242/232 1083/1221/232 1082/1218/232
f 1094/1242/231 1095/1244/231 1084/1223/231 1083/1221/231
f 1095/1244/230 1096/1246/230 1085/1225/230 1084/1223/230
f 1096/1246/229 1097/1248/229 1086/1227/229 1085/1225/229
f 1097/1248/527 1098/1250/527 1087/1229/527 1086/1227/527
f 1098/1250/227 1099/1252/227 1088/1231/227 1087/1229/227
f 1099/1252/226 1100/1254/226 1089/1233/226 1088/1231/226
f 1100/1254/225 1101/1256/225 1090/1235/225 1089/1233/225
f 1101/1256/224 1092/927/224 1081/926/224 1090/1235/224
f 783/962/528 785/961/528 1126/1257/528 1124/956/528
f 785/961/512 786/964/512 1127/1258/512 1126/1257/512
f 786/964/511 787/966/511 1128/1259/511 1127/1258/511
f 787/966/510 788/968/510 1129/1260/510 1128/1259/510
f 788/968/509 789/970/509 1130/1261/509 1129/1260/509
f 789/970/508 790/972/508 1131/1262/508 1130/1261/508
f 790/972/507 791/974/507 1132/1263/507 1131/1262/507
f 791/974/506 792/976/506 1133/1264/506 1132/1263/506
f 792/976/505 793/978/505 1134/1265/505 1133/1264/505
f 793/978/504 784/373/504 1125/372/504 1134/1265/504
f 805/982/493 807/981/493 804/960/493 795/959/493
f 807/981/492 808/984/492 803/963/492 804/960/492
f 808/984/491 809/986/491 802/965/491 803/963/491
f 809/986/490 810/988/490 801/967/490 802/965/490
f 810/988/489 811/990/489 800/969/489 801/967/489
f 811/990/488 812/992/488 799/971/488 800/969/488
f 812/992/487 813/994/487 798/973/487 799/971/487
f 813/994/486 814/996/486 797/975/486 798/973/486
f 814/996/485 815/998/485 796/977/485 797/975/485
f 815/998/484 806/936/484 794/953/484 796/977/484
f 981/1140/333 983/1139/333 980/1119/333 971/1118/333
f 983/1139/332 984/1142/332 979/1121/332 980/1119/332
f 984/1142/331 985/1144/331 978/1123/331 979/1121/331
f 985/1144/330 986/1146/330 977/1125/330 978/1123/330
f 986/1146/329 987/1148/329 976/1127/329 977/1125/329
f 987/1148/328 988/1150/328 975/1129/328 976/1127/328
f 988/1150/327 989/1152/327 974/1131/327 975/1129/327
f 989/1152/326 990/1154/326 973/1133/326 974/1131/326
f 990/1154/325 991/1156/325 972/1135/325 973/1133/325
f 991/1156/324 982/932/324 970/941/324 972/1135/324
f 1003/1160/313 1005/1159/313 1002/1138/313 993/1137/313
f 1005/1159/312 1006/1162/312 1001/1141/312 1002/1138/312
f 1006/1162/311 1007/1164/311 1000/1143/311 1001/1141/311
f 1007/1164/310 1008/1166/310 999/1145/310 1000/1143/310
f 1008/1166/309 1009/1168/309 998/1147/309 999/1145/309
f 1009/1168/529 1010/1170/529 997/1149/529 998/1147/529
f 1010/1170/307 1011/1172/307 996/1151/307 997/1149/307
f 1011/1172/306 1012/1174/306 995/1153/306 996/1151/306
f 1012/1174/305 1013/1176/305 994/1155/305 995/1153/305
f 1013/1176/304 1004/381/304 992/933/304 994/1155/304
f 915/1082/393 917/1081/393 906/1060/393 904/1059/393
f 917/1081/392 918/1084/392 907/1063/392 906/1060/392
f 918/1084/391 919/1086/391 908/1065/391 907/1063/391
f 919/1086/530 920/1088/530 909/1067/530 908/1065/530
f 920/1088/389 921/1090/389 910/1069/389 909/1067/389
f 921/1090/531 922/1092/531 911/1071/531 910/1069/531
f 922/1092/387 923/1094/387 912/1073/387 911/1071/387
f 923/1094/386 924/1096/386 913/1075/386 912/1073/386
f 924/1096/385 925/1098/385 914/1077/385 913/1075/385
f 925/1098/384 916/931/384 905/930/384 914/1077/384
f 1113/954/213 1115/1266/213 1112/1238/213 1103/1237/213
f 1115/1266/212 1116/1267/212 1111/1241/212 1112/1238/212
f 1116/1267/211 1117/1268/211 1110/1243/211 1111/1241/211
f 1117/1268/210 1118/1269/210 1109/1245/210 1110/1243/210
f 1118/1269/209 1119/1270/209 1108/1247/209 1109/1245/209
f 1119/1270/208 1120/1271/208 1107/1249/208 1108/1247/208
f 1120/1271/532 1121/1272/532 1106/1251/532 1107/1249/532
f 1121/1272/206 1122/1273/206 1105/1253/206 1106/1251/206
f 1122/1273/205 1123/1274/205 1104/1255/205 1105/1253/205
f 1123/1274/204 1114/944/204 1102/950/204 1104/1255/204
f 827/1002/473 829/1001/473 818/980/473 816/979/473
f 829/1001/472 830/1004/472 819/983/472 818/980/472
f 830/1004/471 831/1006/471 820/985/471 819/983/471
f 831/1006/533 832/1008/533 821/987/533 820/985/533
f 832/1008/469 833/1010/469 822/989/469 821/987/469
f 833/1010/468 834/1012/468 823/991/468 822/989/468
f 834/1012/467 835/1014/467 824/993/467 823/991/467
f 835/1014/466 836/1016/466 825/995/466 824/993/466
f 836/1016/465 837/1018/465 826/997/465 825/995/465
f 837/1018/464 828/928/464 817/937/464 826/997/464
f 1025/1180/293 1027/1179/293 1016/1158/293 1014/1157/293
f 1027/1179/534 1028/1182/534 1017/1161/534 1016/1158/534
f 1028/1182/291 1029/1184/291 1018/1163/291 1017/1161/291
f 1029/1184/290 1030/1186/290 1019/1165/290 1018/1163/290
f 1030/1186/289 1031/1188/289 1020/1167/289 1019/1165/289
f 1031/1188/288 1032/1190/288 1021/1169/288 1020/1167/288
f 1032/1190/535 1033/1192/535 1022/1171/535 1021/1169/535
f 1033/1192/286 1034/1194/286 1023/1173/286 1022/1171/286
f 1034/1194/285 1035/1196/285 1024/1175/285 1023/1173/285
f 1035/1196/284 1026/949/284 1015/382/284 1024/1175/284
f 937/1101/373 939/1100/373 928/1080/373 926/1079/373
f 939/1100/536 940/1103/536 929/1083/536 928/1080/536
f 940/1103/371 941/1105/371 930/1085/371 929/1083/371
f 941/1105/370 942/1107/370 931/1087/370 930/1085/370
f 942/1107/369 943/1109/369 932/1089/369 931/1087/369
f 943/1109/368 944/1111/368 933/1091/368 932/1089/368
f 944/1111/367 945/1113/367 934/1093/367 933/1091/367
f 945/1113/366 946/1115/366 935/1095/366 934/1093/366
f 946/1115/365 947/1117/365 936/1097/365 935/1095/365
f 947/1117/364 938/947/364 927/952/364 936/1097/364
f 1124/956/537 1126/1257/537 1115/1266/537 1113/954/537
f 1126/1257/202 1127/1258/202 1116/1267/202 1115/1266/202
f 1127/1258/201 1128/1259/201 1117/1268/201 1116/1267/201
f 1128/1259/200 1129/1260/200 1118/1269/200 1117/1268/200
f 1129/1260/199 1130/1261/199 1119/1270/199 1118/1269/199
f 1130/1261/198 1131/1262/198 1120/1271/198 1119/1270/198
f 1131/1262/197 1132/1263/197 1121/1272/197 1120/1271/197
f 1132/1263/196 1133/1264/196 1122/1273/196 1121/1272/196
f 1133/1264/195 1134/1265/195 1123/1274/195 1122/1273/195
f 1134/1265/194 1125/372/194 1114/944/194 1123/1274/194
f 849/1022/453 851/1021/453 840/1000/453 838/999/453
f 851/1021/538 852/1024/538 841/1003/538 840/1000/538
f 852/1024/539 853/1026/539 842/1005/539 841/1003/539
f 853/1026/450 854/1028/450 843/1007/450 842/1005/450
f 854/1028/449 855/1030/449 844/1009/449 843/1007/449
f 855/1030/448 856/1032/448 845/1011/448 844/1009/448
f 856/1032/447 857/1034/447 846/1013/447 845/1011/447
f 857/1034/446 858/1036/446 847/1015/446 846/1013/446
f 858/1036/445 859/1038/445 848/1017/445 847/1015/445
f 859/1038/540 850/951/540 839/929/540 848/1017/540
f 1047/1200/273 1049/1199/273 1038/1178/273 1036/1177/273
f 1049/1199/272 1050/1202/272 1039/1181/272 1038/1178/272
f 1050/1202/271 1051/1204/271 1040/1183/271 1039/1181/271
f 1051/1204/270 1052/1206/270 1041/1185/270 1040/1183/270
f 1052/1206/269 1053/1208/269 1042/1187/269 1041/1185/269
f 1053/1208/268 1054/1210/268 1043/1189/268 1042/1187/268
f 1054/1210/267 1055/1212/267 1044/1191/267 1043/1189/267
f 1055/1212/266 1056/1214/266 1045/1193/266 1044/1191/266
f 1056/1214/265 1057/1216/265 1046/1195/265 1045/1193/265
f 1057/1216/264 1048/943/264 1037/942/264 1046/1195/264
f 959/958/541 961/1120/541 950/1099/541 948/957/541
f 961/1120/352 962/1122/352 951/1102/352 950/1099/352
f 962/1122/351 963/1124/351 952/1104/351 951/1102/351
f 963/1124/350 964/1126/350 953/1106/350 952/1104/350
f 964/1126/349 965/1128/349 954/1108/349 953/1106/349
f 965/1128/348 966/1130/348 955/1110/348 954/1108/348
f 966/1130/347 967/1132/347 956/1112/347 955/1110/347
f 967/1132/346 968/1134/346 957/1114/346 956/1112/346
f 968/1134/345 969/1136/345 958/1116/345 957/1114/345
f 969/1136/344 960/940/344 949/948/344 958/1116/344
f 772/374/176 784/373/176 794/953/176 761/897/176
f 871/1042/184 421/1042/184 422/1039/184 882/1039/184
f 1058/1197/167 406/1197/167 403/1220/167 1069/1220/167
f 971/1118/175 414/1118/175 411/1140/175 981/1140/175
f 805/982/190 427/982/190 428/979/190 816/979/190
f 816/979/189 428/979/189 425/1002/189 827/1002/189
f 1091/1240/164 401/1240/164 402/1237/164 1103/1237/164
f 1036/1177/169 408/1177/169 405/1200/169 1047/1200/169
f 882/1039/183 422/1039/183 419/1062/183 893/1062/183
f 1025/1180/170 407/1180/170 408/1177/170 1036/1177/170
f 795/959/191 430/959/191 427/982/191 805/982/191
f 959/958/176 413/958/176 414/1118/176 971/1118/176
f 893/1062/182 419/1062/182 420/1059/182 904/1059/182
f 838/999/187 426/999/187 423/1022/187 849/1022/187
f 827/1002/188 425/1002/188 426/999/188 838/999/188
f 860/1019/185 424/1019/185 421/1042/185 871/1042/185
f 1047/1200/168 405/1200/168 406/1197/168 1058/1197/168
f 1113/954/162 399/954/162 400/956/162 1124/956/162
f 981/1140/174 411/1140/174 412/1137/174 993/1137/174
f 1103/1237/163 402/1237/163 399/954/163 1113/954/163
f 915/1082/180 417/1082/180 418/1079/180 926/1079/180
f 1124/956/193 400/956/193 429/962/193 783/962/193
f 849/1022/186 423/1022/186 424/1019/186 860/1019/186
f 904/1059/181 420/1059/181 417/1082/181 915/1082/181
f 926/1079/179 418/1079/179 415/1101/179 937/1101/179
f 783/962/192 429/962/192 430/959/192 795/959/192
f 1069/1220/166 403/1220/166 404/1217/166 1080/1217/166
f 1080/1217/165 404/1217/165 401/1240/165 1091/1240/165
f 993/1137/173 412/1137/173 409/1160/173 1003/1160/173
f 1003/1160/172 409/1160/172 410/1157/172 1014/1157/172
f 1014/1157/171 410/1157/171 407/1180/171 1025/1180/171
f 937/1101/178 415/1101/178 416/957/178 948/957/178
f 430/959/191 1135/1275/191 1157/1276/191 427/982/191
f 420/1059/181 1477/1059/181 1389/1082/181 417/1082/181
f 427/982/190 1157/1276/190 1323/1277/190 428/979/190
f 407/1180/170 1245/1278/170 1224/1177/170 408/1177/170
f 428/979/189 1323/1277/189 1180/1002/189 425/1002/189
f 404/1217/165 1356/1217/165 1344/1240/165 401/1240/165
f 409/1160/172 1289/1160/172 1257/1157/172 410/1157/172
f 422/1039/183 1202/1279/183 1190/1062/183 419/1062/183
f 423/1022/186 1311/1280/186 1454/1019/186 424/1019/186
f 416/957/177 1399/957/177 1279/1281/177 413/958/177
f 424/1019/185 1454/1019/185 1444/1282/185 421/1042/185
f 1443/1283/6 1455/1284/6 1312/1285/6 1169/1286/6 1179/1287/6 1322/1288/6 1158/1289/6 1136/1290/6 1146/1291/6 1422/1292/6 1432/1293/6 1367/1294/6 1345/1295/6 1355/1296/6 1465/1297/6 1235/1298/6 1213/1299/6 1223/1300/6 1246/1301/6 1256/1302/6 1290/1303/6 1300/1304/6 1334/1305/6 1268/1306/6 1278/1307/6 1400/1308/6 1410/1309/6 1378/1310/6 1388/1311/6 1476/1312/6 1191/1313/6 1201/1314/6
f 401/1240/164 1344/1240/164 1366/1237/164 402/1237/164
f 425/1002/188 1180/1002/188 1168/999/188 426/999/188
f 414/1118/175 1267/1118/175 1333/1140/175 411/1140/175
f 417/1082/180 1389/1082/180 1377/1079/180 418/1079/180
f 403/1220/166 1466/1220/166 1356/1217/166 404/1217/166
f 402/1237/163 1366/1237/163 1433/954/163 399/954/163
f 411/1140/174 1333/1140/174 1301/1137/174 412/1137/174
f 400/956/193 1421/955/193 1147/962/193 429/962/193
f 413/958/176 1279/1281/176 1267/1118/176 414/1118/176
f 418/1079/179 1377/1079/179 1411/1315/179 415/1101/179
f 410/1157/171 1257/1157/171 1245/1278/171 407/1180/171
f 426/999/187 1168/999/187 1311/1280/187 423/1022/187
f 415/1101/178 1411/1315/178 1399/957/178 416/957/178
f 419/1062/182 1190/1062/182 1477/1059/182 420/1059/182
f 412/1137/173 1301/1137/173 1289/1160/173 409/1160/173
f 408/1177/169 1224/1177/169 1212/1200/169 405/1200/169
f 405/1200/168 1212/1200/168 1234/1197/168 406/1197/168
f 406/1197/167 1234/1197/167 1466/1220/167 403/1220/167
f 421/1042/184 1444/1282/184 1202/1279/184 422/1039/184
f 1136/1290/503 1145/1316/503 1148/1317/503 1146/1291/503
f 1145/1316/542 1144/1318/542 1149/1319/542 1148/1317/542
f 1144/1318/501 1143/1320/501 1150/1321/501 1149/1319/501
f 1143/1320/543 1142/1322/543 1151/1323/543 1150/1321/543
f 1142/1322/499 1141/1324/499 1152/1325/499 1151/1323/499
f 1141/1324/544 1140/1326/544 1153/1327/544 1152/1325/544
f 1140/1326/497 1139/1328/497 1154/1329/497 1153/1327/497
f 1139/1328/496 1138/1330/496 1155/1331/496 1154/1329/496
f 1138/1330/495 1137/1332/495 1156/1333/495 1155/1331/495
f 1137/1332/494 1135/1275/494 1147/962/494 1156/1333/494
f 1158/1289/493 1167/1334/493 1145/1316/493 1136/1290/493
f 1167/1334/492 1166/1335/492 1144/1318/492 1145/1316/492
f 1166/1335/491 1165/1336/491 1143/1320/491 1144/1318/491
f 1165/1336/545 1164/1337/545 1142/1322/545 1143/1320/545
f 1164/1337/489 1163/1338/489 1141/1324/489 1142/1322/489
f 1163/1338/488 1162/1339/488 1140/1326/488 1141/1324/488
f 1162/1339/487 1161/1340/487 1139/1328/487 1140/1326/487
f 1161/1340/486 1160/1341/486 1138/1330/486 1139/1328/486
f 1160/1341/546 1159/1342/546 1137/1332/546 1138/1330/546
f 1159/1342/484 1157/1276/484 1135/1275/484 1137/1332/484
f 1169/1286/547 1178/1343/547 1181/1344/547 1179/1287/547
f 1178/1343/462 1177/1345/462 1182/1346/462 1181/1344/462
f 1177/1345/461 1176/1347/461 1183/1348/461 1182/1346/461
f 1176/1347/548 1175/1349/548 1184/1350/548 1183/1348/548
f 1175/1349/459 1174/1351/459 1185/1352/459 1184/1350/459
f 1174/1351/458 1173/1353/458 1186/1354/458 1185/1352/458
f 1173/1353/457 1172/1355/457 1187/1356/457 1186/1354/457
f 1172/1355/456 1171/1357/456 1188/1358/456 1187/1356/456
f 1171/1357/549 1170/1359/549 1189/1360/549 1188/1358/549
f 1170/1359/454 1168/999/454 1180/1002/454 1189/1360/454
f 1191/1313/550 1200/1361/550 1203/1362/550 1201/1314/550
f 1200/1361/412 1199/1363/412 1204/1364/412 1203/1362/412
f 1199/1363/551 1198/1365/551 1205/1366/551 1204/1364/551
f 1198/1365/552 1197/1367/552 1206/1368/552 1205/1366/552
f 1197/1367/409 1196/1369/409 1207/1370/409 1206/1368/409
f 1196/1369/408 1195/1371/408 1208/1372/408 1207/1370/408
f 1195/1371/407 1194/1373/407 1209/1374/407 1208/1372/407
f 1194/1373/406 1193/1375/406 1210/1376/406 1209/1374/406
f 1193/1375/553 1192/1377/553 1211/1378/553 1210/1376/553
f 1192/1377/404 1190/1062/404 1202/1279/404 1211/1378/404
f 1213/1299/554 1222/1379/554 1225/1380/554 1223/1300/554
f 1222/1379/272 1221/1381/272 1226/1382/272 1225/1380/272
f 1221/1381/271 1220/1383/271 1227/1384/271 1226/1382/271
f 1220/1383/555 1219/1385/555 1228/1386/555 1227/1384/555
f 1219/1385/269 1218/1387/269 1229/1388/269 1228/1386/269
f 1218/1387/268 1217/1389/268 1230/1390/268 1229/1388/268
f 1217/1389/267 1216/1391/267 1231/1392/267 1230/1390/267
f 1216/1391/556 1215/1393/556 1232/1394/556 1231/1392/556
f 1215/1393/557 1214/1395/557 1233/1396/557 1232/1394/557
f 1214/1395/264 1212/1200/264 1224/1177/264 1233/1396/264
f 1235/1298/558 1244/1397/558 1222/1379/558 1213/1299/558
f 1244/1397/262 1243/1398/262 1221/1381/262 1222/1379/262
f 1243/1398/261 1242/1399/261 1220/1383/261 1221/1381/261
f 1242/1399/559 1241/1400/559 1219/1385/559 1220/1383/559
f 1241/1400/259 1240/1401/259 1218/1387/259 1219/1385/259
f 1240/1401/258 1239/1402/258 1217/1389/258 1218/1387/258
f 1239/1402/257 1238/1403/257 1216/1391/257 1217/1389/257
f 1238/1403/256 1237/1404/256 1215/1393/256 1216/1391/256
f 1237/1404/255 1236/1405/255 1214/1395/255 1215/1393/255
f 1236/1405/560 1234/1197/560 1212/1200/560 1214/1395/560
f 1246/1301/561 1255/1406/561 1258/1407/561 1256/1302/561
f 1255/1406/292 1254/1408/292 1259/1409/292 1258/1407/292
f 1254/1408/291 1253/1410/291 1260/1411/291 1259/1409/291
f 1253/1410/562 1252/1412/562 1261/1413/562 1260/1411/562
f 1252/1412/289 1251/1414/289 1262/1415/289 1261/1413/289
f 1251/1414/288 1250/1416/288 1263/1417/288 1262/1415/288
f 1250/1416/287 1249/1418/287 1264/1419/287 1263/1417/287
f 1249/1418/286 1248/1420/286 1265/1421/286 1264/1419/286
f 1248/1420/285 1247/1422/285 1266/1423/285 1265/1421/285
f 1247/1422/284 1245/1278/284 1257/1157/284 1266/1423/284
f 1268/1306/343 1277/1424/343 1280/1425/343 1278/1307/343
f 1277/1424/342 1276/1426/342 1281/1427/342 1280/1425/342
f 1276/1426/341 1275/1428/341 1282/1429/341 1281/1427/341
f 1275/1428/563 1274/1430/563 1283/1431/563 1282/1429/563
f 1274/1430/339 1273/1432/339 1284/1433/339 1283/1431/339
f 1273/1432/338 1272/1434/338 1285/1435/338 1284/1433/338
f 1272/1434/337 1271/1436/337 1286/1437/337 1285/1435/337
f 1271/1436/336 1270/1438/336 1287/1439/336 1286/1437/336
f 1270/1438/335 1269/1440/335 1288/1441/335 1287/1439/335
f 1269/1440/334 1267/1118/334 1279/1281/334 1288/1441/334
f 1290/1303/564 1299/1442/564 1302/1443/564 1300/1304/564
f 1299/1442/312 1298/1444/312 1303/1445/312 1302/1443/312
f 1298/1444/565 1297/1446/565 1304/1447/565 1303/1445/565
f 1297/1446/566 1296/1448/566 1305/1449/566 1304/1447/566
f 1296/1448/309 1295/1450/309 1306/1451/309 1305/1449/309
f 1295/1450/308 1294/1452/308 1307/1453/308 1306/1451/308
f 1294/1452/307 1293/1454/307 1308/1455/307 1307/1453/307
f 1293/1454/306 1292/1456/306 1309/1457/306 1308/1455/306
f 1292/1456/567 1291/1458/567 1310/1459/567 1309/1457/567
f 1291/1458/304 1289/1160/304 1301/1137/304 1310/1459/304
f 1312/1285/453 1321/1460/453 1178/1343/453 1169/1286/453
f 1321/1460/538 1320/1461/538 1177/1345/538 1178/1343/538
f 1320/1461/539 1319/1462/539 1176/1347/539 1177/1345/539
f 1319/1462/568 1318/1463/568 1175/1349/568 1176/1347/568
f 1318/1463/449 1317/1464/449 1174/1351/449 1175/1349/449
f 1317/1464/569 1316/1465/569 1173/1353/569 1174/1351/569
f 1316/1465/447 1315/1466/447 1172/1355/447 1173/1353/447
f 1315/1466/446 1314/1467/446 1171/1357/446 1172/1355/446
f 1314/1467/445 1313/1468/445 1170/1359/445 1171/1357/445
f 1313/1468/540 1311/1280/540 1168/999/540 1170/1359/540
f 1179/1287/570 1181/1344/570 1324/1469/570 1322/1288/570
f 1181/1344/472 1182/1346/472 1325/1470/472 1324/1469/472
f 1182/1346/471 1183/1348/471 1326/1471/471 1325/1470/471
f 1183/1348/533 1184/1350/533 1327/1472/533 1326/1471/533
f 1184/1350/469 1185/1352/469 1328/1473/469 1327/1472/469
f 1185/1352/571 1186/1354/571 1329/1474/571 1328/1473/571
f 1186/1354/467 1187/1356/467 1330/1475/467 1329/1474/467
f 1187/1356/466 1188/1358/466 1331/1476/466 1330/1475/466
f 1188/1358/465 1189/1360/465 1332/1477/465 1331/1476/465
f 1189/1360/464 1180/1002/464 1323/1277/464 1332/1477/464
f 1334/1305/333 1343/1478/333 1277/1424/333 1268/1306/333
f 1343/1478/332 1342/1479/332 1276/1426/332 1277/1424/332
f 1342/1479/331 1341/1480/331 1275/1428/331 1276/1426/331
f 1341/1480/572 1340/1481/572 1274/1430/572 1275/1428/572
f 1340/1481/329 1339/1482/329 1273/1432/329 1274/1430/329
f 1339/1482/573 1338/1483/573 1272/1434/573 1273/1432/573
f 1338/1483/327 1337/1484/327 1271/1436/327 1272/1434/327
f 1337/1484/326 1336/1485/326 1270/1438/326 1271/1436/326
f 1336/1485/574 1335/1486/574 1269/1440/574 1270/1438/574
f 1335/1486/324 1333/1140/324 1267/1118/324 1269/1440/324
f 1345/1295/233 1354/1487/233 1357/1488/233 1355/1296/233
f 1354/1487/232 1353/1489/232 1358/1490/232 1357/1488/232
f 1353/1489/231 1352/1491/231 1359/1492/231 1358/1490/231
f 1352/1491/230 1351/1493/230 1360/1494/230 1359/1492/230
f 1351/1493/229 1350/1495/229 1361/1496/229 1360/1494/229
f 1350/1495/228 1349/1497/228 1362/1498/228 1361/1496/228
f 1349/1497/227 1348/1499/227 1363/1500/227 1362/1498/227
f 1348/1499/226 1347/1501/226 1364/1502/226 1363/1500/226
f 1347/1501/225 1346/1503/225 1365/1504/225 1364/1502/225
f 1346/1503/224 1344/1240/224 1356/1217/224 1365/1504/224
f 1367/1294/223 1376/1505/223 1354/1487/223 1345/1295/223
f 1376/1505/222 1375/1506/222 1353/1489/222 1354/1487/222
f 1375/1506/221 1374/1507/221 1352/1491/221 1353/1489/221
f 1374/1507/575 1373/1508/575 1351/1493/575 1352/1491/575
f 1373/1508/219 1372/1509/219 1350/1495/219 1351/1493/219
f 1372/1509/218 1371/1510/218 1349/1497/218 1350/1495/218
f 1371/1510/217 1370/1511/217 1348/1499/217 1349/1497/217
f 1370/1511/216 1369/1512/216 1347/1501/216 1348/1499/216
f 1369/1512/576 1368/1513/576 1346/1503/576 1347/1501/576
f 1368/1513/214 1366/1237/214 1344/1240/214 1346/1503/214
f 1256/1302/577 1258/1407/577 1299/1442/577 1290/1303/577
f 1258/1407/302 1259/1409/302 1298/1444/302 1299/1442/302
f 1259/1409/520 1260/1411/520 1297/1446/520 1298/1444/520
f 1260/1411/578 1261/1413/578 1296/1448/578 1297/1446/578
f 1261/1413/299 1262/1415/299 1295/1450/299 1296/1448/299
f 1262/1415/298 1263/1417/298 1294/1452/298 1295/1450/298
f 1263/1417/297 1264/1419/297 1293/1454/297 1294/1452/297
f 1264/1419/296 1265/1421/296 1292/1456/296 1293/1454/296
f 1265/1421/579 1266/1423/579 1291/1458/579 1292/1456/579
f 1266/1423/294 1257/1157/294 1289/1160/294 1291/1458/294
f 1378/1310/383 1387/1514/383 1390/1515/383 1388/1311/383
f 1387/1514/382 1386/1516/382 1391/1517/382 1390/1515/382
f 1386/1516/381 1385/1518/381 1392/1519/381 1391/1517/381
f 1385/1518/580 1384/1520/580 1393/1521/580 1392/1519/580
f 1384/1520/379 1383/1522/379 1394/1523/379 1393/1521/379
f 1383/1522/581 1382/1524/581 1395/1525/581 1394/1523/581
f 1382/1524/377 1381/1526/377 1396/1527/377 1395/1525/377
f 1381/1526/376 1380/1528/376 1397/1529/376 1396/1527/376
f 1380/1528/375 1379/1530/375 1398/1531/375 1397/1529/375
f 1379/1530/374 1377/1079/374 1389/1082/374 1398/1531/374
f 1223/1300/582 1225/1380/582 1255/1406/582 1246/1301/582
f 1225/1380/282 1226/1382/282 1254/1408/282 1255/1406/282
f 1226/1382/281 1227/1384/281 1253/1410/281 1254/1408/281
f 1227/1384/583 1228/1386/583 1252/1412/583 1253/1410/583
f 1228/1386/279 1229/1388/279 1251/1414/279 1252/1412/279
f 1229/1388/278 1230/1390/278 1250/1416/278 1251/1414/278
f 1230/1390/277 1231/1392/277 1249/1418/277 1250/1416/277
f 1231/1392/584 1232/1394/584 1248/1420/584 1249/1418/584
f 1232/1394/585 1233/1396/585 1247/1422/585 1248/1420/585
f 1233/1396/274 1224/1177/274 1245/1278/274 1247/1422/274
f 1400/1308/518 1409/1532/518 1412/1533/518 1410/1309/518
f 1409/1532/362 1408/1534/362 1413/1535/362 1412/1533/362
f 1408/1534/361 1407/1536/361 1414/1537/361 1413/1535/361
f 1407/1536/586 1406/1538/586 1415/1539/586 1414/1537/586
f 1406/1538/359 1405/1540/359 1416/1541/359 1415/1539/359
f 1405/1540/587 1404/1542/587 1417/1543/587 1416/1541/587
f 1404/1542/357 1403/1544/357 1418/1545/357 1417/1543/357
f 1403/1544/356 1402/1546/356 1419/1547/356 1418/1545/356
f 1402/1546/355 1401/1548/355 1420/1549/355 1419/1547/355
f 1401/1548/354 1399/957/354 1411/1315/354 1420/1549/354
f 1422/1292/537 1431/1550/537 1434/1551/537 1432/1293/537
f 1431/1550/202 1430/1552/202 1435/1553/202 1434/1551/202
f 1430/1552/201 1429/1554/201 1436/1555/201 1435/1553/201
f 1429/1554/588 1428/1556/588 1437/1557/588 1436/1555/588
f 1428/1556/199 1427/1558/199 1438/1559/199 1437/1557/199
f 1427/1558/198 1426/1560/198 1439/1561/198 1438/1559/198
f 1426/1560/197 1425/1562/197 1440/1563/197 1439/1561/197
f 1425/1562/196 1424/1564/196 1441/1565/196 1440/1563/196
f 1424/1564/195 1423/1566/195 1442/1567/195 1441/1565/195
f 1423/1566/194 1421/955/194 1433/954/194 1442/1567/194
f 1432/1293/589 1434/1551/589 1376/1505/589 1367/1294/589
f 1434/1551/212 1435/1553/212 1375/1506/212 1376/1505/212
f 1435/1553/211 1436/1555/211 1374/1507/211 1375/1506/211
f 1436/1555/590 1437/1557/590 1373/1508/590 1374/1507/590
f 1437/1557/209 1438/1559/209 1372/1509/209 1373/1508/209
f 1438/1559/208 1439/1561/208 1371/1510/208 1372/1509/208
f 1439/1561/532 1440/1563/532 1370/1511/532 1371/1510/532
f 1440/1563/206 1441/1565/206 1369/1512/206 1370/1511/206
f 1441/1565/205 1442/1567/205 1368/1513/205 1369/1512/205
f 1442/1567/204 1433/954/204 1366/1237/204 1368/1513/204
f 1201/1314/423 1203/1362/423 1445/1568/423 1443/1283/423
f 1203/1362/516 1204/1364/516 1446/1569/516 1445/1568/516
f 1204/1364/421 1205/1366/421 1447/1570/421 1446/1569/421
f 1205/1366/591 1206/1368/591 1448/1571/591 1447/1570/591
f 1206/1368/419 1207/1370/419 1449/1572/419 1448/1571/419
f 1207/1370/418 1208/1372/418 1450/1573/418 1449/1572/418
f 1208/1372/417 1209/1374/417 1451/1574/417 1450/1573/417
f 1209/1374/416 1210/1376/416 1452/1575/416 1451/1574/416
f 1210/1376/415 1211/1378/415 1453/1576/415 1452/1575/415
f 1211/1378/592 1202/1279/592 1444/1282/592 1453/1576/592
f 1146/1291/528 1148/1317/528 1431/1550/528 1422/1292/528
f 1148/1317/512 1149/1319/512 1430/1552/512 1431/1550/512
f 1149/1319/511 1150/1321/511 1429/1554/511 1430/1552/511
f 1150/1321/593 1151/1323/593 1428/1556/593 1429/1554/593
f 1151/1323/509 1152/1325/509 1427/1558/509 1428/1556/509
f 1152/1325/594 1153/1327/594 1426/1560/594 1427/1558/594
f 1153/1327/507 1154/1329/507 1425/1562/507 1426/1560/507
f 1154/1329/506 1155/1331/506 1424/1564/506 1425/1562/506
f 1155/1331/505 1156/1333/505 1423/1566/505 1424/1564/505
f 1156/1333/504 1147/962/504 1421/955/504 1423/1566/504
f 1455/1284/595 1464/1577/595 1321/1460/595 1312/1285/595
f 1464/1577/596 1463/1578/596 1320/1461/596 1321/1460/596
f 1463/1578/441 1462/1579/441 1319/1462/441 1320/1461/441
f 1462/1579/597 1461/1580/597 1318/1463/597 1319/1462/597
f 1461/1580/439 1460/1581/439 1317/1464/439 1318/1463/439
f 1460/1581/438 1459/1582/438 1316/1465/438 1317/1464/438
f 1459/1582/598 1458/1583/598 1315/1466/598 1316/1465/598
f 1458/1583/436 1457/1584/436 1314/1467/436 1315/1466/436
f 1457/1584/599 1456/1585/599 1313/1468/599 1314/1467/599
f 1456/1585/600 1454/1019/600 1311/1280/600 1313/1468/600
f 1300/1304/323 1302/1443/323 1343/1478/323 1334/1305/323
f 1302/1443/322 1303/1445/322 1342/1479/322 1343/1478/322
f 1303/1445/321 1304/1447/321 1341/1480/321 1342/1479/321
f 1304/1447/320 1305/1449/320 1340/1481/320 1341/1480/320
f 1305/1449/319 1306/1451/319 1339/1482/319 1340/1481/319
f 1306/1451/318 1307/1453/318 1338/1483/318 1339/1482/318
f 1307/1453/317 1308/1455/317 1337/1484/317 1338/1483/317
f 1308/1455/316 1309/1457/316 1336/1485/316 1337/1484/316
f 1309/1457/315 1310/1459/315 1335/1486/315 1336/1485/315
f 1310/1459/314 1301/1137/314 1333/1140/314 1335/1486/314
f 1322/1288/483 1324/1469/483 1167/1334/483 1158/1289/483
f 1324/1469/482 1325/1470/482 1166/1335/482 1167/1334/482
f 1325/1470/481 1326/1471/481 1165/1336/481 1166/1335/481
f 1326/1471/601 1327/1472/601 1164/1337/601 1165/1336/601
f 1327/1472/479 1328/1473/479 1163/1338/479 1164/1337/479
f 1328/1473/602 1329/1474/602 1162/1339/602 1163/1338/602
f 1329/1474/477 1330/1475/477 1161/1340/477 1162/1339/477
f 1330/1475/476 1331/1476/476 1160/1341/476 1161/1340/476
f 1331/1476/475 1332/1477/475 1159/1342/475 1160/1341/475
f 1332/1477/603 1323/1277/603 1157/1276/603 1159/1342/603
f 1355/1296/604 1357/1488/604 1467/1586/604 1465/1297/604
f 1357/1488/242 1358/1490/242 1468/1587/242 1467/1586/242
f 1358/1490/241 1359/1492/241 1469/1588/241 1468/1587/241
f 1359/1492/605 1360/1494/605 1470/1589/605 1469/1588/605
f 1360/1494/239 1361/1496/239 1471/1590/239 1470/1589/239
f 1361/1496/238 1362/1498/238 1472/1591/238 1471/1590/238
f 1362/1498/237 1363/1500/237 1473/1592/237 1472/1591/237
f 1363/1500/236 1364/1502/236 1474/1593/236 1473/1592/236
f 1364/1502/235 1365/1504/235 1475/1594/235 1474/1593/235
f 1365/1504/234 1356/1217/234 1466/1220/234 1475/1594/234
f 1443/1283/606 1445/1568/606 1464/1577/606 1455/1284/606
f 1445/1568/607 1446/1569/607 1463/1578/607 1464/1577/607
f 1446/1569/431 1447/1570/431 1462/1579/431 1463/1578/431
f 1447/1570/608 1448/1571/608 1461/1580/608 1462/1579/608
f 1448/1571/429 1449/1572/429 1460/1581/429 1461/1580/429
f 1449/1572/428 1450/1573/428 1459/1582/428 1460/1581/428
f 1450/1573/609 1451/1574/609 1458/1583/609 1459/1582/609
f 1451/1574/426 1452/1575/426 1457/1584/426 1458/1583/426
f 1452/1575/610 1453/1576/610 1456/1585/610 1457/1584/610
f 1453/1576/611 1444/1282/611 1454/1019/611 1456/1585/611
f 1465/1297/612 1467/1586/612 1244/1397/612 1235/1298/612
f 1467/1586/252 1468/1587/252 1243/1398/252 1244/1397/252
f 1468/1587/526 1469/1588/526 1242/1399/526 1243/1398/526
f 1469/1588/613 1470/1589/613 1241/1400/613 1242/1399/613
f 1470/1589/249 1471/1590/249 1240/1401/249 1241/1400/249
f 1471/1590/248 1472/1591/248 1239/1402/248 1240/1401/248
f 1472/1591/247 1473/1592/247 1238/1403/247 1239/1402/247
f 1473/1592/246 1474/1593/246 1237/1404/246 1238/1403/246
f 1474/1593/614 1475/1594/614 1236/1405/614 1237/1404/614
f 1475/1594/244 1466/1220/244 1234/1197/244 1236/1405/244
f 1388/1311/393 1390/1515/393 1478/1595/393 1476/1312/393
f 1390/1515/392 1391/1517/392 1479/1596/392 1478/1595/392
f 1391/1517/391 1392/1519/391 1480/1597/391 1479/1596/391
f 1392/1519/530 1393/1521/530 1481/1598/530 1480/1597/530
f 1393/1521/389 1394/1523/389 1482/1599/389 1481/1598/389
f 1394/1523/388 1395/1525/388 1483/1600/388 1482/1599/388
f 1395/1525/387 1396/1527/387 1484/1601/387 1483/1600/387
f 1396/1527/386 1397/1529/386 1485/1602/386 1484/1601/386
f 1397/1529/385 1398/1531/385 1486/1603/385 1485/1602/385
f 1398/1531/384 1389/1082/384 1477/1059/384 1486/1603/384
f 1278/1307/541 1280/1425/541 1409/1532/541 1400/1308/541
f 1280/1425/352 1281/1427/352 1408/1534/352 1409/1532/352
f 1281/1427/351 1282/1429/351 1407/1536/351 1408/1534/351
f 1282/1429/615 1283/1431/615 1406/1538/615 1407/1536/615
f 1283/1431/349 1284/1433/349 1405/1540/349 1406/1538/349
f 1284/1433/616 1285/1435/616 1404/1542/616 1405/1540/616
f 1285/1435/347 1286/1437/347 1403/1544/347 1404/1542/347
f 1286/1437/346 1287/1439/346 1402/1546/346 1403/1544/346
f 1287/1439/345 1288/1441/345 1401/1548/345 1402/1546/345
f 1288/1441/344 1279/1281/344 1399/957/344 1401/1548/344
f 1476/1312/617 1478/1595/617 1200/1361/617 1191/1313/617
f 1478/1595/402 1479/1596/402 1199/1363/402 1200/1361/402
f 1479/1596/401 1480/1597/401 1198/1365/401 1199/1363/401
f 1480/1597/618 1481/1598/618 1197/1367/618 1198/1365/618
f 1481/1598/399 1482/1599/399 1196/1369/399 1197/1367/399
f 1482/1599/398 1483/1600/398 1195/1371/398 1196/1369/398
f 1483/1600/397 1484/1601/397 1194/1373/397 1195/1371/397
f 1484/1601/396 1485/1602/396 1193/1375/396 1194/1373/396
f 1485/1602/395 1486/1603/395 1192/1377/395 1193/1375/395
f 1486/1603/394 1477/1059/394 1190/1062/394 1192/1377/394
f 1410/1309/619 1412/1533/619 1387/1514/619 1378/1310/619
f 1412/1533/536 1413/1535/536 1386/1516/536 1387/1514/536
f 1413/1535/371 1414/1537/371 1385/1518/371 1386/1516/371
f 1414/1537/620 1415/1539/620 1384/1520/620 1385/1518/620
f 1415/1539/369 1416/1541/369 1383/1522/369 1384/1520/369
f 1416/1541/621 1417/1543/621 1382/1524/621 1383/1522/621
f 1417/1543/367 1418/1545/367 1381/1526/367 1382/1524/367
f 1418/1545/366 1419/1547/366 1380/1528/366 1381/1526/366
f 1419/1547/365 1420/1549/365 1379/1530/365 1380/1528/365
f 1420/1549/364 1411/1315/364 1377/1079/364 1379/1530/364
f 429/962/192 1147/962/192 1135/1275/192 430/959/192
f 1517/1604/11 1516/1605/11 1515/1606/11 1514/1607/11 1513/1608/11 1512/1609/11 1511/1610/11 1510/1611/11 1509/1612/11 1508/1613/11 1507/1614/11 1506/1615/11 1505/1616/11 1504/1617/11 1503/1618/11 1502/1617/11 1501/1616/11 1500/1615/11 1499/1614/11 1498/1613/11 1497/1612/11 1496/1611/11 1495/1610/11 1494/1609/11 1493/1608/11 1492/1607/11 1491/1606/11 1490/1605/11 1489/1604/11 1488/1619/11 1487/1620/11 1518/1619/11
o XO3
v -0.023791 3.411789 0.836890
v -0.064054 3.318594 0.503355
v 0.093865 3.410011 0.836890
v 0.131294 3.315642 0.503355
v 0.178318 3.491950 0.836890
v 0.271513 3.451687 0.503355
v 0.180096 3.609606 0.836890
v 0.274465 3.647035 0.503355
v 0.098158 3.694059 0.836890
v 0.138421 3.787254 0.503355
v -0.019499 3.695837 0.836890
v -0.056927 3.790206 0.503355
v -0.103952 3.613898 0.836890
v -0.197147 3.654161 0.503355
v -0.105730 3.496242 0.836890
v -0.200099 3.458813 0.503355
v -0.064054 3.318594 0.749596
v 0.131294 3.315642 0.749596
v 0.271513 3.451687 0.749596
v 0.274465 3.647035 0.749596
v 0.138421 3.787254 0.749596
v -0.056927 3.790206 0.749596
v -0.197147 3.654161 0.749596
v -0.200099 3.458813 0.749596
v -0.038630 3.377442 0.836890
v 0.107660 3.375232 0.836890
v 0.212665 3.477111 0.836890
v 0.214876 3.623400 0.836890
v 0.112996 3.728406 0.836890
v -0.033293 3.730616 0.836890
v -0.138298 3.628737 0.836890
v -0.140509 3.482448 0.836890
v -0.023791 3.411789 0.939273
v 0.093865 3.410011 0.939273
v 0.178318 3.491950 0.939273
v 0.180096 3.609606 0.939273
v 0.098158 3.694059 0.939273
v -0.019499 3.695837 0.939273
v -0.103952 3.613898 0.939273
v -0.105730 3.496242 0.939273
v -0.019403 3.421947 1.160521
v -0.023791 3.411789 0.948524
v 0.093865 3.410011 0.948524
v 0.089786 3.420297 1.160521
v 0.178318 3.491950 0.948524
v 0.168161 3.496338 1.160521
v 0.180096 3.609606 0.948524
v 0.169811 3.605527 1.160521
v 0.098158 3.694059 0.948524
v 0.093769 3.683901 1.160521
v -0.019499 3.695837 0.948524
v -0.015419 3.685551 1.160521
v -0.103952 3.613898 0.948524
v -0.093794 3.609510 1.160521
v -0.105730 3.496242 0.948524
v -0.095444 3.500321 1.160521
v -0.090070 3.609510 1.462227
v -0.011695 3.685551 1.462227
v 0.093511 3.420297 1.462227
v -0.015678 3.421947 1.462227
v -0.091719 3.500321 1.462227
v 0.097494 3.683901 1.462227
v 0.173535 3.605527 1.462227
v 0.171885 3.496338 1.462227
v -0.201278 3.609510 1.597504
v -0.104430 3.685551 1.597504
v 0.025572 3.420297 1.597504
v -0.109352 3.421947 1.597504
v -0.203317 3.500321 1.597504
v 0.030494 3.683902 1.597504
v 0.124459 3.605527 1.597504
v 0.122420 3.496338 1.597504
v -0.198292 3.609510 2.060109
v -0.101444 3.685551 2.060109
v 0.028559 3.420297 2.060109
v -0.106366 3.421947 2.060109
v -0.200331 3.500321 2.060109
v 0.033481 3.683901 2.060109
v 0.127445 3.605527 2.060109
v 0.125406 3.496338 2.060109
v -0.059040 3.421331 1.597504
v -0.059039 3.421368 2.060109
v -0.059020 3.685033 2.060109
v -0.198292 3.609510 2.270163
v -0.101444 3.685551 2.270163
v -0.059040 3.421368 2.270163
v -0.106366 3.421947 2.270163
v -0.200331 3.500322 2.270163
v -0.059020 3.685033 2.270163
v -0.121535 3.434599 2.270163
v -0.119627 3.592931 2.270163
v -0.121535 3.434599 2.695051
v -0.119627 3.592931 2.695051
v -0.200331 3.500321 2.482607
v -0.198292 3.609510 2.482607
v -0.119627 3.592931 2.482607
v -0.121535 3.434599 2.482607
v -0.198292 3.609510 2.327456
v -0.101444 3.685552 2.327456
v -0.059040 3.421368 2.327456
v -0.106367 3.421947 2.327456
v -0.059020 3.685033 2.327456
v -0.121535 3.434599 2.327456
v -0.119627 3.592931 2.327456
v -0.052128 3.592118 2.695051
v -0.054036 3.433785 2.695051
v -0.054036 3.433785 2.482607
v -0.052128 3.592118 2.482607
v -0.087786 3.434192 2.482607
v -0.087786 3.434192 2.695051
v -0.085878 3.592525 2.482607
v -0.085878 3.592524 2.695051
v -0.052128 3.592118 2.795456
v -0.054036 3.433785 2.795456
v -0.052128 3.592118 2.745254
v -0.054036 3.433785 2.745254
v -0.087786 3.434192 2.745254
v -0.085878 3.592524 2.745254
v -0.054036 3.433785 2.720153
v -0.087786 3.434192 2.720153
v -0.052128 3.592118 2.720153
v -0.085878 3.592524 2.720153
v -0.200331 3.500321 2.587869
v -0.121535 3.434599 2.587869
v -0.198292 3.609510 2.587869
v -0.119627 3.592931 2.587869
v -0.054036 3.433785 2.587869
v -0.052128 3.592118 2.587869
v -0.085878 3.592524 2.587869
v -0.087786 3.434192 2.587869
v -0.200331 3.500321 2.641460
v -0.121535 3.434599 2.641460
v -0.054036 3.433785 2.641460
v -0.087786 3.434192 2.641460
v -0.198292 3.609510 2.641460
v -0.119627 3.592931 2.641460
v -0.052128 3.592118 2.641460
v -0.085878 3.592524 2.641460
v -0.200331 3.500321 2.668256
v -0.121535 3.434599 2.668256
v -0.054036 3.433785 2.668256
v -0.087786 3.434192 2.668256
v -0.198292 3.609510 2.668256
v -0.119627 3.592931 2.668256
v -0.052128 3.592118 2.668256
v -0.085878 3.592524 2.668256
v -0.198292 3.609510 2.614664
v -0.119627 3.592931 2.614664
v -0.052128 3.592118 2.614664
v -0.085878 3.592524 2.614664
v -0.200331 3.500321 2.614664
v -0.121535 3.434599 2.614664
v -0.054036 3.433785 2.614664
v -0.087786 3.434192 2.614664
v 0.094376 3.590352 2.745254
v 0.094376 3.590352 2.720153
v 0.092468 3.432020 2.745254
v 0.092468 3.432020 2.720153
v 0.104157 3.590234 2.668256
v -0.212416 3.609774 2.482607
v -0.212416 3.609774 2.587869
v 0.102249 3.431902 2.668256
v 0.102488 3.431899 2.667660
v 0.104396 3.590231 2.667660
v 0.026014 3.591176 2.641460
v 0.024106 3.432844 2.641460
v 0.026014 3.591176 2.668256
v 0.024106 3.432844 2.668256
v 0.021124 3.591235 2.745254
v 0.021124 3.591235 2.720153
v 0.021124 3.591235 2.795456
v 0.019216 3.432903 2.795456
v 0.019216 3.432903 2.720153
v 0.019216 3.432903 2.745254
v 0.026014 3.591176 2.720119
v 0.024106 3.432844 2.720119
v 0.095229 3.590342 2.720119
v 0.104157 3.590234 2.715813
v 0.096626 3.590325 2.720066
v 0.097988 3.590309 2.719908
v 0.099282 3.590293 2.719650
v 0.100477 3.590279 2.719297
v 0.101542 3.590266 2.718858
v 0.102452 3.590255 2.718344
v 0.103184 3.590246 2.717768
v 0.103720 3.590240 2.717144
v 0.104047 3.590236 2.716486
v 0.102249 3.431902 2.715813
v 0.093321 3.432010 2.720119
v 0.102139 3.431904 2.716486
v 0.101812 3.431907 2.717144
v 0.101276 3.431914 2.717768
v 0.100544 3.431923 2.718344
v 0.099634 3.431934 2.718858
v 0.098569 3.431947 2.719297
v 0.097374 3.431961 2.719650
v 0.096080 3.431977 2.719908
v 0.094718 3.431993 2.720066
v 0.082420 3.590496 2.795456
v 0.094376 3.590352 2.789689
v 0.084290 3.590474 2.795385
v 0.086114 3.590452 2.795174
v 0.087848 3.590431 2.794828
v 0.089448 3.590412 2.794355
v 0.090874 3.590394 2.793767
v 0.092093 3.590380 2.793079
v 0.093073 3.590368 2.792307
v 0.093791 3.590359 2.791471
v 0.094229 3.590354 2.790591
v 0.092468 3.432020 2.789689
v 0.080512 3.432164 2.795456
v 0.092321 3.432022 2.790591
v 0.091883 3.432027 2.791471
v 0.091165 3.432036 2.792307
v 0.090185 3.432048 2.793079
v 0.088966 3.432062 2.793767
v 0.087540 3.432079 2.794355
v 0.085940 3.432099 2.794828
v 0.084207 3.432120 2.795174
v 0.082382 3.432142 2.795385
v -0.085878 3.592524 2.791289
v -0.077239 3.592420 2.795456
v -0.085771 3.592523 2.791941
v -0.085455 3.592519 2.792577
v -0.084936 3.592513 2.793181
v -0.084228 3.592505 2.793739
v -0.083348 3.592494 2.794235
v -0.082317 3.592481 2.794660
v -0.081161 3.592468 2.795002
v -0.079909 3.592453 2.795252
v -0.078591 3.592437 2.795405
v -0.079147 3.434088 2.795456
v -0.087786 3.434192 2.791289
v -0.080499 3.434104 2.795405
v -0.081817 3.434120 2.795252
v -0.083069 3.434135 2.795002
v -0.084225 3.434149 2.794660
v -0.085256 3.434162 2.794235
v -0.086136 3.434172 2.793739
v -0.086844 3.434181 2.793181
v -0.087363 3.434187 2.792577
v -0.087679 3.434191 2.791941
v 0.087397 3.432081 2.638339
v 0.102488 3.431899 2.648570
v 0.089757 3.432053 2.638828
v 0.092060 3.432025 2.639496
v 0.094248 3.431999 2.640325
v 0.096267 3.431974 2.641295
v 0.098068 3.431952 2.642381
v 0.099606 3.431934 2.643558
v 0.100843 3.431919 2.644796
v 0.101750 3.431908 2.646065
v 0.102302 3.431901 2.647334
v 0.104396 3.590231 2.648570
v 0.089304 3.590413 2.638339
v 0.104210 3.590234 2.647334
v 0.103658 3.590240 2.646065
v 0.102751 3.590251 2.644796
v 0.101514 3.590266 2.643558
v 0.099976 3.590285 2.642381
v 0.098175 3.590306 2.641295
v 0.096156 3.590331 2.640325
v 0.093968 3.590357 2.639496
v 0.091665 3.590385 2.638828
v 0.104157 3.590234 2.647885
v 0.090837 3.590395 2.641460
v 0.103993 3.590236 2.646880
v 0.103505 3.590242 2.645900
v 0.102705 3.590252 2.644968
v 0.101613 3.590265 2.644108
v 0.100256 3.590281 2.643342
v 0.098666 3.590301 2.642687
v 0.096884 3.590322 2.642160
v 0.094953 3.590345 2.641774
v 0.092920 3.590370 2.641539
v 0.088929 3.432063 2.641460
v 0.102249 3.431902 2.647885
v 0.091013 3.432038 2.641539
v 0.093045 3.432013 2.641774
v 0.094976 3.431990 2.642160
v 0.096758 3.431968 2.642687
v 0.098348 3.431949 2.643342
v 0.099705 3.431933 2.644108
v 0.100797 3.431920 2.644968
v 0.101597 3.431910 2.645900
v 0.102085 3.431904 2.646880
v -0.214455 3.500585 2.482607
v -0.214455 3.500585 2.587869
v -0.217122 3.609862 2.270163
v -0.219161 3.500673 2.270163
v -0.217122 3.609862 2.482607
v -0.219161 3.500673 2.482607
v -0.218501 3.609887 2.060109
v -0.220540 3.500699 2.060109
v -0.218502 3.609888 2.270163
v -0.220540 3.500699 2.270163
v -0.222203 3.609901 1.597639
v -0.224242 3.500712 1.597639
v -0.219216 3.609901 2.060244
v -0.221255 3.500712 2.060244
v -0.198926 3.609522 2.668256
v -0.198926 3.609522 2.641460
v -0.200965 3.500333 2.641460
v -0.200965 3.500333 2.668256
v -0.227620 3.588280 1.597671
v -0.222203 3.609901 1.597639
v -0.227495 3.591676 1.597671
v -0.227250 3.594986 1.597669
v -0.226890 3.598128 1.597668
v -0.226425 3.601026 1.597665
v -0.225866 3.603607 1.597661
v -0.225226 3.605809 1.597658
v -0.224522 3.607577 1.597653
v -0.223771 3.608867 1.597649
v -0.222992 3.609648 1.597644
v -0.224242 3.500712 1.597639
v -0.228848 3.522520 1.597671
v -0.225021 3.500994 1.597644
v -0.225771 3.501804 1.597649
v -0.226473 3.503121 1.597653
v -0.227110 3.504914 1.597658
v -0.227667 3.507138 1.597661
v -0.228129 3.509739 1.597665
v -0.228486 3.512651 1.597668
v -0.228728 3.515805 1.597669
v -0.228850 3.519122 1.597671
v -0.219216 3.609901 2.060244
v -0.224634 3.588280 2.060276
v -0.220005 3.609648 2.060249
v -0.220785 3.608867 2.060254
v -0.221536 3.607576 2.060258
v -0.222240 3.605809 2.060263
v -0.222879 3.603607 2.060266
v -0.223438 3.601026 2.060270
v -0.223904 3.598128 2.060272
v -0.224263 3.594986 2.060274
v -0.224509 3.591676 2.060276
v -0.225862 3.522520 2.060276
v -0.221255 3.500712 2.060244
v -0.225864 3.519122 2.060276
v -0.225742 3.515805 2.060274
v -0.225500 3.512651 2.060272
v -0.225143 3.509739 2.060270
v -0.224681 3.507138 2.060266
v -0.224124 3.504914 2.060263
v -0.223487 3.503121 2.060258
v -0.222784 3.501804 2.060254
v -0.222034 3.500994 2.060249
v -0.223670 3.588262 2.060109
v -0.218501 3.609887 2.060109
v -0.223548 3.591658 2.060109
v -0.223312 3.594968 2.060109
v -0.222967 3.598111 2.060109
v -0.222522 3.601008 2.060109
v -0.221988 3.603590 2.060109
v -0.221379 3.605793 2.060109
v -0.220708 3.607561 2.060109
v -0.219993 3.608852 2.060109
v -0.219252 3.609634 2.060109
v -0.220540 3.500699 2.060109
v -0.224898 3.522502 2.060109
v -0.221280 3.500980 2.060109
v -0.221992 3.501789 2.060109
v -0.222659 3.503106 2.060109
v -0.223263 3.504898 2.060109
v -0.223790 3.507122 2.060109
v -0.224227 3.509722 2.060109
v -0.224563 3.512634 2.060109
v -0.224790 3.515787 2.060109
v -0.224903 3.519104 2.060109
v -0.218502 3.609888 2.270163
v -0.219252 3.609634 2.270163
v -0.219993 3.608852 2.270163
v -0.220708 3.607561 2.270163
v -0.221379 3.605793 2.270163
v -0.221989 3.603590 2.270163
v -0.222522 3.601009 2.270163
v -0.222967 3.598111 2.270163
v -0.223312 3.594968 2.270163
v -0.223548 3.591658 2.270163
v -0.220540 3.500699 2.270163
v -0.224903 3.519104 2.270163
v -0.224791 3.515788 2.270163
v -0.224563 3.512634 2.270163
v -0.224227 3.509722 2.270163
v -0.223790 3.507122 2.270163
v -0.223263 3.504898 2.270163
v -0.222659 3.503106 2.270163
v -0.221993 3.501789 2.270163
v -0.221281 3.500980 2.270163
v -0.222277 3.588236 2.270163
v -0.217122 3.609862 2.270163
v -0.222155 3.591632 2.270163
v -0.221920 3.594942 2.270163
v -0.221576 3.598085 2.270163
v -0.221132 3.600983 2.270163
v -0.220600 3.603565 2.270163
v -0.219992 3.605767 2.270163
v -0.219323 3.607535 2.270163
v -0.218610 3.608826 2.270163
v -0.217870 3.609608 2.270163
v -0.219161 3.500673 2.270163
v -0.223505 3.522476 2.270163
v -0.219899 3.500954 2.270163
v -0.220609 3.501763 2.270163
v -0.221273 3.503080 2.270163
v -0.221875 3.504872 2.270163
v -0.222401 3.507096 2.270163
v -0.222837 3.509696 2.270163
v -0.223172 3.512608 2.270163
v -0.223398 3.515761 2.270163
v -0.223510 3.519078 2.270163
v -0.217122 3.609862 2.482607
v -0.217870 3.609608 2.482607
v -0.218610 3.608826 2.482607
v -0.219323 3.607535 2.482607
v -0.219992 3.605767 2.482607
v -0.220600 3.603565 2.482607
v -0.221132 3.600983 2.482607
v -0.221576 3.598085 2.482607
v -0.221920 3.594942 2.482607
v -0.222155 3.591632 2.482607
v -0.219161 3.500673 2.482607
v -0.223510 3.519078 2.482607
v -0.223398 3.515761 2.482607
v -0.223172 3.512608 2.482607
v -0.222837 3.509696 2.482607
v -0.222401 3.507096 2.482607
v -0.221875 3.504872 2.482607
v -0.221273 3.503080 2.482607
v -0.220609 3.501763 2.482607
v -0.219899 3.500954 2.482607
v -0.214455 3.500585 2.587869
v -0.219396 3.519001 2.587869
v -0.219262 3.515684 2.587869
v -0.219000 3.512530 2.587869
v -0.218615 3.509617 2.587869
v -0.218119 3.507016 2.587869
v -0.217522 3.504791 2.587869
v -0.216839 3.502997 2.587869
v -0.216088 3.501679 2.587869
v -0.215287 3.500868 2.587869
v -0.212416 3.609774 2.587869
v -0.213258 3.609522 2.587869
v -0.214089 3.608742 2.587869
v -0.214889 3.607452 2.587869
v -0.215638 3.605685 2.587869
v -0.216317 3.603485 2.587869
v -0.216911 3.600904 2.587869
v -0.217404 3.598007 2.587869
v -0.217784 3.594865 2.587869
v -0.218042 3.591555 2.587869
v -0.214455 3.500585 2.482607
v -0.219399 3.522399 2.482607
v -0.215287 3.500868 2.482607
v -0.216088 3.501679 2.482607
v -0.216839 3.502997 2.482607
v -0.217522 3.504791 2.482607
v -0.218119 3.507016 2.482607
v -0.218615 3.509617 2.482607
v -0.219000 3.512530 2.482607
v -0.219262 3.515684 2.482607
v -0.219396 3.519001 2.482607
v -0.218171 3.588160 2.482607
v -0.212416 3.609774 2.482607
v -0.218041 3.591555 2.482607
v -0.217784 3.594865 2.482607
v -0.217404 3.598007 2.482607
v -0.216911 3.600904 2.482607
v -0.216317 3.603485 2.482607
v -0.215638 3.605685 2.482607
v -0.214889 3.607452 2.482607
v -0.214089 3.608742 2.482607
v -0.213258 3.609522 2.482607
v -0.198292 3.609510 2.614664
v -0.200354 3.609281 2.614664
v -0.202375 3.608523 2.614664
v -0.204306 3.607255 2.614664
v -0.206099 3.605507 2.614664
v -0.207709 3.603324 2.614664
v -0.209097 3.600758 2.614664
v -0.210230 3.597873 2.614664
v -0.211078 3.594739 2.614664
v -0.211622 3.591435 2.614664
v -0.211847 3.588042 2.587869
v -0.198292 3.609510 2.587869
v -0.211622 3.591435 2.587869
v -0.211078 3.594739 2.587869
v -0.210230 3.597873 2.587869
v -0.209097 3.600758 2.587869
v -0.207709 3.603324 2.587869
v -0.206099 3.605507 2.587869
v -0.204306 3.607255 2.587869
v -0.202375 3.608523 2.587869
v -0.200354 3.609281 2.587869
v -0.200331 3.500321 2.587869
v -0.213075 3.522281 2.587869
v -0.202383 3.500627 2.587869
v -0.204374 3.501460 2.587869
v -0.206256 3.502800 2.587869
v -0.207983 3.504613 2.587869
v -0.209510 3.506855 2.587869
v -0.210802 3.509471 2.587869
v -0.211826 3.512396 2.587869
v -0.212557 3.515559 2.587869
v -0.212976 3.518881 2.587869
v -0.200331 3.500321 2.614664
v -0.212976 3.518881 2.614664
v -0.212557 3.515559 2.614664
v -0.211826 3.512396 2.614664
v -0.210802 3.509471 2.614664
v -0.209510 3.506855 2.614664
v -0.207983 3.504613 2.614664
v -0.206256 3.502800 2.614664
v -0.204374 3.501460 2.614664
v -0.202383 3.500627 2.614664
v -0.200331 3.500321 2.614664
v -0.206442 3.522157 2.614664
v -0.201345 3.500608 2.614664
v -0.202325 3.501422 2.614664
v -0.203245 3.502743 2.614664
v -0.204084 3.504540 2.614664
v -0.204820 3.506768 2.614664
v -0.205436 3.509371 2.614664
v -0.205916 3.512286 2.614664
v -0.206248 3.515441 2.614664
v -0.206425 3.518759 2.614664
v -0.200331 3.500321 2.641460
v -0.206425 3.518759 2.641460
v -0.206248 3.515441 2.641460
v -0.205916 3.512286 2.641460
v -0.205436 3.509371 2.641460
v -0.204820 3.506768 2.641460
v -0.204084 3.504540 2.641460
v -0.203245 3.502743 2.641460
v -0.202325 3.501422 2.641460
v -0.201345 3.500608 2.641460
v -0.198292 3.609510 2.641460
v -0.199317 3.609262 2.641460
v -0.200326 3.608485 2.641460
v -0.201295 3.607199 2.641460
v -0.202200 3.605435 2.641460
v -0.203019 3.603236 2.641460
v -0.203731 3.600658 2.641460
v -0.204320 3.597762 2.641460
v -0.204770 3.594622 2.641460
v -0.205070 3.591313 2.641460
v -0.205214 3.587918 2.614664
v -0.198292 3.609510 2.614664
v -0.205070 3.591313 2.614664
v -0.204770 3.594622 2.614664
v -0.204320 3.597762 2.614664
v -0.203731 3.600658 2.614664
v -0.203019 3.603236 2.614664
v -0.202200 3.605435 2.614664
v -0.201295 3.607199 2.614664
v -0.200326 3.608485 2.614664
v -0.199317 3.609262 2.614664
v -0.194789 3.495699 2.695051
v -0.200331 3.500321 2.692338
v -0.195656 3.496422 2.695019
v -0.196502 3.497128 2.694919
v -0.197305 3.497798 2.694756
v -0.198047 3.498416 2.694533
v -0.198708 3.498968 2.694257
v -0.199273 3.499439 2.693933
v -0.199727 3.499818 2.693570
v -0.200060 3.500095 2.693177
v -0.200263 3.500265 2.692762
v -0.198292 3.609510 2.692338
v -0.192686 3.608329 2.695051
v -0.198223 3.609496 2.692762
v -0.198018 3.609452 2.693177
v -0.197681 3.609381 2.693570
v -0.197221 3.609284 2.693933
v -0.196650 3.609164 2.694257
v -0.195981 3.609023 2.694533
v -0.195231 3.608865 2.694756
v -0.194418 3.608694 2.694919
v -0.193563 3.608513 2.695019
v -0.223671 3.588262 2.267449
v -0.218044 3.588153 2.270163
v -0.223601 3.588261 2.267874
v -0.223395 3.588257 2.268288
v -0.223057 3.588250 2.268681
v -0.222596 3.588241 2.269044
v -0.222023 3.588230 2.269368
v -0.221351 3.588217 2.269645
v -0.220599 3.588202 2.269867
v -0.219783 3.588187 2.270030
v -0.218925 3.588170 2.270130
v -0.219272 3.522402 2.270163
v -0.224898 3.522502 2.267449
v -0.220152 3.522417 2.270130
v -0.221011 3.522433 2.270030
v -0.221826 3.522447 2.269867
v -0.222579 3.522460 2.269645
v -0.223251 3.522472 2.269368
v -0.223824 3.522483 2.269044
v -0.224285 3.522491 2.268681
v -0.224623 3.522497 2.268288
v -0.224829 3.522501 2.267874
v -0.222277 3.588236 2.479893
v -0.216651 3.588127 2.482608
v -0.222208 3.588235 2.480318
v -0.222002 3.588231 2.480732
v -0.221664 3.588224 2.481125
v -0.221203 3.588215 2.481489
v -0.220630 3.588204 2.481812
v -0.219958 3.588191 2.482089
v -0.219205 3.588176 2.482311
v -0.218390 3.588161 2.482474
v -0.217531 3.588144 2.482574
v -0.217879 3.522376 2.482608
v -0.223505 3.522476 2.479893
v -0.218759 3.522391 2.482574
v -0.219618 3.522407 2.482474
v -0.220433 3.522421 2.482311
v -0.221186 3.522434 2.482089
v -0.221857 3.522446 2.481812
v -0.222431 3.522457 2.481489
v -0.222892 3.522465 2.481125
v -0.223230 3.522471 2.480732
v -0.223436 3.522475 2.480318
v -0.213772 3.522300 2.587869
v -0.219399 3.522399 2.585155
v -0.214652 3.522315 2.587835
v -0.215511 3.522330 2.587736
v -0.216327 3.522345 2.587573
v -0.217079 3.522358 2.587350
v -0.217751 3.522370 2.587074
v -0.218324 3.522380 2.586750
v -0.218785 3.522388 2.586387
v -0.219123 3.522394 2.585994
v -0.219329 3.522398 2.585579
v -0.218171 3.588160 2.585155
v -0.212545 3.588049 2.587869
v -0.218102 3.588158 2.585579
v -0.217895 3.588154 2.585994
v -0.217558 3.588148 2.586387
v -0.217096 3.588139 2.586750
v -0.216523 3.588127 2.587074
v -0.215852 3.588114 2.587350
v -0.215099 3.588099 2.587573
v -0.214283 3.588083 2.587736
v -0.213425 3.588067 2.587835
v -0.211847 3.588042 2.611950
v -0.211622 3.591435 2.614664
v -0.211844 3.588083 2.612375
v -0.211836 3.588207 2.612788
v -0.211822 3.588411 2.613182
v -0.211804 3.588690 2.613545
v -0.211781 3.589036 2.613869
v -0.211754 3.589441 2.614146
v -0.211724 3.589895 2.614368
v -0.211691 3.590387 2.614531
v -0.211657 3.590904 2.614630
v -0.212976 3.518881 2.614664
v -0.213075 3.522281 2.611950
v -0.212992 3.519413 2.614630
v -0.213007 3.519932 2.614531
v -0.213021 3.520424 2.614368
v -0.213034 3.520879 2.614146
v -0.213046 3.521285 2.613869
v -0.213056 3.521632 2.613545
v -0.213064 3.521910 2.613182
v -0.213070 3.522114 2.612788
v -0.213074 3.522239 2.612375
v -0.200815 3.522059 2.641460
v -0.206442 3.522157 2.638746
v -0.201695 3.522074 2.641427
v -0.202554 3.522089 2.641327
v -0.203370 3.522103 2.641165
v -0.204122 3.522117 2.640942
v -0.204794 3.522128 2.640665
v -0.205367 3.522138 2.640342
v -0.205829 3.522146 2.639979
v -0.206166 3.522152 2.639585
v -0.206372 3.522156 2.639171
v -0.205214 3.587918 2.638746
v -0.199588 3.587806 2.641460
v -0.205145 3.587916 2.639171
v -0.204939 3.587912 2.639585
v -0.204601 3.587905 2.639979
v -0.204139 3.587896 2.640342
v -0.203566 3.587885 2.640665
v -0.202895 3.587872 2.640942
v -0.202142 3.587857 2.641165
v -0.201326 3.587841 2.641327
v -0.200468 3.587824 2.641427
v -0.263515 2.834688 0.132321
v -0.263515 3.179640 0.132321
v 0.377722 2.834688 0.132321
v 0.377722 3.179640 0.132321
v -0.263515 2.834688 0.465168
v -0.263515 2.835247 0.481359
v -0.263515 2.836909 0.498054
v -0.263515 2.839635 0.514841
v -0.263515 2.843357 0.531308
v -0.263515 2.847983 0.547047
v -0.263515 2.853399 0.561673
v -0.263515 2.859472 0.574825
v -0.263515 2.866053 0.586178
v -0.263515 2.872979 0.595454
v 0.377722 2.834688 0.465168
v 0.377722 2.872979 0.595454
v 0.377722 2.866053 0.586178
v 0.377722 2.859472 0.574825
v 0.377722 2.853399 0.561673
v 0.377722 2.847983 0.547047
v 0.377722 2.843357 0.531308
v 0.377722 2.839635 0.514841
v 0.377722 2.836910 0.498054
v 0.377722 2.835247 0.481359
v 0.057104 2.834688 0.465168
v 0.057104 3.179640 0.844199
v 0.057104 3.179640 0.132321
v 0.057104 2.834688 0.132321
v -0.263515 3.249535 0.132321
v -0.184996 3.291774 0.132321
v -0.262548 3.256143 0.132321
v -0.259672 3.262588 0.132321
v -0.254957 3.268711 0.132321
v -0.248519 3.274363 0.132321
v -0.240517 3.279402 0.132321
v -0.231148 3.283707 0.132321
v -0.220642 3.287170 0.132321
v -0.209259 3.289707 0.132321
v -0.197279 3.291254 0.132321
v -0.184996 3.291774 0.844199
v -0.263515 3.249535 0.844199
v -0.197279 3.291254 0.844199
v -0.209259 3.289707 0.844199
v -0.220642 3.287170 0.844199
v -0.231148 3.283707 0.844199
v -0.240517 3.279402 0.844199
v -0.248519 3.274363 0.844199
v -0.254957 3.268711 0.844199
v -0.259672 3.262588 0.844199
v -0.262548 3.256143 0.844199
v 0.299203 3.291774 0.132321
v 0.377722 3.249535 0.132321
v 0.311486 3.291254 0.132321
v 0.323466 3.289707 0.132321
v 0.334850 3.287170 0.132321
v 0.345355 3.283707 0.132321
v 0.354724 3.279402 0.132321
v 0.362726 3.274363 0.132321
v 0.369164 3.268711 0.132321
v 0.373879 3.262588 0.132321
v 0.376755 3.256143 0.132321
v 0.377722 3.249535 0.844199
v 0.299203 3.291774 0.844199
v 0.376755 3.256143 0.844199
v 0.373879 3.262588 0.844199
v 0.369164 3.268711 0.844199
v 0.362726 3.274363 0.844199
v 0.354724 3.279402 0.844199
v 0.345355 3.283707 0.844199
v 0.334850 3.287170 0.844199
v 0.323466 3.289707 0.844199
v 0.311486 3.291254 0.844199
v 0.057104 2.835247 0.481359
v 0.057104 2.836910 0.498054
v 0.057104 2.839635 0.514841
v 0.057104 2.843357 0.531308
v 0.057104 2.847983 0.547047
v 0.057104 2.853399 0.561673
v 0.057104 2.859472 0.574825
v 0.057104 2.866053 0.586178
v 0.057104 2.872979 0.595454
v 0.057104 2.880080 0.602424
v -0.103206 2.835247 0.481359
v -0.103206 2.836909 0.498054
v -0.103206 2.839635 0.514841
v -0.103206 2.843357 0.531308
v -0.103206 2.847983 0.547047
v -0.103206 2.853399 0.561673
v -0.103206 2.859472 0.574825
v -0.103206 2.866053 0.586178
v -0.103206 2.872979 0.595454
v -0.103206 2.880080 0.602424
v -0.103206 3.179640 0.844199
v -0.103206 3.179640 0.132321
v -0.103206 2.834688 0.132321
v -0.103206 2.834688 0.465168
v 0.219678 2.834688 0.132321
v 0.219678 3.179640 0.132321
v 0.219678 3.179640 0.844199
v 0.219678 2.834688 0.465168
v 0.219678 2.843357 0.531308
v 0.219678 2.839635 0.514841
v 0.219678 2.835247 0.481359
v 0.219678 2.836909 0.498054
v 0.219678 2.847983 0.547047
v 0.219678 2.853399 0.561673
v 0.219678 2.859472 0.574825
v 0.219678 2.866053 0.586178
v 0.219678 2.872979 0.595454
v 0.219678 2.880080 0.602424
v -0.263515 2.834688 0.298744
v 0.377722 2.834688 0.298744
v 0.057104 2.678299 0.215533
v -0.103206 2.834688 0.298744
v 0.219678 2.834688 0.298744
v -0.263515 2.834688 0.381956
v 0.377722 2.834688 0.381956
v 0.057104 2.834688 0.381956
v -0.103206 2.834688 0.381956
v 0.219678 2.834688 0.381956
v -0.263515 2.834688 0.215533
v 0.377722 2.834688 0.215533
v 0.057104 2.834688 0.215533
v -0.103206 2.834688 0.215533
v 0.219678 2.834688 0.215533
v 0.057104 2.798152 0.215533
v -0.103206 2.798152 0.215533
v -0.103206 2.798152 0.298744
v 0.219678 2.798152 0.215533
v 0.219678 2.798152 0.298744
v 0.057104 2.798152 0.381956
v -0.103206 2.798152 0.381956
v 0.219678 2.798152 0.381956
v 0.057104 2.678299 0.298744
v 0.057104 2.678299 0.381956
v 0.219678 2.692255 0.215533
v 0.193736 2.678299 0.215533
v 0.219359 2.690071 0.215533
v 0.218409 2.687942 0.215533
v 0.216851 2.685919 0.215533
v 0.214724 2.684052 0.215533
v 0.212080 2.682386 0.215533
v 0.208985 2.680964 0.215533
v 0.205514 2.679820 0.215533
v 0.201752 2.678982 0.215533
v 0.197794 2.678471 0.215533
v 0.219678 2.692255 0.298744
v 0.193736 2.678299 0.298744
v 0.219359 2.690071 0.298744
v 0.218409 2.687942 0.298744
v 0.216851 2.685919 0.298744
v 0.214724 2.684052 0.298744
v 0.212080 2.682386 0.298744
v 0.208985 2.680964 0.298744
v 0.205514 2.679820 0.298744
v 0.201752 2.678982 0.298744
v 0.197794 2.678471 0.298744
v 0.193736 2.678299 0.381956
v 0.219678 2.692255 0.381956
v 0.197794 2.678471 0.381956
v 0.201752 2.678982 0.381956
v 0.205514 2.679820 0.381956
v 0.208985 2.680964 0.381956
v 0.212080 2.682386 0.381956
v 0.214724 2.684052 0.381956
v 0.216851 2.685919 0.381956
v 0.218409 2.687942 0.381956
v 0.219359 2.690071 0.381956
v -0.088120 2.678299 0.215533
v -0.103206 2.686414 0.215533
v -0.090480 2.678399 0.215533
v -0.092782 2.678696 0.215533
v -0.094969 2.679183 0.215533
v -0.096987 2.679849 0.215533
v -0.098787 2.680676 0.215533
v -0.100325 2.681644 0.215533
v -0.101561 2.682730 0.215533
v -0.102467 2.683906 0.215533
v -0.103020 2.685144 0.215533
v -0.088120 2.678299 0.298744
v -0.103206 2.686414 0.298744
v -0.090480 2.678399 0.298744
v -0.092782 2.678696 0.298744
v -0.094969 2.679183 0.298744
v -0.096987 2.679849 0.298744
v -0.098787 2.680676 0.298744
v -0.100325 2.681644 0.298744
v -0.101561 2.682730 0.298744
v -0.102467 2.683906 0.298744
v -0.103020 2.685144 0.298744
v -0.103206 2.686414 0.381956
v -0.088120 2.678299 0.381956
v -0.103020 2.685144 0.381956
v -0.102467 2.683906 0.381956
v -0.101561 2.682730 0.381956
v -0.100325 2.681644 0.381956
v -0.098787 2.680676 0.381956
v -0.096987 2.679849 0.381956
v -0.094969 2.679183 0.381956
v -0.092782 2.678696 0.381956
v -0.090480 2.678399 0.381956
v -0.263515 3.179640 0.725938
v -0.164341 3.179640 0.844199
v -0.263515 3.232990 0.844199
v -0.262294 3.179640 0.744438
v -0.258661 3.179640 0.762483
v -0.252705 3.179640 0.779627
v -0.244574 3.179640 0.795450
v -0.234467 3.179640 0.809561
v -0.222634 3.179640 0.821613
v -0.209365 3.179640 0.831310
v -0.194987 3.179640 0.838411
v -0.179855 3.179640 0.842743
v 0.278548 3.179640 0.844199
v 0.377722 3.179640 0.725937
v 0.377722 3.232990 0.844199
v 0.294062 3.179640 0.842743
v 0.309195 3.179640 0.838411
v 0.323572 3.179640 0.831310
v 0.336841 3.179640 0.821613
v 0.348674 3.179640 0.809561
v 0.358781 3.179640 0.795450
v 0.366912 3.179640 0.779627
v 0.372868 3.179640 0.762483
v 0.376501 3.179640 0.744438
v -0.164341 2.880080 0.602424
v -0.263515 2.872979 0.595454
v -0.179855 2.879992 0.602338
v -0.194987 2.879732 0.602083
v -0.209365 2.879306 0.601664
v -0.222634 2.878724 0.601093
v -0.234467 2.878000 0.600383
v -0.244574 2.877153 0.599551
v -0.252705 2.876203 0.598618
v -0.258661 2.875173 0.597608
v -0.262294 2.874090 0.596544
v 0.377722 2.872979 0.595454
v 0.278548 2.880080 0.602424
v 0.376501 2.874090 0.596544
v 0.372868 2.875173 0.597608
v 0.366912 2.876203 0.598618
v 0.358781 2.877153 0.599551
v 0.348674 2.878000 0.600383
v 0.336841 2.878724 0.601093
v 0.323572 2.879306 0.601664
v 0.309194 2.879732 0.602083
v 0.294062 2.879992 0.602338
v 0.036949 3.172494 0.515119
v 0.036949 3.313225 0.515119
v 0.067484 3.172494 0.518126
v 0.067484 3.313225 0.518126
v 0.096845 3.172494 0.527033
v 0.096845 3.313225 0.527033
v 0.123905 3.172494 0.541497
v 0.123905 3.313225 0.541497
v 0.147623 3.172494 0.560961
v 0.147623 3.313225 0.560961
v 0.167087 3.172494 0.584679
v 0.167087 3.313225 0.584679
v 0.181551 3.172494 0.611739
v 0.181551 3.313225 0.611739
v 0.190458 3.172494 0.641100
v 0.190458 3.313225 0.641100
v 0.193465 3.172494 0.671635
v 0.193465 3.313225 0.671635
v 0.190458 3.172494 0.702170
v 0.190458 3.313225 0.702170
v 0.181551 3.172494 0.731531
v 0.181551 3.313225 0.731531
v 0.167087 3.172494 0.758591
v 0.167087 3.313225 0.758591
v 0.147623 3.172494 0.782309
v 0.147623 3.313225 0.782309
v 0.123905 3.172494 0.801773
v 0.123905 3.313225 0.801773
v 0.096845 3.172494 0.816237
v 0.096845 3.313225 0.816237
v 0.067484 3.172494 0.825144
v 0.067484 3.313225 0.825144
v 0.036949 3.172494 0.828151
v 0.036949 3.313225 0.828151
v 0.006414 3.172494 0.825144
v 0.006414 3.313225 0.825144
v -0.022947 3.172494 0.816237
v -0.022947 3.313225 0.816237
v -0.050006 3.172494 0.801773
v -0.050006 3.313225 0.801773
v -0.073724 3.172494 0.782309
v -0.073724 3.313225 0.782309
v -0.093189 3.172494 0.758591
v -0.093189 3.313225 0.758591
v -0.107653 3.172494 0.731531
v -0.107653 3.313225 0.731531
v -0.116559 3.172494 0.702170
v -0.116559 3.313225 0.702170
v -0.119567 3.172494 0.671635
v -0.119567 3.313225 0.671635
v -0.116559 3.172494 0.641100
v -0.116559 3.313225 0.641100
v -0.107653 3.172494 0.611739
v -0.107653 3.313225 0.611739
v -0.093189 3.172494 0.584679
v -0.093189 3.313225 0.584679
v -0.073724 3.172494 0.560961
v -0.073724 3.313225 0.560961
v -0.050006 3.172494 0.541497
v -0.050006 3.313225 0.541497
v -0.022947 3.172494 0.527033
v -0.022947 3.313225 0.527033
v 0.006414 3.172494 0.518126
v 0.006414 3.313225 0.518126
v 0.053078 3.316415 0.590552
v 0.036949 3.316415 0.588964
v 0.068586 3.316415 0.595257
v 0.082879 3.316415 0.602896
v 0.095407 3.316415 0.613178
v 0.105688 3.316415 0.625705
v 0.113328 3.316415 0.639998
v 0.118032 3.316415 0.655507
v 0.119621 3.316415 0.671635
v 0.118032 3.316415 0.687763
v 0.113328 3.316415 0.703272
v 0.105688 3.316415 0.717565
v 0.095407 3.316415 0.730092
v 0.082879 3.316415 0.740374
v 0.068586 3.316415 0.748013
v 0.053078 3.316415 0.752718
v 0.036949 3.316415 0.754306
v 0.020821 3.316415 0.752718
v 0.005312 3.316415 0.748013
v -0.008981 3.316415 0.740374
v -0.021508 3.316415 0.730092
v -0.031790 3.316415 0.717565
v -0.039429 3.316415 0.703272
v -0.044134 3.316415 0.687763
v -0.045722 3.316415 0.671635
v -0.044134 3.316415 0.655507
v -0.039429 3.316415 0.639998
v -0.031790 3.316415 0.625705
v -0.021508 3.316415 0.613178
v -0.008981 3.316415 0.602896
v 0.005312 3.316415 0.595257
v 0.020821 3.316415 0.590552
v 0.067484 3.316415 0.518126
v 0.036949 3.316415 0.515119
v 0.096845 3.316415 0.527033
v 0.123905 3.316415 0.541497
v 0.147623 3.316415 0.560961
v 0.167087 3.316415 0.584679
v 0.181551 3.316415 0.611739
v 0.190458 3.316415 0.641100
v 0.193465 3.316415 0.671635
v 0.190458 3.316415 0.702170
v 0.181551 3.316415 0.731531
v 0.167087 3.316415 0.758591
v 0.147623 3.316415 0.782309
v 0.123905 3.316415 0.801773
v 0.096845 3.316415 0.816237
v 0.067484 3.316415 0.825144
v 0.036949 3.316415 0.828151
v 0.006414 3.316415 0.825144
v -0.022947 3.316415 0.816237
v -0.050006 3.316415 0.801773
v -0.073724 3.316415 0.782309
v -0.093189 3.316415 0.758591
v -0.107653 3.316415 0.731531
v -0.116559 3.316415 0.702170
v -0.119567 3.316415 0.671635
v -0.116559 3.316415 0.641100
v -0.107653 3.316415 0.611739
v -0.093189 3.316415 0.584679
v -0.073724 3.316415 0.560961
v -0.050006 3.316415 0.541497
v -0.022947 3.316415 0.527033
v 0.006414 3.316415 0.518126
v 0.053078 3.324518 0.590552
v 0.036949 3.324518 0.588964
v 0.068586 3.324518 0.595257
v 0.082879 3.324518 0.602896
v 0.095407 3.324518 0.613178
v 0.105688 3.324518 0.625705
v 0.113328 3.324518 0.639998
v 0.118032 3.324518 0.655507
v 0.119621 3.324518 0.671635
v 0.118032 3.324518 0.687763
v 0.113328 3.324518 0.703272
v 0.105688 3.324518 0.717565
v 0.095407 3.324518 0.730092
v 0.082879 3.324518 0.740374
v 0.068586 3.324518 0.748013
v 0.053078 3.324518 0.752718
v 0.036949 3.324518 0.754306
v 0.020821 3.324518 0.752718
v 0.005312 3.324518 0.748013
v -0.008981 3.324518 0.740374
v -0.021508 3.324518 0.730092
v -0.031790 3.324518 0.717565
v -0.039429 3.324518 0.703272
v -0.044134 3.324518 0.687763
v -0.045722 3.324518 0.671635
v -0.044134 3.324518 0.655507
v -0.039429 3.324518 0.639998
v -0.031790 3.324518 0.625705
v -0.021508 3.324518 0.613178
v -0.008981 3.324518 0.602896
v 0.005312 3.324518 0.595257
v 0.020821 3.324518 0.590552
v 0.104154 3.169363 0.550500
v 0.104154 3.157458 0.550500
v 0.130417 3.169363 0.553086
v 0.130417 3.157458 0.553086
v 0.155670 3.169363 0.560747
v 0.155670 3.157458 0.560747
v 0.178944 3.169363 0.573187
v 0.178944 3.157458 0.573187
v 0.199344 3.169363 0.589929
v 0.199344 3.157458 0.589929
v 0.216085 3.169363 0.610328
v 0.216085 3.157458 0.610328
v 0.228525 3.169363 0.633602
v 0.228525 3.157458 0.633602
v 0.236186 3.169363 0.658855
v 0.236186 3.157458 0.658855
v 0.238772 3.169363 0.685118
v 0.238772 3.157458 0.685118
v 0.236186 3.169363 0.711380
v 0.236186 3.157458 0.711380
v 0.228525 3.169363 0.736634
v 0.228525 3.157458 0.736634
v 0.216085 3.169363 0.759908
v 0.216085 3.157458 0.759908
v 0.199344 3.169363 0.780307
v 0.199344 3.157458 0.780307
v 0.178944 3.169363 0.797049
v 0.178944 3.157458 0.797049
v 0.155670 3.169363 0.809489
v 0.155670 3.157458 0.809489
v 0.130417 3.169363 0.817149
v 0.130417 3.157458 0.817149
v 0.104154 3.169363 0.819736
v 0.104154 3.157458 0.819736
v 0.077892 3.169363 0.817149
v 0.077892 3.157458 0.817149
v 0.052638 3.169363 0.809489
v 0.052638 3.157458 0.809489
v 0.029365 3.169363 0.797049
v 0.029365 3.157458 0.797049
v 0.008965 3.169363 0.780307
v 0.008965 3.157458 0.780307
v -0.007776 3.169363 0.759907
v -0.007776 3.157458 0.759907
v -0.020217 3.169363 0.736634
v -0.020216 3.157458 0.736634
v -0.027877 3.169363 0.711380
v -0.027877 3.157458 0.711380
v -0.030464 3.169363 0.685118
v -0.030464 3.157458 0.685118
v -0.027877 3.169363 0.658855
v -0.027877 3.157458 0.658855
v -0.020217 3.169363 0.633602
v -0.020217 3.157458 0.633602
v -0.007776 3.169363 0.610328
v -0.007776 3.157458 0.610328
v 0.008965 3.169363 0.589929
v 0.008965 3.157458 0.589929
v 0.029365 3.169363 0.573187
v 0.029365 3.157458 0.573187
v 0.052638 3.169363 0.560747
v 0.052638 3.157458 0.560747
v 0.077892 3.169363 0.553086
v 0.077892 3.157458 0.553086
vn 0.0151 0.9999 -0.0000
vn -0.6963 0.7177 -0.0000
vn -0.9999 0.0151 -0.0000
vn -0.7177 -0.6963 -0.0000
vn -0.0151 -0.9999 -0.0000
vn 0.6963 -0.7177 -0.0000
vn -0.0000 -0.0000 1.0000
vn 0.9999 -0.0151 -0.0000
vn 0.7177 0.6963 -0.0000
vn 0.0125 0.8274 -0.5614
vn -0.5762 0.5939 -0.5614
vn -0.8274 0.0125 -0.5614
vn -0.5939 -0.5762 -0.5614
vn -0.0125 -0.8274 -0.5614
vn 0.5762 -0.5939 -0.5614
vn 0.8274 -0.0125 -0.5614
vn 0.5939 0.5762 -0.5614
vn -0.0000 -0.0000 -1.0000
vn 0.6963 -0.7177 -0.0086
vn 0.0151 0.9987 -0.0482
vn -0.6955 0.7169 -0.0482
vn -0.9987 0.0151 -0.0482
vn -0.7169 -0.6955 -0.0482
vn -0.0151 -0.9987 -0.0482
vn 0.6955 -0.7169 -0.0482
vn 0.9987 -0.0151 -0.0482
vn 0.7169 0.6955 -0.0482
vn 0.0151 0.9999 -0.0002
vn 0.7177 0.6963 -0.0089
vn -0.7177 -0.6963 0.0089
vn 0.9998 -0.0151 -0.0123
vn -0.6963 0.7177 0.0086
vn -0.0151 -0.9999 0.0002
vn -0.9998 0.0151 0.0123
vn 0.6028 0.6538 0.4574
vn -0.0064 0.0001 -1.0000
vn -0.0135 -0.9999 -0.0080
vn 0.0135 0.9999 0.0081
vn -0.6305 0.7264 -0.2736
vn 0.5877 -0.6771 0.4430
vn -0.6509 -0.7059 -0.2793
vn -0.9395 0.0159 -0.3422
vn 0.7719 -0.0130 0.6356
vn -1.0000 0.0001 -0.0000
vn 0.6405 0.7679 -0.0041
vn 0.6175 -0.7865 -0.0040
vn -0.9998 0.0187 0.0065
vn -0.6175 0.7865 0.0040
vn -0.6405 -0.7679 0.0041
vn 0.0122 0.9999 -0.0001
vn -0.0122 -0.9999 0.0001
vn 0.9999 -0.0120 -0.0000
vn 0.6405 0.7679 -0.0000
vn 0.6176 -0.7865 -0.0000
vn -0.0122 -0.9999 -0.0000
vn 0.0122 0.9999 -0.0000
vn 0.9998 -0.0187 -0.0000
vn -0.2062 -0.9785 -0.0000
vn 0.9994 -0.0313 -0.0134
vn 0.0120 0.9999 -0.0000
vn -0.9999 0.0120 -0.0000
vn 0.2062 0.9785 -0.0000
vn -0.9999 0.0121 -0.0000
vn -0.0120 -0.9999 -0.0000
vn 0.0121 0.9999 -0.0000
vn 0.9999 -0.0121 -0.0000
vn -0.0121 -0.9999 -0.0000
vn 0.0187 0.9998 -0.0000
vn 0.1651 -0.0020 -0.9863
vn -0.0187 -0.9998 -0.0000
vn -0.1651 0.0020 0.9863
vn -0.0380 0.0005 -0.9993
vn -0.1152 0.0014 -0.9933
vn -0.1959 0.0023 -0.9806
vn -0.2832 0.0034 -0.9591
vn -0.3811 0.0046 -0.9245
vn -0.4917 0.0060 -0.8707
vn -0.6185 0.0074 -0.7858
vn -0.7584 0.0090 -0.6517
vn -0.8952 0.0108 -0.4456
vn -0.9869 0.0120 -0.1610
vn -0.0379 0.0005 -0.9993
vn -0.1958 0.0024 -0.9806
vn -0.2835 0.0034 -0.9590
vn -0.3807 0.0046 -0.9247
vn -0.4919 0.0059 -0.8706
vn -0.6182 0.0074 -0.7860
vn -0.7587 0.0091 -0.6514
vn -0.8951 0.0108 -0.4457
vn -0.9869 0.0118 -0.1610
vn 0.0379 -0.0005 -0.9993
vn 0.1150 -0.0014 -0.9934
vn 0.1961 -0.0024 -0.9806
vn 0.2836 -0.0034 -0.9589
vn 0.3809 -0.0046 -0.9246
vn 0.4914 -0.0059 -0.8709
vn 0.6185 -0.0075 -0.7857
vn 0.7588 -0.0091 -0.6513
vn 0.8951 -0.0108 -0.4458
vn 0.9869 -0.0118 -0.1610
vn -0.9888 0.0119 0.1486
vn -0.9166 0.0110 0.3997
vn -0.8137 0.0098 0.5812
vn -0.7072 0.0085 0.7069
vn -0.6077 0.0073 0.7942
vn -0.5165 0.0062 0.8563
vn -0.4329 0.0052 0.9014
vn -0.3543 0.0043 0.9351
vn -0.2785 0.0034 0.9604
vn -0.2032 0.0025 0.9791
vn -0.9869 0.0118 0.1609
vn -0.8951 0.0108 0.4456
vn -0.7587 0.0091 0.6514
vn -0.6184 0.0075 0.7858
vn -0.4916 0.0059 0.8708
vn -0.3811 0.0046 0.9245
vn -0.2833 0.0034 0.9590
vn -0.1960 0.0024 0.9806
vn -0.1150 0.0014 0.9934
vn -0.0378 0.0004 0.9993
vn 0.9992 -0.0287 -0.0267
vn 0.9999 -0.0061 -0.0134
vn -0.0187 -0.9998 0.0001
vn 0.0065 -0.0001 1.0000
vn 0.0187 0.9998 -0.0001
vn 0.0064 -0.0001 1.0000
vn -0.0065 0.0001 -1.0000
vn 0.0002 -0.0001 -1.0000
vn 0.9999 -0.0061 -0.0132
vn -0.0003 0.0001 -1.0000
vn 0.9996 0.0290 -0.0000
vn 0.9945 -0.0057 -0.1044
vn 0.0001 -0.0000 1.0000
vn 0.0001 -0.0001 -1.0000
vn 0.3403 0.9403 -0.0022
vn 0.7337 0.6795 -0.0047
vn 0.8824 0.4704 -0.0057
vn 0.9422 0.3349 -0.0061
vn 0.9700 0.2428 -0.0063
vn 0.9845 0.1751 -0.0064
vn 0.9926 0.1215 -0.0064
vn 0.9970 0.0766 -0.0064
vn 0.9993 0.0367 -0.0065
vn 1.0000 -0.0005 -0.0065
vn 0.3050 -0.9524 -0.0020
vn 0.7078 -0.7064 -0.0046
vn 0.8643 -0.5030 -0.0056
vn 0.9290 -0.3699 -0.0060
vn 0.9603 -0.2789 -0.0062
vn 0.9773 -0.2117 -0.0063
vn 0.9873 -0.1585 -0.0064
vn 0.9935 -0.1138 -0.0064
vn 0.9972 -0.0739 -0.0064
vn 0.9993 -0.0368 -0.0065
vn 0.3552 0.9348 -0.0000
vn 0.7507 0.6607 -0.0000
vn 0.8923 0.4514 -0.0000
vn 0.9476 0.3194 -0.0000
vn 0.9730 0.2307 -0.0000
vn 0.9862 0.1658 -0.0000
vn 0.9934 0.1147 -0.0000
vn 0.9974 0.0719 -0.0000
vn 0.9994 0.0339 -0.0000
vn 0.9994 -0.0313 -0.0132
vn 0.3201 -0.9474 -0.0000
vn 0.7255 -0.6882 -0.0000
vn 0.8748 -0.4844 -0.0000
vn 0.9350 -0.3546 -0.0000
vn 0.9637 -0.2668 -0.0000
vn 0.9793 -0.2025 -0.0000
vn 0.9884 -0.1517 -0.0000
vn 0.9940 -0.1091 -0.0000
vn 0.9975 -0.0712 -0.0000
vn 0.3210 -0.9471 -0.0000
vn 0.7265 -0.6872 -0.0000
vn 0.8754 -0.4834 -0.0000
vn 0.9354 -0.3537 -0.0000
vn 0.9639 -0.2661 -0.0000
vn 0.9794 -0.2020 -0.0000
vn 0.9885 -0.1513 -0.0000
vn 0.9941 -0.1088 -0.0000
vn 0.9975 -0.0711 -0.0000
vn 0.3560 0.9345 -0.0000
vn 0.7517 0.6596 -0.0000
vn 0.8928 0.4504 -0.0000
vn 0.9479 0.3185 -0.0000
vn 0.9732 0.2300 -0.0000
vn 0.9863 0.1653 -0.0000
vn 0.9934 0.1143 -0.0000
vn 0.9974 0.0716 -0.0000
vn 0.9994 0.0338 -0.0000
vn 0.9996 -0.0086 -0.0267
vn 0.3221 0.9467 -0.0000
vn 0.7112 0.7030 -0.0000
vn 0.8689 0.4951 -0.0000
vn 0.9346 0.3556 -0.0000
vn 0.9658 0.2592 -0.0000
vn 0.9822 0.1876 -0.0000
vn 0.9914 0.1308 -0.0000
vn 0.9966 0.0829 -0.0000
vn 0.9992 0.0404 -0.0000
vn 0.2865 -0.9581 -0.0000
vn 0.6844 -0.7291 -0.0000
vn 0.8498 -0.5271 -0.0000
vn 0.9207 -0.3902 -0.0000
vn 0.9555 -0.2950 -0.0000
vn 0.9746 -0.2241 -0.0000
vn 0.9858 -0.1677 -0.0000
vn 0.9928 -0.1201 -0.0000
vn 0.9970 -0.0777 -0.0000
vn 0.9978 -0.0662 -0.0000
vn 0.1103 -0.9939 -0.0000
vn 0.3511 -0.9363 -0.0000
vn 0.5491 -0.8358 -0.0000
vn 0.6980 -0.7161 -0.0000
vn 0.8048 -0.5935 -0.0000
vn 0.8795 -0.4759 -0.0000
vn 0.9309 -0.3653 -0.0000
vn 0.9652 -0.2614 -0.0000
vn 0.9867 -0.1623 -0.0000
vn 0.1474 0.9891 -0.0000
vn 0.3858 0.9226 -0.0000
vn 0.5799 0.8147 -0.0000
vn 0.7243 0.6895 -0.0000
vn 0.8264 0.5631 -0.0000
vn 0.8967 0.4427 -0.0000
vn 0.9439 0.3303 -0.0000
vn 0.9743 0.2251 -0.0000
vn 0.9921 0.1254 -0.0000
vn 0.9940 -0.0314 -0.1044
vn 0.2717 0.9624 -0.0000
vn 0.6392 0.7691 -0.0000
vn 0.8206 0.5715 -0.0000
vn 0.9061 0.4230 -0.0000
vn 0.9495 0.3138 -0.0000
vn 0.9732 0.2302 -0.0000
vn 0.9867 0.1625 -0.0000
vn 0.9945 0.1048 -0.0000
vn 0.9986 0.0532 -0.0000
vn 0.2356 -0.9719 -0.0000
vn 0.6100 -0.7924 -0.0000
vn 0.7987 -0.6017 -0.0000
vn 0.8897 -0.4565 -0.0000
vn 0.9371 -0.3491 -0.0000
vn 0.9639 -0.2663 -0.0000
vn 0.9800 -0.1992 -0.0000
vn 0.9899 -0.1419 -0.0000
vn 0.9959 -0.0905 -0.0000
vn 0.9998 -0.0187 -0.0065
vn 0.9868 -0.0184 -0.1611
vn 0.8951 -0.0167 -0.4455
vn 0.7586 -0.0142 -0.6514
vn 0.6182 -0.0115 -0.7859
vn 0.4913 -0.0091 -0.8709
vn 0.3809 -0.0071 -0.9246
vn 0.2835 -0.0053 -0.9589
vn 0.1958 -0.0036 -0.9806
vn 0.1152 -0.0022 -0.9933
vn 0.0374 -0.0007 -0.9993
vn 0.0381 -0.0007 -0.9993
vn 0.1151 -0.0022 -0.9934
vn 0.3808 -0.0071 -0.9246
vn 0.4915 -0.0091 -0.8708
vn 0.6185 -0.0116 -0.7857
vn 0.7585 -0.0142 -0.6515
vn 0.8951 -0.0167 -0.4456
vn 0.9868 -0.0185 -0.1610
vn 0.0382 -0.0008 -0.9993
vn 0.1153 -0.0022 -0.9933
vn 0.1960 -0.0037 -0.9806
vn 0.2835 -0.0053 -0.9590
vn 0.4914 -0.0092 -0.8709
vn 0.6185 -0.0115 -0.7857
vn 0.7585 -0.0143 -0.6515
vn 0.8950 -0.0165 -0.4457
vn 0.9868 -0.0185 -0.1611
vn 0.7583 -0.0141 -0.6517
vn 0.6184 -0.0114 -0.7858
vn 0.4913 -0.0092 -0.8709
vn 0.1147 -0.0021 -0.9934
vn 0.0379 -0.0007 -0.9993
vn 0.8006 -0.0155 -0.5989
vn 0.9704 -0.0182 -0.2408
vn 0.9896 -0.0182 -0.1427
vn 0.9951 -0.0188 -0.0969
vn 0.9974 -0.0184 -0.0698
vn 0.9985 -0.0187 -0.0508
vn 0.9992 -0.0185 -0.0366
vn 0.9995 -0.0186 -0.0247
vn 0.9997 -0.0187 -0.0144
vn 0.9998 -0.0186 -0.0047
vn 0.0372 -0.0006 -0.9993
vn 0.1151 -0.0021 -0.9934
vn 0.2836 -0.0053 -0.9589
vn 0.7587 -0.0142 -0.6513
vn 0.8951 -0.0168 -0.4455
vn -0.0000 1.0000 -0.0000
vn -0.0000 0.7005 -0.7137
vn -0.0000 0.6281 -0.7782
vn -0.0000 0.9994 -0.0345
vn -0.0000 0.9951 -0.0991
vn -0.0000 0.9871 -0.1603
vn -0.0000 0.9754 -0.2205
vn -0.0000 0.9594 -0.2820
vn -0.0000 0.9378 -0.3473
vn -0.0000 0.9079 -0.4192
vn -0.0000 0.8652 -0.5015
vn -0.0000 0.8013 -0.5983
vn -1.0000 -0.0000 -0.0000
vn 1.0000 -0.0000 -0.0000
vn -0.0000 -1.0000 -0.0000
vn 0.9895 -0.1448 -0.0000
vn 0.9132 -0.4075 -0.0000
vn 0.7923 -0.6101 -0.0000
vn 0.6597 -0.7515 -0.0000
vn 0.5329 -0.8461 -0.0000
vn 0.4175 -0.9087 -0.0000
vn 0.3131 -0.9497 -0.0000
vn 0.2175 -0.9761 -0.0000
vn 0.1281 -0.9918 -0.0000
vn 0.0423 -0.9991 -0.0000
vn -0.0423 -0.9991 -0.0000
vn -0.1281 -0.9918 -0.0000
vn -0.2175 -0.9761 -0.0000
vn -0.3131 -0.9497 -0.0000
vn -0.4175 -0.9087 -0.0000
vn -0.5329 -0.8461 -0.0000
vn -0.6597 -0.7515 -0.0000
vn -0.7923 -0.6101 -0.0000
vn -0.9132 -0.4075 -0.0000
vn -0.9895 -0.1448 -0.0000
vn -0.9895 0.1447 -0.0000
vn -0.9132 0.4076 -0.0000
vn -0.7923 0.6101 -0.0000
vn -0.6597 0.7515 -0.0000
vn -0.5330 0.8461 -0.0000
vn -0.4175 0.9087 -0.0000
vn -0.3131 0.9497 -0.0000
vn -0.2175 0.9761 -0.0000
vn -0.1281 0.9918 -0.0000
vn -0.0423 0.9991 -0.0000
vn -0.9132 0.4075 -0.0000
vn 0.0423 0.9991 -0.0000
vn 0.1281 0.9918 -0.0000
vn 0.2175 0.9761 -0.0000
vn 0.3131 0.9497 -0.0000
vn 0.4175 0.9087 -0.0000
vn 0.5330 0.8461 -0.0000
vn 0.6597 0.7515 -0.0000
vn 0.7923 0.6101 -0.0000
vn 0.9132 0.4076 -0.0000
vn 0.9895 0.1447 -0.0000
vn 0.9132 0.4075 -0.0000
vn 0.9874 0.1445 -0.0652
vn 0.9129 0.3646 -0.1838
vn 0.8141 0.5072 -0.2828
vn 0.7172 0.5914 -0.3686
vn 0.6284 0.6344 -0.4501
vn 0.5455 0.6447 -0.5356
vn 0.4621 0.6218 -0.6323
vn 0.3686 0.5544 -0.7462
vn 0.2503 0.4163 -0.8741
vn 0.0921 0.1711 -0.9809
vn -0.0921 0.1711 -0.9809
vn -0.2503 0.4163 -0.8741
vn -0.3686 0.5544 -0.7462
vn -0.4621 0.6218 -0.6323
vn -0.5455 0.6447 -0.5356
vn -0.6284 0.6344 -0.4501
vn -0.7172 0.5914 -0.3686
vn -0.8141 0.5072 -0.2828
vn -0.9129 0.3646 -0.1838
vn -0.9874 0.1445 -0.0652
vn 0.9903 0.0576 -0.1267
vn 0.9153 0.1838 -0.3585
vn 0.7885 0.3041 -0.5345
vn 0.6450 0.4036 -0.6489
vn 0.5086 0.4795 -0.7151
vn 0.3882 0.5351 -0.7503
vn 0.2843 0.5746 -0.7675
vn 0.1937 0.6016 -0.7749
vn 0.1126 0.6184 -0.7777
vn 0.0369 0.6265 -0.7785
vn -0.9903 0.0576 -0.1267
vn -0.9153 0.1838 -0.3585
vn -0.7885 0.3041 -0.5345
vn -0.6450 0.4036 -0.6489
vn -0.5086 0.4795 -0.7151
vn -0.3882 0.5351 -0.7503
vn -0.2843 0.5746 -0.7675
vn -0.1937 0.6016 -0.7749
vn -0.1126 0.6184 -0.7777
vn -0.0369 0.6265 -0.7785
vn -0.0980 -0.0000 0.9952
vn -0.2903 -0.0000 0.9569
vn -0.4714 -0.0000 0.8819
vn -0.6344 -0.0000 0.7730
vn -0.7730 -0.0000 0.6344
vn -0.8819 -0.0000 0.4714
vn -0.9569 -0.0000 0.2903
vn -0.9952 -0.0000 0.0980
vn -0.9952 -0.0000 -0.0980
vn -0.9569 -0.0000 -0.2903
vn -0.8819 -0.0000 -0.4714
vn -0.7730 -0.0000 -0.6344
vn -0.6344 -0.0000 -0.7730
vn -0.4714 -0.0000 -0.8819
vn -0.2903 -0.0000 -0.9569
vn -0.0980 -0.0000 -0.9952
vn 0.0980 -0.0000 -0.9952
vn 0.2903 -0.0000 -0.9569
vn 0.4714 -0.0000 -0.8819
vn 0.6344 -0.0000 -0.7730
vn 0.7730 -0.0000 -0.6344
vn 0.8819 -0.0000 -0.4714
vn 0.9569 -0.0000 -0.2903
vn 0.9952 -0.0000 -0.0980
vn 0.9952 -0.0000 0.0980
vn 0.9569 -0.0000 0.2903
vn 0.8819 -0.0000 0.4714
vn 0.7730 -0.0000 0.6344
vn 0.6344 -0.0000 0.7730
vn 0.4714 -0.0000 0.8819
vn 0.2903 -0.0000 0.9569
vn 0.0980 -0.0000 0.9952
vt 1.000000 0.500000
vt 0.875000 0.500000
vt 0.875000 1.000000
vt 1.000000 1.000000
vt 0.750000 0.500000
vt 0.750000 1.000000
vt 0.625000 0.500000
vt 0.625000 1.000000
vt 0.500000 0.500000
vt 0.500000 1.000000
vt 0.375000 0.500000
vt 0.375000 1.000000
vt 0.250000 0.500000
vt 0.250000 1.000000
vt 0.419706 0.080294
vt 0.250000 0.010000
vt 0.080294 0.080294
vt 0.010000 0.250000
vt 0.080294 0.419706
vt 0.250000 0.490000
vt 0.419706 0.419706
vt 0.490000 0.250000
vt 0.125000 0.500000
vt 0.125000 1.000000
vt 0.000000 0.500000
vt 0.000000 1.000000
vt 0.852212 0.147788
vt 0.750000 0.105450
vt 0.877087 0.377087
vt 0.919706 0.419706
vt 0.750000 0.490000
vt 0.750000 0.429728
vt 0.929728 0.250000
vt 0.990000 0.250000
vt 0.877087 0.122913
vt 0.919706 0.080294
vt 0.750000 0.070272
vt 0.750000 0.010000
vt 0.622913 0.122913
vt 0.580294 0.080294
vt 0.570272 0.250000
vt 0.510000 0.250000
vt 0.622913 0.377087
vt 0.580294 0.419706
vt 0.852212 0.352212
vt 0.750000 0.394550
vt 0.894550 0.250000
vt 0.647788 0.147788
vt 0.605450 0.250000
vt 0.647788 0.352212
vt 0.894550 0.250000
vt 0.605450 0.250000
vt 0.750000 0.105450
vt 0.655144 0.155144
vt 0.615853 0.250000
vt 0.852212 0.352212
vt 0.750000 0.384147
vt 0.844856 0.344856
vt 0.884147 0.250000
vt 0.844856 0.155144
vt 0.750000 0.115853
vt 0.655144 0.344856
vt 0.655144 0.344856
vt 0.785371 0.369495
vt 0.375000 0.326796
vt 0.375000 0.312559
vt 0.783272 0.370365
vt 0.684970 0.142790
vt 0.375000 0.311402
vt 0.375000 0.319760
vt 0.375000 0.321977
vt 0.375000 0.335715
vt 0.375000 0.341405
vt 0.734687 0.377804
vt 0.375000 0.311402
vt 0.375000 0.303180
vt 0.375000 0.303082
vt 0.375000 0.302985
vt 0.375000 0.302894
vt 0.375000 0.302809
vt 0.375000 0.302734
vt 0.375000 0.302670
vt 0.375000 0.302618
vt 0.375000 0.302580
vt 0.375000 0.302557
vt 0.375000 0.302549
vt 0.622445 0.265913
vt 0.623634 0.268784
vt 0.623659 0.268843
vt 0.623658 0.268841
vt 0.623659 0.268843
vt 0.623660 0.268847
vt 0.623664 0.268857
vt 0.623665 0.268859
vt 0.623666 0.268861
vt 0.623667 0.268862
vt 0.623667 0.268863
vt 0.623667 0.268864
vt 0.375000 0.309050
vt 0.375000 0.321977
vt 0.375000 0.308240
vt 0.375000 0.319760
vt 0.375000 0.311402
vt 0.734687 0.377804
vt 0.734687 0.377804
vt 0.734687 0.377804
vt 0.734687 0.377804
vt 0.375000 0.319760
vt 0.734687 0.377804
vt 0.734687 0.377804
vt 0.615950 0.250232
vt 0.616236 0.250923
vt 0.616705 0.252056
vt 0.617346 0.253603
vt 0.618142 0.255525
vt 0.619074 0.257776
vt 0.620120 0.260300
vt 0.621253 0.263035
vt 0.622445 0.265913
vt 0.623667 0.268864
vt 0.647330 0.325992
vt 0.648553 0.328943
vt 0.649745 0.331821
vt 0.650878 0.334556
vt 0.651923 0.337080
vt 0.654381 0.343014
vt 0.654647 0.343655
vt 0.654860 0.344171
vt 0.655017 0.344548
vt 0.655112 0.344779
vt 0.375000 0.319760
vt 0.375000 0.311402
vt 0.375000 0.311402
vt 0.375000 0.311402
vt 0.375000 0.311402
vt 0.375000 0.319760
vt 0.734687 0.377804
vt 0.622445 0.265913
vt 0.623630 0.268774
vt 0.623658 0.268841
vt 0.623659 0.268845
vt 0.623661 0.268849
vt 0.623663 0.268853
vt 0.623664 0.268856
vt 0.623665 0.268859
vt 0.623666 0.268861
vt 0.623666 0.268862
vt 0.623667 0.268863
vt 0.623667 0.268864
vt 0.647331 0.325993
vt 0.647331 0.325994
vt 0.647332 0.325995
vt 0.647332 0.325997
vt 0.647333 0.325999
vt 0.647338 0.326009
vt 0.647339 0.326013
vt 0.647340 0.326014
vt 0.647339 0.326013
vt 0.647364 0.326072
vt 0.615885 0.250077
vt 0.615981 0.250308
vt 0.616137 0.250685
vt 0.616351 0.251201
vt 0.616616 0.251842
vt 0.619074 0.257776
vt 0.620120 0.260300
vt 0.621253 0.263035
vt 0.647330 0.325992
vt 0.655017 0.344548
vt 0.655112 0.344779
vt 0.615981 0.250308
vt 0.616137 0.250685
vt 0.616351 0.251201
vt 0.616616 0.251842
vt 0.620120 0.260300
vt 0.651923 0.337080
vt 0.655112 0.344779
vt 0.650878 0.334556
vt 0.649745 0.331822
vt 0.619074 0.257776
vt 0.655112 0.344779
vt 0.654860 0.344171
vt 0.651923 0.337080
vt 0.650878 0.334556
vt 0.647323 0.325973
vt 0.623675 0.268883
vt 0.620120 0.260300
vt 0.615950 0.250232
vt 0.617346 0.253603
vt 0.621252 0.263035
vt 0.622445 0.265913
vt 0.649745 0.331821
vt 0.650878 0.334556
vt 0.647331 0.325993
vt 0.647332 0.325995
vt 0.647332 0.325997
vt 0.647333 0.325999
vt 0.647338 0.326010
vt 0.647339 0.326013
vt 0.647340 0.326015
vt 0.647339 0.326012
vt 0.647364 0.326072
vt 0.647322 0.325973
vt 0.623669 0.268867
vt 0.619074 0.257776
vt 0.618142 0.255525
vt 0.616705 0.252056
vt 0.616236 0.250923
vt 0.615950 0.250232
vt 0.655112 0.344779
vt 0.618142 0.255525
vt 0.617346 0.253603
vt 0.616236 0.250923
vt 0.650878 0.334556
vt 0.647327 0.325983
vt 0.623669 0.268868
vt 0.619074 0.257776
vt 0.615950 0.250232
vt 0.647346 0.326029
vt 0.647390 0.326137
vt 0.647464 0.326314
vt 0.647564 0.326556
vt 0.647450 0.326280
vt 0.647834 0.327209
vt 0.647998 0.327604
vt 0.648175 0.328032
vt 0.648362 0.328482
vt 0.618142 0.255525
vt 0.620120 0.260300
vt 0.648553 0.328943
vt 0.655112 0.344779
vt 0.647334 0.325999
vt 0.623670 0.268870
vt 0.623622 0.268754
vt 0.623656 0.268836
vt 0.623658 0.268842
vt 0.623660 0.268846
vt 0.623662 0.268851
vt 0.623663 0.268854
vt 0.623665 0.268857
vt 0.623666 0.268860
vt 0.623666 0.268862
vt 0.623667 0.268863
vt 0.623634 0.268784
vt 0.623659 0.268844
vt 0.623660 0.268847
vt 0.623662 0.268851
vt 0.623663 0.268854
vt 0.623664 0.268857
vt 0.623665 0.268859
vt 0.647330 0.325992
vt 0.647331 0.325994
vt 0.647332 0.325995
vt 0.647333 0.325997
vt 0.647334 0.326000
vt 0.647339 0.326012
vt 0.647341 0.326017
vt 0.647342 0.326020
vt 0.647342 0.326020
vt 0.647368 0.326082
vt 0.622636 0.266375
vt 0.622822 0.266825
vt 0.623000 0.267252
vt 0.623163 0.267647
vt 0.623548 0.268576
vt 0.623434 0.268300
vt 0.623534 0.268542
vt 0.623607 0.268719
vt 0.623652 0.268827
vt 0.375000 0.302549
vt 0.647331 0.325993
vt 0.647331 0.325994
vt 0.647332 0.325996
vt 0.647333 0.325998
vt 0.647335 0.326002
vt 0.647341 0.326017
vt 0.647344 0.326024
vt 0.647346 0.326030
vt 0.647347 0.326033
vt 0.647376 0.326102
vt 0.615858 0.250012
vt 0.655164 0.344904
vt 0.615872 0.250046
vt 0.655224 0.345048
vt 0.615896 0.250102
vt 0.655321 0.345284
vt 0.615927 0.250179
vt 0.655455 0.345605
vt 0.615967 0.250274
vt 0.375000 0.302566
vt 0.375000 0.302809
vt 0.375000 0.308574
vt 0.375000 0.308682
vt 0.375000 0.302985
vt 0.375000 0.308799
vt 0.375000 0.303081
vt 0.375000 0.308923
vt 0.655213 0.344885
vt 0.655418 0.344969
vt 0.655754 0.345109
vt 0.656213 0.345299
vt 0.656783 0.345535
vt 0.657450 0.345811
vt 0.658199 0.346121
vt 0.659010 0.346457
vt 0.659863 0.346811
vt 0.660738 0.347173
vt 0.313383 0.529211
vt 0.375000 0.529211
vt 0.313383 0.500000
vt 0.375000 0.438383
vt 0.625000 0.438383
vt 0.833794 0.537034
vt 0.833685 0.537482
vt 0.833360 0.537918
vt 0.832828 0.538332
vt 0.832101 0.538715
vt 0.831198 0.539056
vt 0.830140 0.539348
vt 0.828954 0.539582
vt 0.827669 0.539754
vt 0.826317 0.539859
vt 0.824930 0.539894
vt 0.819466 0.539894
vt 0.819466 0.537034
vt 0.819466 0.657169
vt 0.805138 0.657169
vt 0.805138 0.539894
vt 0.824930 0.657169
vt 0.824930 0.539894
vt 0.313383 0.616842
vt 0.313383 0.622526
vt 0.375000 0.622526
vt 0.375000 0.616842
vt 0.313383 0.628386
vt 0.375000 0.628387
vt 0.313383 0.634280
vt 0.375000 0.634280
vt 0.313383 0.640060
vt 0.375000 0.640060
vt 0.313383 0.652164
vt 0.375000 0.652164
vt 0.790608 0.522123
vt 0.790608 0.528213
vt 0.776482 0.528213
vt 0.776482 0.522123
vt 0.790608 0.531121
vt 0.776482 0.531121
vt 0.790608 0.534086
vt 0.776483 0.534086
vt 0.790608 0.537034
vt 0.776482 0.537034
vt 0.402751 0.662578
vt 0.625000 0.708383
vt 0.375000 0.558421
vt 0.375000 0.587632
vt 0.375000 0.616842
vt 0.375405 0.622526
vt 0.376610 0.628387
vt 0.378586 0.634280
vt 0.381283 0.640060
vt 0.384635 0.645585
vt 0.388561 0.650719
vt 0.392962 0.655336
vt 0.397731 0.659322
vt 0.625000 0.499623
vt 0.625000 0.498502
vt 0.625000 0.496663
vt 0.625000 0.494154
vt 0.625000 0.491034
vt 0.625000 0.487381
vt 0.625000 0.483285
vt 0.625000 0.478847
vt 0.625000 0.474176
vt 0.625000 0.469388
vt 0.625000 0.280612
vt 0.625000 0.275824
vt 0.625000 0.271153
vt 0.625000 0.266715
vt 0.625000 0.262619
vt 0.625000 0.258966
vt 0.625000 0.255846
vt 0.625000 0.253337
vt 0.625000 0.251498
vt 0.625000 0.250377
vt 0.625000 0.250000
vt 0.625000 0.312500
vt 0.625000 0.375000
vt 0.625000 0.041617
vt 0.402751 0.087422
vt 0.397731 0.090678
vt 0.392962 0.094664
vt 0.388561 0.099281
vt 0.384635 0.104415
vt 0.381283 0.109940
vt 0.378586 0.115720
vt 0.376610 0.121613
vt 0.375405 0.127474
vt 0.375000 0.133158
vt 0.375000 0.162368
vt 0.375000 0.191579
vt 0.375000 0.220789
vt 0.375000 0.250000
vt 0.790608 0.657169
vt 0.785346 0.657169
vt 0.785346 0.539894
vt 0.790608 0.539894
vt 0.655612 0.749897
vt 0.844388 0.749897
vt 0.844388 0.500000
vt 0.655612 0.500000
vt 0.625000 0.000103
vt 0.625000 0.250000
vt 0.862381 0.500000
vt 0.862381 0.749897
vt 0.875000 0.749897
vt 0.858285 0.500000
vt 0.858285 0.749897
vt 0.853847 0.500000
vt 0.853847 0.749897
vt 0.849176 0.500000
vt 0.849176 0.749897
vt 0.650824 0.500000
vt 0.650824 0.749897
vt 0.646153 0.500000
vt 0.646153 0.749897
vt 0.641715 0.500000
vt 0.641715 0.749897
vt 0.637619 0.500000
vt 0.637619 0.749897
vt 0.625000 0.749897
vt 0.625000 0.749897
vt 0.833794 0.657169
vt 0.833794 0.657169
vt 0.833707 0.657169
vt 0.833450 0.657169
vt 0.833029 0.657169
vt 0.832454 0.657169
vt 0.831738 0.657169
vt 0.830901 0.657169
vt 0.829962 0.657169
vt 0.828945 0.657169
vt 0.827874 0.657169
vt 0.826776 0.657169
vt 0.783500 0.657169
vt 0.782402 0.657169
vt 0.781332 0.657169
vt 0.780314 0.657169
vt 0.779375 0.657169
vt 0.778538 0.657169
vt 0.777823 0.657169
vt 0.777247 0.657170
vt 0.776826 0.657169
vt 0.776569 0.657169
vt 0.776482 0.657169
vt 0.805138 0.537034
vt 0.819466 0.534086
vt 0.805138 0.534086
vt 0.819466 0.531121
vt 0.805138 0.531121
vt 0.819466 0.528213
vt 0.805138 0.528213
vt 0.819466 0.522123
vt 0.805138 0.522123
vt 0.187500 0.640060
vt 0.187500 0.652164
vt 0.250000 0.652164
vt 0.250000 0.640060
vt 0.187500 0.634280
vt 0.250000 0.634280
vt 0.187500 0.628386
vt 0.250000 0.628386
vt 0.187500 0.622526
vt 0.250000 0.622526
vt 0.187500 0.616842
vt 0.250000 0.616842
vt 0.375000 0.312500
vt 0.375000 0.375000
vt 0.187500 0.529211
vt 0.250000 0.529211
vt 0.187500 0.500000
vt 0.125000 0.529211
vt 0.125000 0.616842
vt 0.125000 0.622526
vt 0.125000 0.628387
vt 0.125000 0.634280
vt 0.125000 0.640060
vt 0.125000 0.652164
vt 0.833794 0.522123
vt 0.833794 0.528213
vt 0.833794 0.531121
vt 0.833794 0.534086
vt 0.783960 0.539859
vt 0.782607 0.539754
vt 0.781322 0.539582
vt 0.780136 0.539348
vt 0.779079 0.539056
vt 0.778175 0.538715
vt 0.777448 0.538332
vt 0.776916 0.537918
vt 0.776592 0.537481
vt 0.625000 0.708383
vt 0.187500 0.587632
vt 0.187500 0.558421
vt 0.125000 0.587632
vt 0.125000 0.558421
vt 0.313383 0.587632
vt 0.313383 0.558421
vt 0.250000 0.587632
vt 0.303269 0.587632
vt 0.303269 0.558421
vt 0.250000 0.558421
vt 0.193381 0.587632
vt 0.193381 0.558421
vt 0.303269 0.529211
vt 0.313383 0.587632
vt 0.313342 0.587632
vt 0.313218 0.587632
vt 0.313016 0.587632
vt 0.312739 0.587631
vt 0.312396 0.587632
vt 0.309214 0.587632
vt 0.307861 0.587632
vt 0.306395 0.587632
vt 0.304851 0.587632
vt 0.313383 0.558421
vt 0.187524 0.529211
vt 0.187596 0.529211
vt 0.187714 0.529211
vt 0.187874 0.529211
vt 0.188074 0.529211
vt 0.189924 0.529211
vt 0.190711 0.529211
vt 0.191564 0.529211
vt 0.192461 0.529211
vt 0.193381 0.529211
vt 0.313383 0.529211
vt 0.192461 0.587632
vt 0.191564 0.587632
vt 0.190711 0.587631
vt 0.189924 0.587632
vt 0.188074 0.587632
vt 0.187874 0.587632
vt 0.187714 0.587632
vt 0.187596 0.587632
vt 0.187524 0.587632
vt 0.313342 0.529211
vt 0.313218 0.529211
vt 0.313016 0.529211
vt 0.312739 0.529211
vt 0.312396 0.529211
vt 0.309214 0.529211
vt 0.309214 0.558421
vt 0.307861 0.529211
vt 0.307861 0.558421
vt 0.306395 0.529211
vt 0.306395 0.558421
vt 0.304851 0.529211
vt 0.304851 0.558421
vt 0.192461 0.558421
vt 0.191564 0.558421
vt 0.190711 0.558421
vt 0.189924 0.558421
vt 0.833794 0.649565
vt 0.833685 0.650754
vt 0.833360 0.651915
vt 0.832828 0.653017
vt 0.832101 0.654035
vt 0.831198 0.657169
vt 0.830140 0.657169
vt 0.828954 0.657169
vt 0.827669 0.657169
vt 0.826317 0.657169
vt 0.783960 0.657076
vt 0.782607 0.656797
vt 0.781322 0.656340
vt 0.780136 0.655717
vt 0.779079 0.657169
vt 0.778175 0.657169
vt 0.776482 0.653017
vt 0.776482 0.651915
vt 0.776482 0.650754
vt 0.776482 0.649565
vt 0.625000 0.035123
vt 0.403556 0.087039
vt 0.625000 0.028789
vt 0.404341 0.086666
vt 0.625000 0.022770
vt 0.405087 0.086311
vt 0.625000 0.017216
vt 0.405776 0.085984
vt 0.620877 0.001715
vt 0.407897 0.084975
vt 0.833794 0.654942
vt 0.830140 0.655717
vt 0.830140 0.539348
vt 0.833794 0.539894
vt 0.828954 0.656341
vt 0.828954 0.539582
vt 0.827669 0.656797
vt 0.827669 0.539754
vt 0.826317 0.657076
vt 0.826317 0.539859
vt 0.403556 0.662961
vt 0.625000 0.714877
vt 0.404341 0.663334
vt 0.625000 0.721211
vt 0.405087 0.663689
vt 0.625000 0.727230
vt 0.405776 0.664016
vt 0.625000 0.732784
vt 0.407897 0.665025
vt 0.620877 0.748285
vt 0.776482 0.539894
vt 0.780136 0.539348
vt 0.776482 0.654942
vt 0.782607 0.539754
vt 0.783960 0.539859
vt 0.625000 0.041617
vt 0.968750 0.500000
vt 0.968750 1.000000
vt 0.937500 0.500000
vt 0.937500 1.000000
vt 0.906250 0.500000
vt 0.906250 1.000000
vt 0.843750 0.500000
vt 0.843750 1.000000
vt 0.812500 0.500000
vt 0.812500 1.000000
vt 0.781250 0.500000
vt 0.781250 1.000000
vt 0.718750 0.500000
vt 0.718750 1.000000
vt 0.687500 0.500000
vt 0.687500 1.000000
vt 0.656250 0.500000
vt 0.656250 1.000000
vt 0.593750 0.500000
vt 0.593750 1.000000
vt 0.562500 0.500000
vt 0.562500 1.000000
vt 0.531250 0.500000
vt 0.531250 1.000000
vt 0.468750 0.500000
vt 0.468750 1.000000
vt 0.437500 0.500000
vt 0.437500 1.000000
vt 0.406250 0.500000
vt 0.406250 1.000000
vt 0.343750 0.500000
vt 0.343750 1.000000
vt 0.312500 0.500000
vt 0.312500 1.000000
vt 0.281250 0.500000
vt 0.281250 1.000000
vt 0.218750 0.500000
vt 0.218750 1.000000
vt 0.187500 1.000000
vt 0.156250 0.500000
vt 0.156250 1.000000
vt 0.093750 0.500000
vt 0.093750 1.000000
vt 0.062500 0.500000
vt 0.062500 1.000000
vt 0.031250 0.500000
vt 0.031250 1.000000
vt 0.703178 0.485388
vt 0.658156 0.471731
vt 0.616663 0.449553
vt 0.550447 0.383337
vt 0.528269 0.341844
vt 0.514612 0.296822
vt 0.514612 0.203178
vt 0.528269 0.158156
vt 0.550447 0.116663
vt 0.616663 0.050447
vt 0.658156 0.028269
vt 0.703178 0.014612
vt 0.796822 0.014612
vt 0.841844 0.028269
vt 0.883337 0.050447
vt 0.949553 0.116663
vt 0.971731 0.158156
vt 0.985388 0.203178
vt 0.985388 0.296822
vt 0.971731 0.341844
vt 0.949553 0.383337
vt 0.883337 0.449553
vt 0.841844 0.471731
vt 0.796822 0.485388
vt 0.179572 0.144597
vt 0.201488 0.132882
vt 0.250000 0.376767
vt 0.296822 0.485388
vt 0.274731 0.374331
vt 0.341844 0.471731
vt 0.298512 0.367118
vt 0.383337 0.449553
vt 0.320428 0.355403
vt 0.339638 0.339638
vt 0.449553 0.383337
vt 0.355403 0.320428
vt 0.471731 0.341844
vt 0.367118 0.298512
vt 0.485388 0.296822
vt 0.374332 0.274731
vt 0.376767 0.250000
vt 0.485388 0.203178
vt 0.374332 0.225269
vt 0.471731 0.158156
vt 0.367118 0.201488
vt 0.449553 0.116663
vt 0.355403 0.179572
vt 0.339638 0.160362
vt 0.383337 0.050447
vt 0.320428 0.144597
vt 0.341844 0.028269
vt 0.298512 0.132882
vt 0.296822 0.014612
vt 0.274731 0.125668
vt 0.250000 0.123233
vt 0.203178 0.014612
vt 0.225269 0.125668
vt 0.158156 0.028269
vt 0.116663 0.050447
vt 0.160362 0.160362
vt 0.050447 0.116663
vt 0.144597 0.179572
vt 0.028269 0.158156
vt 0.132882 0.201488
vt 0.014612 0.203178
vt 0.125668 0.225269
vt 0.123233 0.250000
vt 0.014612 0.296822
vt 0.125668 0.274731
vt 0.028269 0.341844
vt 0.132882 0.298512
vt 0.050447 0.383337
vt 0.144597 0.320428
vt 0.160362 0.339638
vt 0.116663 0.449553
vt 0.179572 0.355403
vt 0.158156 0.471731
vt 0.201488 0.367118
vt 0.203178 0.485388
vt 0.225269 0.374332
s 0
f 1535/1621/622 1536/1622/622 1522/1623/622 1520/1624/622
f 1536/1622/623 1537/1625/623 1524/1626/623 1522/1623/623
f 1537/1625/624 1538/1627/624 1526/1628/624 1524/1626/624
f 1538/1627/625 1539/1629/625 1528/1630/625 1526/1628/625
f 1539/1629/626 1540/1631/626 1530/1632/626 1528/1630/626
f 1540/1631/627 1541/1633/627 1532/1634/627 1530/1632/627
f 1526/1635/628 1528/1636/628 1530/1637/628 1532/1638/628 1534/1639/628 1520/1640/628 1522/1641/628 1524/1642/628
f 1541/1633/629 1542/1643/629 1534/1644/629 1532/1634/629
f 1542/1643/630 1535/1645/630 1520/1646/630 1534/1644/630
f 1525/1647/625 1554/1647/625 1555/1648/625 1527/1648/625
f 1544/1649/631 1536/1650/631 1535/1651/631 1543/1652/631
f 1545/1653/632 1537/1654/632 1536/1650/632 1544/1649/632
f 1546/1655/633 1538/1656/633 1537/1654/633 1545/1653/633
f 1547/1657/634 1539/1658/634 1538/1656/634 1546/1655/634
f 1548/1659/635 1540/1660/635 1539/1658/635 1547/1657/635
f 1549/1661/636 1541/1662/636 1540/1660/636 1548/1659/636
f 1550/1663/637 1542/1664/637 1541/1662/637 1549/1661/637
f 1543/1652/638 1535/1651/638 1542/1664/638 1550/1663/638
f 1521/1665/639 1544/1649/639 1543/1652/639 1519/1666/639
f 1523/1667/639 1545/1653/639 1544/1649/639 1521/1665/639
f 1525/1647/639 1546/1655/639 1545/1653/639 1523/1667/639
f 1527/1648/639 1547/1657/639 1546/1655/639 1525/1647/639
f 1529/1668/639 1548/1659/639 1547/1657/639 1527/1648/639
f 1531/1669/639 1549/1661/639 1548/1659/639 1529/1668/639
f 1533/1670/639 1550/1663/639 1549/1661/639 1531/1669/639
f 1519/1666/639 1543/1652/639 1550/1663/639 1533/1670/639
f 1553/1667/624 1563/1671/624 1565/1647/624 1554/1647/624
f 1521/1665/623 1552/1665/623 1553/1667/623 1523/1667/623
f 1531/1669/629 1557/1669/629 1558/1670/629 1533/1670/629
f 1527/1648/626 1555/1648/626 1556/1668/626 1529/1668/626
f 1523/1667/624 1553/1667/624 1554/1647/624 1525/1647/624
f 1519/1666/622 1551/1666/622 1552/1665/622 1521/1665/622
f 1533/1670/630 1558/1670/630 1551/1666/630 1519/1666/630
f 1529/1668/627 1556/1668/627 1557/1669/627 1531/1669/627
f 1558/1670/630 1573/1670/630 1560/1666/630 1551/1666/630
f 1556/1668/627 1569/1668/627 1571/1672/627 1557/1669/627
f 1554/1647/625 1565/1647/625 1567/1673/625 1555/1648/625
f 1576/1674/640 1575/1675/640 1572/1675/640 1570/1674/640
f 1552/1665/623 1561/1676/623 1563/1671/623 1553/1667/623
f 1557/1669/629 1571/1672/629 1573/1670/629 1558/1670/629
f 1555/1648/626 1567/1673/626 1569/1668/626 1556/1668/626
f 1560/1666/641 1559/1677/641 1562/1678/641 1561/1676/641
f 1561/1676/642 1562/1678/642 1564/1679/642 1563/1671/642
f 1563/1671/643 1564/1679/643 1566/1680/643 1565/1647/643
f 1565/1647/644 1566/1680/644 1568/1681/644 1567/1673/644
f 1567/1673/645 1568/1681/645 1570/1674/645 1569/1668/645
f 1569/1668/646 1570/1674/646 1572/1675/646 1571/1672/646
f 1571/1672/647 1572/1675/647 1574/1682/647 1573/1670/647
f 1573/1670/648 1574/1682/648 1559/1677/648 1560/1666/648
f 1551/1666/622 1560/1666/622 1561/1676/622 1552/1665/622
f 1578/1677/649 1577/1678/649 1562/1678/649 1559/1677/649
f 1574/1682/650 1579/1683/650 1578/1677/650 1559/1677/650
f 1581/1680/651 1580/1681/651 1568/1681/651 1566/1680/651
f 1575/1675/652 1579/1683/652 1574/1682/652 1572/1675/652
f 1577/1678/653 1582/1679/653 1564/1679/653 1562/1678/653
f 1580/1681/654 1576/1674/654 1570/1674/654 1568/1681/654
f 1582/1679/655 1581/1680/655 1566/1680/655 1564/1679/655
f 1579/1683/656 1587/1683/656 1586/1677/656 1578/1677/656
f 1595/1683/657 1818/1683/657 1817/1675/657 1591/1675/657
f 1580/1681/658 1588/1681/658 1584/1674/658 1576/1674/658
f 1578/1677/659 1586/1677/659 1599/1684/659 1585/1678/659 1577/1678/659
f 1577/1678/660 1585/1678/660 1590/1679/660 1582/1679/660
f 1576/1674/661 1584/1674/661 1583/1675/661 1575/1675/661
f 1581/1680/662 1589/1680/662 1588/1681/662 1580/1681/662
f 1582/1679/663 1590/1679/663 1589/1680/663 1581/1680/663
f 1575/1675/664 1583/1675/664 1587/1683/664 1579/1683/664
f 1600/1685/665 1604/1685/665 1607/1686/665 1601/1686/665
f 1587/1683/666 1595/1683/666 1594/1677/666 1586/1677/666
f 1584/1674/667 1592/1674/667 1591/1675/667 1583/1675/667
f 1590/1679/668 1598/1679/668 1597/1680/668 1589/1680/668
f 1585/1678/669 1593/1678/669 1598/1679/669 1590/1679/669
f 1589/1680/670 1597/1680/670 1596/1681/670 1588/1681/670
f 1586/1677/671 1594/1677/671 1600/1687/671 1599/1684/671
f 1588/1681/672 1596/1681/672 1601/1688/672 1592/1674/672 1584/1674/672
f 1609/1689/673 1622/1689/673 1621/1690/673 1608/1690/673
f 1601/1686/639 1596/1691/639 1597/1692/639 1598/1693/639 1593/1692/639 1600/1685/639
f 1600/1687/671 1593/1678/671 1585/1678/671 1599/1684/671
f 1591/1675/628 1811/1675/628 1812/1683/628 1595/1683/628
f 1595/1683/674 1606/1683/674 1608/1694/674 1605/1677/674 1594/1677/674
f 1592/1674/675 1603/1674/675 1602/1675/675 1591/1675/675
f 1601/1688/676 1607/1688/676 1603/1674/676 1592/1674/676
f 1594/1677/677 1605/1677/677 1604/1687/677 1600/1687/677
f 1661/1675/678 2088/1675/678 2078/1683/678 1657/1683/678
f 1662/1695/679 1611/1689/679 2089/1696/679 2098/1697/679 2097/1698/679 2096/1699/679 2095/1700/679 2094/1701/679 2093/1702/679 2092/1703/679 2091/1704/679 2090/1705/679 2088/1706/679 1661/1706/679
f 1898/1707/680 2100/1708/680 2109/1709/680 2108/1710/680 2107/1711/680 2106/1712/680 2105/1713/680 2104/1714/680 2103/1715/680 2102/1716/680 2101/1717/680 2099/1718/680 1867/1718/680 1869/1707/680
f 1610/1690/639 2077/1719/639 2089/1696/639 1611/1689/639
f 1648/1694/681 1645/1694/681 1625/1694/681 1627/1694/681
f 1608/1690/682 1615/1690/682 1614/1695/682 1609/1689/682
f 1606/1683/674 1612/1683/674 1615/1694/674 1608/1694/674
f 1609/1689/679 1614/1695/679 1613/1706/679 1602/1706/679
f 1602/1675/628 1807/1675/628 1808/1683/628 1606/1683/628
f 1619/1720/639 1621/1690/639 1622/1689/639 1616/1706/639 1617/1721/639 1620/1686/639 1618/1685/639
f 1603/1674/675 1617/1674/675 1616/1675/675 1602/1675/675
f 1604/1685/665 1618/1685/665 1620/1686/665 1607/1686/665
f 1608/1694/674 1621/1694/674 1619/1677/674 1605/1677/674
f 1605/1677/677 1619/1677/677 1618/1687/677 1604/1687/677
f 1602/1706/683 1616/1706/683 1622/1689/683 1609/1689/683
f 1607/1688/676 1620/1688/676 1617/1674/676 1603/1674/676
f 1659/1722/684 1624/1690/684 1623/1689/684 1663/1689/684
f 1627/1722/628 1625/1690/628 1626/1695/628 1629/1695/628
f 1664/1723/685 1663/1689/685 1623/1689/685 1630/1723/685
f 1690/1694/686 1729/1694/686 1738/1724/686 1737/1694/686 1736/1724/686 1735/1725/686 1734/1694/686 1733/1726/686 1732/1727/686 1731/1694/686 1730/1694/686 1728/1694/686 1675/1694/686 1692/1694/686
f 1611/1689/639 1630/1723/639 1628/1722/639 1610/1690/639
f 1662/1695/685 1664/1723/685 1630/1723/685 1611/1689/685
f 1615/1690/628 1627/1722/628 1629/1695/628 1614/1695/628
f 1642/1724/681 1648/1694/681 1627/1694/681 1615/1694/681
f 1636/1723/687 1739/1723/687 1751/1722/687 1635/1722/687
f 1740/1689/639 1631/1689/639 1632/1690/639 1750/1728/639
f 1635/1694/681 1751/1694/681 1760/1694/681 1759/1724/681 1758/1729/681 1757/1694/681 1756/1725/681 1755/1727/681 1754/1726/681 1753/1694/681 1752/1726/681 1750/1694/681 1632/1694/681 1634/1694/681
f 1640/1723/673 1636/1723/673 1635/1722/673 1638/1722/673
f 1639/1689/685 1633/1689/685 1636/1723/685 1640/1723/685
f 1638/1694/686 1635/1694/686 1634/1694/686 1637/1694/686
f 1688/1723/685 1674/1689/685 1673/1689/685 1687/1689/685
f 1624/1690/682 1637/1690/682 1639/1689/682 1623/1689/682
f 1628/1694/681 1638/1694/681 1637/1694/681 1624/1694/681
f 1623/1689/688 1639/1689/688 1640/1723/688 1630/1723/688
f 1630/1723/687 1640/1723/687 1638/1722/687 1628/1722/687
f 1670/1727/681 1672/1694/681 1648/1694/681 1642/1724/681
f 1614/1695/685 1629/1695/685 1647/1689/685 1644/1695/685
f 1629/1695/688 1626/1695/688 1646/1689/688 1647/1689/688
f 1625/1690/682 1645/1722/682 1646/1689/682 1626/1695/682
f 1672/1694/681 1671/1694/681 1645/1694/681 1648/1694/681
f 1612/1683/674 1641/1683/674 1642/1724/674 1615/1694/674
f 1614/1695/679 1644/1695/679 1643/1706/679 1613/1706/679
f 1612/1683/689 1805/1683/689 1806/1683/689 1641/1683/689
f 1660/1694/681 1659/1694/681 1651/1694/681 1652/1694/681
f 1658/1727/681 1660/1694/681 1652/1694/681 1650/1727/681
f 1666/1695/685 1668/1723/685 1656/1723/685 1654/1695/685
f 1668/1723/685 1667/1689/685 1655/1689/685 1656/1723/685
f 1655/1689/690 1682/1689/690 1681/1722/690 1651/1722/690
f 1669/1683/674 1649/1683/674 1650/1727/674 1670/1727/674
f 1666/1695/679 1654/1695/679 1653/1706/679 1665/1706/679
f 1653/1706/639 2056/1706/639 2067/1706/639 1665/1706/639
f 1610/1694/681 1628/1694/681 1660/1694/681 1658/1727/681
f 1628/1694/681 1624/1694/681 1659/1694/681 1660/1694/681
f 1654/1695/685 1656/1723/685 1664/1723/685 1662/1695/685
f 1656/1723/688 1655/1689/688 1663/1689/688 1664/1723/688
f 1686/1694/681 1680/1694/681 1795/1730/681 1804/1727/681 1803/1694/681 1802/1724/681 1801/1725/681 1800/1724/681 1799/1694/681 1798/1730/681 1797/1724/681 1796/1694/681 1794/1694/681 1684/1694/681
f 1649/1683/674 1657/1683/674 1658/1727/674 1650/1727/674
f 1654/1695/679 1662/1695/679 1661/1706/679 1653/1706/679
f 1661/1706/691 1819/1706/691 1820/1706/691 1653/1706/691
f 1643/1675/628 2004/1675/628 2013/1731/628 2012/1732/628 2011/1733/628 2010/1734/628 2009/1735/628 2008/1736/628 2007/1737/628 2006/1738/628 2005/1739/628 2003/1740/628 2015/1741/628 2024/1742/628 2023/1743/628 2022/1744/628 2021/1745/628 2020/1746/628 2019/1747/628 2018/1748/628 2017/1749/628 2016/1750/628 2014/1683/628 1641/1683/628
f 1644/1695/679 1666/1695/679 1665/1706/679 1643/1706/679
f 1641/1683/674 1669/1683/674 1670/1727/674 1642/1724/674
f 1645/1722/682 1671/1722/682 1667/1689/682 1646/1689/682
f 1647/1689/688 1646/1689/688 1667/1689/688 1668/1723/688
f 1644/1695/685 1647/1689/685 1668/1723/685 1666/1695/685
f 1652/1694/681 1651/1694/681 1671/1694/681 1672/1694/681
f 1650/1727/681 1652/1694/681 1672/1694/681 1670/1727/681
f 1687/1689/688 1673/1689/688 1718/1689/688 1727/1723/688 1726/1695/688 1725/1723/688 1724/1723/688 1723/1723/688 1722/1723/688 1721/1695/688 1720/1723/688 1719/1695/688 1717/1689/688 1689/1689/688
f 1676/1690/682 1675/1690/682 1673/1689/682 1674/1689/682
f 1675/1690/684 1728/1751/684 1718/1689/684 1673/1689/684
f 1691/1722/628 1676/1690/628 1674/1689/628 1688/1723/628
f 1692/1694/681 1675/1694/681 1676/1694/681 1691/1694/681
f 1684/1722/628 1794/1722/628 1784/1689/628 1683/1695/628
f 1795/1722/684 1680/1722/684 1677/1689/684 1783/1695/684
f 1679/1706/639 1961/1706/639 1983/1706/639 1678/1706/639
f 1671/1722/692 1761/1722/692 1773/1689/692 1667/1689/692
f 1667/1689/685 1773/1752/685 1782/1723/685 1781/1723/685 1780/1723/685 1779/1723/685 1778/1723/685 1777/1723/685 1776/1723/685 1775/1753/685 1774/1695/685 1772/1689/685 1682/1689/685 1655/1689/685
f 1762/1722/684 1681/1722/684 1682/1689/684 1772/1689/684
f 1659/1694/686 1686/1694/686 1684/1694/686 1651/1694/686
f 1663/1689/639 1685/1695/639 1686/1722/639 1659/1722/639
f 1655/1689/688 1683/1695/688 1685/1695/688 1663/1689/688
f 1651/1722/628 1684/1722/628 1683/1695/628 1655/1689/628
f 1634/1694/681 1692/1694/681 1691/1694/681 1637/1694/681
f 1632/1694/686 1690/1694/686 1692/1694/686 1634/1694/686
f 1637/1690/628 1691/1722/628 1688/1723/628 1639/1689/628
f 1631/1689/639 1689/1689/639 1690/1722/639 1632/1690/639
f 1639/1689/685 1688/1723/685 1687/1689/685 1633/1689/685
f 1633/1689/688 1687/1689/688 1689/1689/688 1631/1689/688
f 1677/1689/685 1696/1689/685 1705/1723/685 1704/1695/685 1703/1723/685 1702/1723/685 1701/1695/685 1700/1723/685 1699/1753/685 1698/1754/685 1697/1723/685 1695/1689/685 1693/1695/685 1685/1695/685
f 1693/1695/639 1695/1755/639 1707/1722/639 1694/1722/639
f 1685/1695/673 1693/1695/673 1694/1722/673 1686/1722/673
f 1686/1694/681 1694/1694/681 1707/1694/681 1716/1694/681 1715/1694/681 1714/1725/681 1713/1727/681 1712/1727/681 1711/1694/681 1710/1694/681 1709/1730/681 1708/1694/681 1706/1694/681 1680/1694/681
f 1695/1755/693 1697/1723/693 1716/1722/693 1707/1722/693
f 1697/1723/694 1698/1754/694 1715/1722/694 1716/1722/694
f 1698/1754/695 1699/1753/695 1714/1722/695 1715/1722/695
f 1699/1753/696 1700/1723/696 1713/1722/696 1714/1722/696
f 1700/1723/697 1701/1695/697 1712/1722/697 1713/1722/697
f 1701/1695/698 1702/1723/698 1711/1722/698 1712/1722/698
f 1702/1723/699 1703/1723/699 1710/1756/699 1711/1722/699
f 1703/1723/700 1704/1695/700 1709/1722/700 1710/1756/700
f 1704/1695/701 1705/1723/701 1708/1722/701 1709/1722/701
f 1705/1723/702 1696/1689/702 1706/1756/702 1708/1722/702
f 1680/1722/682 1706/1756/682 1696/1689/682 1677/1689/682
f 1717/1689/703 1719/1695/703 1738/1690/703 1729/1722/703
f 1719/1695/694 1720/1723/694 1737/1690/694 1738/1690/694
f 1720/1723/704 1721/1695/704 1736/1690/704 1737/1690/704
f 1721/1695/705 1722/1723/705 1735/1690/705 1736/1690/705
f 1722/1723/706 1723/1723/706 1734/1690/706 1735/1690/706
f 1723/1723/707 1724/1723/707 1733/1690/707 1734/1690/707
f 1724/1723/708 1725/1723/708 1732/1722/708 1733/1690/708
f 1725/1723/709 1726/1695/709 1731/1690/709 1732/1722/709
f 1726/1695/710 1727/1723/710 1730/1690/710 1731/1690/710
f 1727/1723/711 1718/1689/711 1728/1751/711 1730/1690/711
f 1689/1689/639 1717/1689/639 1729/1722/639 1690/1722/639
f 1750/1728/712 1752/1722/712 1749/1753/712 1740/1689/712
f 1752/1722/713 1753/1722/713 1748/1753/713 1749/1753/713
f 1753/1722/714 1754/1722/714 1747/1753/714 1748/1753/714
f 1754/1722/715 1755/1722/715 1746/1753/715 1747/1753/715
f 1755/1722/716 1756/1722/716 1745/1753/716 1746/1753/716
f 1756/1722/717 1757/1722/717 1744/1753/717 1745/1753/717
f 1757/1722/718 1758/1722/718 1743/1753/718 1744/1753/718
f 1758/1722/719 1759/1722/719 1742/1753/719 1743/1753/719
f 1759/1722/720 1760/1722/720 1741/1753/720 1742/1753/720
f 1760/1722/721 1751/1722/721 1739/1723/721 1741/1753/721
f 1633/1689/688 1631/1689/688 1740/1689/688 1749/1753/688 1748/1753/688 1747/1753/688 1746/1753/688 1745/1753/688 1744/1753/688 1743/1753/688 1742/1753/688 1741/1753/688 1739/1723/688 1636/1723/688
f 1772/1689/722 1774/1695/722 1771/1722/722 1762/1722/722
f 1774/1695/723 1775/1753/723 1770/1722/723 1771/1722/723
f 1775/1753/724 1776/1723/724 1769/1722/724 1770/1722/724
f 1776/1723/725 1777/1723/725 1768/1722/725 1769/1722/725
f 1777/1723/726 1778/1723/726 1767/1722/726 1768/1722/726
f 1778/1723/727 1779/1723/727 1766/1722/727 1767/1722/727
f 1779/1723/728 1780/1723/728 1765/1722/728 1766/1722/728
f 1780/1723/729 1781/1723/729 1764/1722/729 1765/1722/729
f 1781/1723/730 1782/1723/730 1763/1722/730 1764/1722/730
f 1782/1723/731 1773/1689/731 1761/1722/731 1763/1722/731
f 1651/1694/681 1681/1694/681 1762/1694/681 1771/1757/681 1770/1727/681 1769/1694/681 1768/1694/681 1767/1727/681 1766/1727/681 1765/1757/681 1764/1694/681 1763/1694/681 1761/1694/681 1671/1694/681
f 1783/1695/732 1785/1723/732 1804/1722/732 1795/1722/732
f 1785/1723/733 1786/1695/733 1803/1722/733 1804/1722/733
f 1786/1695/734 1787/1723/734 1802/1722/734 1803/1722/734
f 1787/1723/735 1788/1695/735 1801/1722/735 1802/1722/735
f 1788/1695/736 1789/1723/736 1800/1722/736 1801/1722/736
f 1789/1723/737 1790/1723/737 1799/1722/737 1800/1722/737
f 1790/1723/738 1791/1695/738 1798/1722/738 1799/1722/738
f 1791/1695/739 1792/1723/739 1797/1722/739 1798/1722/739
f 1792/1723/740 1793/1723/740 1796/1722/740 1797/1722/740
f 1793/1723/741 1784/1689/741 1794/1722/741 1796/1722/741
f 1683/1695/685 1784/1695/685 1793/1723/685 1792/1723/685 1791/1695/685 1790/1723/685 1789/1723/685 1788/1695/685 1787/1723/685 1786/1695/685 1785/1723/685 1783/1689/685 1677/1689/685 1685/1695/685
f 1613/1675/628 1678/1675/628 1805/1683/628 1612/1683/628
f 1643/1706/691 1679/1706/691 1678/1706/691 1613/1706/691
f 1641/1683/639 1806/1683/639 1679/1675/639 1643/1675/639
f 1970/1758/742 2155/1759/742 2164/1760/742 2163/1761/742 2162/1762/742 2161/1763/742 2160/1764/742 2159/1765/742 2158/1766/742 2157/1767/742 2156/1768/742 2154/1769/742 1982/1718/742 1984/1739/742
f 1606/1683/689 1808/1683/689 1810/1683/689 1612/1683/689
f 1612/1683/639 1810/1683/639 1809/1675/639 1613/1675/639
f 1613/1706/691 1809/1706/691 1807/1706/691 1602/1706/691
f 1888/1742/743 1879/1741/743 2111/1741/743 2120/1770/743 2119/1771/743 2118/1772/743 2117/1773/743 2116/1774/743 2115/1775/743 2114/1776/743 2113/1777/743 2112/1778/743 2110/1779/743 1900/1742/743
f 1606/1683/639 1814/1683/639 1813/1675/639 1602/1675/639
f 1595/1683/689 1812/1683/689 1814/1683/689 1606/1683/689
f 1602/1675/691 1813/1675/691 1811/1675/691 1591/1675/691
f 1816/1683/639 1834/1683/639 1857/1683/639 1818/1683/639
f 1591/1675/744 1817/1675/744 1815/1675/744 1583/1675/744
f 1583/1675/745 1815/1675/745 1816/1683/745 1587/1683/745
f 1587/1683/746 1816/1683/746 1818/1683/746 1595/1683/746
f 1817/1675/639 1845/1675/639 1824/1675/639 1815/1675/639
f 1815/1675/747 1824/1675/747 1833/1780/747 1832/1781/747 1831/1782/747 1830/1783/747 1829/1784/747 1828/1785/747 1827/1786/747 1826/1787/747 1825/1707/747 1823/1718/747 1835/1788/747 1844/1742/747 1843/1743/747 1842/1744/747 1841/1745/747 1840/1746/747 1839/1747/747 1838/1748/747 1837/1789/747 1836/1790/747 1834/1683/747 1816/1683/747
f 1811/1675/628 1868/1675/628 1877/1780/628 1876/1791/628 1875/1792/628 1874/1793/628 1873/1794/628 1872/1785/628 1871/1795/628 1870/1787/628 1869/1707/628 1867/1718/628 1879/1788/628 1888/1742/628 1887/1743/628 1886/1744/628 1885/1796/628 1884/1746/628 1883/1747/628 1882/1748/628 1881/1749/628 1880/1797/628 1878/1683/628 1812/1683/628
f 1818/1683/748 1857/1683/748 1866/1750/748 1865/1789/748 1864/1748/748 1863/1747/748 1862/1746/748 1861/1745/748 1860/1798/748 1859/1799/748 1858/1742/748 1856/1788/748 1846/1740/748 1855/1707/748 1854/1738/748 1853/1786/748 1852/1800/748 1851/1794/748 1850/1783/748 1849/1792/748 1848/1781/748 1847/1780/748 1845/1675/748 1817/1675/748
f 1813/1675/639 1889/1675/639 1868/1675/639 1811/1675/639
f 1814/1683/749 1899/1683/749 1908/1801/749 1907/1749/749 1906/1802/749 1905/1747/749 1904/1746/749 1903/1803/749 1902/1804/749 1901/1743/749 1900/1742/749 2110/1805/749 2100/1806/749 1898/1707/749 1897/1787/749 1896/1807/749 1895/1785/749 1894/1784/749 1893/1783/749 1892/1792/749 1891/1781/749 1890/1780/749 1889/1675/749 1813/1675/749
f 1812/1683/639 1878/1683/639 1899/1683/639 1814/1683/639
f 1807/1675/628 1910/1675/628 1919/1808/628 1918/1732/628 1917/1733/628 1916/1809/628 1915/1735/628 1914/1736/628 1913/1737/628 1912/1810/628 1911/1811/628 1909/1718/628 1921/1788/628 1930/1742/628 1929/1812/628 1928/1813/628 1927/1745/628 1926/1746/628 1925/1747/628 1924/1748/628 1923/1749/628 1922/1750/628 1920/1683/628 1808/1683/628
f 1809/1706/639 1931/1706/639 1910/1706/639 1807/1706/639
f 1808/1683/639 1920/1683/639 1941/1683/639 1810/1683/639
f 1930/1742/750 1921/1741/750 2133/1741/750 2142/1814/750 2141/1771/750 2140/1815/750 2139/1816/750 2138/1817/750 2137/1818/750 2136/1819/750 2135/1820/750 2134/1821/750 2132/1822/750 1942/1742/750
f 1810/1683/751 1941/1683/751 1950/1750/751 1949/1789/751 1948/1748/751 1947/1747/751 1946/1746/751 1945/1745/751 1944/1813/751 1943/1743/751 1942/1742/751 2132/1823/751 2122/1824/751 1940/1758/751 1939/1810/751 1938/1786/751 1937/1825/751 1936/1826/751 1935/1734/751 1934/1827/751 1933/1828/751 1932/1829/751 1931/1675/751 1809/1675/751
f 1805/1683/639 1971/1683/639 1951/1683/639 1806/1683/639
f 1669/1683/639 2025/1683/639 2034/1830/639 2033/1789/639 2032/1748/639 2031/1747/639 2030/1746/639 2029/1745/639 2028/1813/639 2027/1743/639 2026/1742/639 2176/1742/639 2166/1739/639 2002/1739/639 2001/1738/639 2000/1737/639 1999/1736/639 1998/1831/639 1997/1832/639 1996/1733/639 1995/1833/639 1994/1731/639 1993/1675/639 1665/1675/639
f 1806/1683/749 1951/1683/749 1960/1750/749 1959/1749/749 1958/1748/749 1957/1747/749 1956/1746/749 1955/1745/749 1954/1834/749 1953/1799/749 1952/1742/749 2143/1835/749 2155/1836/749 1970/1707/749 1969/1738/749 1968/1807/749 1967/1837/749 1966/1831/749 1965/1734/749 1964/1733/749 1963/1833/749 1962/1838/749 1961/1675/749 1679/1675/749
f 1678/1675/628 1983/1675/628 1992/1838/628 1991/1732/628 1990/1733/628 1989/1734/628 1988/1831/628 1987/1785/628 1986/1795/628 1985/1738/628 1984/1758/628 1982/1740/628 1972/1788/628 1981/1742/628 1980/1743/628 1979/1744/628 1978/1745/628 1977/1746/628 1976/1747/628 1975/1748/628 1974/1749/628 1973/1750/628 1971/1683/628 1805/1683/628
f 2024/1742/752 2015/1741/752 2177/1741/752 2186/1839/752 2185/1840/752 2184/1841/752 2183/1842/752 2182/1843/752 2181/1844/752 2180/1845/752 2179/1846/752 2178/1847/752 2176/1742/752 2026/1742/752
f 1665/1706/639 1993/1706/639 2004/1706/639 1643/1706/639
f 1669/1683/639 2035/1683/639 2046/1683/639 1649/1683/639
f 1641/1683/639 2014/1683/639 2025/1683/639 1669/1683/639
f 1665/1675/628 2067/1675/628 2076/1829/628 2075/1732/628 2074/1733/628 2073/1734/628 2072/1848/628 2071/1837/628 2070/1849/628 2069/1810/628 2068/1739/628 2066/1718/628 2036/1741/628 2045/1850/628 2044/1743/628 2043/1804/628 2042/1745/628 2041/1746/628 2040/1747/628 2039/1748/628 2038/1749/628 2037/1750/628 2035/1683/628 1669/1683/628
f 1649/1683/639 2046/1683/639 2055/1851/639 2054/1749/639 2053/1748/639 2052/1747/639 2051/1746/639 2050/1745/639 2049/1804/639 2048/1743/639 2047/1742/639 2187/1852/639 2199/1853/639 2065/1739/639 2064/1787/639 2063/1737/639 2062/1837/639 2061/1735/639 2060/1734/639 2059/1733/639 2058/1732/639 2057/1808/639 2056/1675/639 1653/1675/639
f 2065/1758/753 2199/1854/753 2208/1855/753 2207/1856/753 2206/1857/753 2205/1858/753 2204/1859/753 2203/1860/753 2202/1861/753 2201/1862/753 2200/1863/753 2198/1718/753 2066/1718/753 2068/1739/753
f 1820/1675/678 1819/1675/678 1822/1683/678 1821/1683/678
f 1653/1675/754 1820/1675/754 1821/1683/754 1649/1683/754
f 1657/1683/755 1822/1683/755 1819/1675/755 1661/1675/755
f 1649/1683/689 1821/1683/689 1822/1683/689 1657/1683/689
f 1834/1683/756 1836/1790/756 1866/1750/756 1857/1683/756
f 1836/1790/757 1837/1789/757 1865/1789/757 1866/1750/757
f 1837/1789/758 1838/1748/758 1864/1748/758 1865/1789/758
f 1838/1748/759 1839/1747/759 1863/1747/759 1864/1748/759
f 1839/1747/760 1840/1746/760 1862/1746/760 1863/1747/760
f 1840/1746/761 1841/1745/761 1861/1745/761 1862/1746/761
f 1841/1745/762 1842/1744/762 1860/1798/762 1861/1745/762
f 1842/1744/763 1843/1743/763 1859/1799/763 1860/1798/763
f 1843/1743/764 1844/1742/764 1858/1742/764 1859/1799/764
f 1844/1742/765 1835/1788/765 1856/1788/765 1858/1742/765
f 1845/1675/766 1847/1780/766 1833/1780/766 1824/1675/766
f 1847/1780/767 1848/1781/767 1832/1781/767 1833/1780/767
f 1848/1781/768 1849/1792/768 1831/1782/768 1832/1781/768
f 1849/1792/769 1850/1783/769 1830/1783/769 1831/1782/769
f 1850/1783/770 1851/1794/770 1829/1784/770 1830/1783/770
f 1851/1794/771 1852/1800/771 1828/1785/771 1829/1784/771
f 1852/1800/772 1853/1786/772 1827/1786/772 1828/1785/772
f 1853/1786/773 1854/1738/773 1826/1787/773 1827/1786/773
f 1854/1738/774 1855/1707/774 1825/1707/774 1826/1787/774
f 1855/1707/775 1846/1740/775 1823/1718/775 1825/1707/775
f 1878/1683/776 1880/1797/776 1908/1801/776 1899/1683/776
f 1880/1797/777 1881/1749/777 1907/1749/777 1908/1801/777
f 1881/1749/778 1882/1748/778 1906/1802/778 1907/1749/778
f 1882/1748/779 1883/1747/779 1905/1747/779 1906/1802/779
f 1883/1747/780 1884/1746/780 1904/1746/780 1905/1747/780
f 1884/1746/781 1885/1796/781 1903/1803/781 1904/1746/781
f 1885/1796/782 1886/1744/782 1902/1804/782 1903/1803/782
f 1886/1744/783 1887/1743/783 1901/1743/783 1902/1804/783
f 1887/1743/784 1888/1742/784 1900/1742/784 1901/1743/784
f 1940/1707/785 2122/1864/785 2131/1865/785 2130/1866/785 2129/1867/785 2128/1868/785 2127/1869/785 2126/1870/785 2125/1766/785 2124/1716/785 2123/1717/785 2121/1718/785 1909/1718/785 1911/1707/785
f 1889/1675/786 1890/1780/786 1877/1780/786 1868/1675/786
f 1890/1780/787 1891/1781/787 1876/1791/787 1877/1780/787
f 1891/1781/788 1892/1792/788 1875/1792/788 1876/1791/788
f 1892/1792/789 1893/1783/789 1874/1793/789 1875/1792/789
f 1893/1783/790 1894/1784/790 1873/1794/790 1874/1793/790
f 1894/1784/791 1895/1785/791 1872/1785/791 1873/1794/791
f 1895/1785/792 1896/1807/792 1871/1795/792 1872/1785/792
f 1896/1807/793 1897/1787/793 1870/1787/793 1871/1795/793
f 1897/1787/794 1898/1707/794 1869/1707/794 1870/1787/794
f 1867/1718/678 2099/1718/678 2111/1741/678 1879/1741/678
f 1931/1706/795 1932/1706/795 1919/1706/795 1910/1706/795
f 1932/1706/796 1933/1706/796 1918/1706/796 1919/1706/796
f 1933/1706/797 1934/1706/797 1917/1706/797 1918/1706/797
f 1934/1706/798 1935/1706/798 1916/1706/798 1917/1706/798
f 1935/1706/799 1936/1706/799 1915/1706/799 1916/1706/799
f 1936/1675/800 1937/1825/800 1914/1736/800 1915/1675/800
f 1937/1825/801 1938/1737/801 1913/1737/801 1914/1736/801
f 1938/1737/802 1939/1810/802 1912/1810/802 1913/1737/802
f 1939/1810/803 1940/1707/803 1911/1707/803 1912/1810/803
f 1909/1718/678 2121/1740/678 2133/1741/678 1921/1741/678
f 1920/1683/804 1922/1750/804 1950/1750/804 1941/1683/804
f 1922/1750/805 1923/1749/805 1949/1789/805 1950/1750/805
f 1923/1749/806 1924/1748/806 1948/1748/806 1949/1789/806
f 1924/1748/807 1925/1747/807 1947/1747/807 1948/1748/807
f 1925/1747/808 1926/1746/808 1946/1746/808 1947/1747/808
f 1926/1746/809 1927/1745/809 1945/1745/809 1946/1746/809
f 1927/1745/810 1928/1813/810 1944/1813/810 1945/1745/810
f 1928/1813/811 1929/1812/811 1943/1743/811 1944/1813/811
f 1929/1812/812 1930/1742/812 1942/1742/812 1943/1743/812
f 1981/1742/813 1972/1788/813 2144/1871/813 2153/1814/813 2152/1872/813 2151/1873/813 2150/1874/813 2149/1875/813 2148/1876/813 2147/1877/813 2146/1878/813 2145/1879/813 2143/1880/813 1952/1742/813
f 1971/1683/814 1973/1750/814 1960/1750/814 1951/1683/814
f 1973/1750/815 1974/1749/815 1959/1749/815 1960/1750/815
f 1974/1749/816 1975/1748/816 1958/1748/816 1959/1749/816
f 1975/1748/817 1976/1747/817 1957/1747/817 1958/1748/817
f 1976/1747/818 1977/1746/818 1956/1746/818 1957/1747/818
f 1977/1746/819 1978/1745/819 1955/1745/819 1956/1746/819
f 1978/1745/820 1979/1744/820 1954/1834/820 1955/1745/820
f 1979/1744/821 1980/1743/821 1953/1799/821 1954/1834/821
f 1980/1743/822 1981/1742/822 1952/1742/822 1953/1799/822
f 1982/1718/678 2154/1718/678 2144/1741/678 1972/1788/678
f 1961/1706/823 1962/1706/823 1992/1706/823 1983/1706/823
f 1962/1706/824 1963/1706/824 1991/1706/824 1992/1706/824
f 1963/1706/825 1964/1706/825 1990/1706/825 1991/1706/825
f 1964/1706/826 1965/1706/826 1989/1706/826 1990/1706/826
f 1965/1706/827 1966/1706/827 1988/1706/827 1989/1706/827
f 1966/1675/828 1967/1785/828 1987/1837/828 1988/1675/828
f 1967/1785/829 1968/1737/829 1986/1786/829 1987/1837/829
f 1968/1737/830 1969/1738/830 1985/1787/830 1986/1786/830
f 1969/1738/831 1970/1758/831 1984/1739/831 1985/1787/831
f 2002/1707/832 2166/1707/832 2175/1881/832 2174/1882/832 2173/1883/832 2172/1884/832 2171/1885/832 2170/1886/832 2169/1887/832 2168/1888/832 2167/1889/832 2165/1718/832 2003/1718/832 2005/1707/832
f 1993/1706/833 1994/1706/833 2013/1890/833 2004/1706/833
f 1994/1706/834 1995/1706/834 2012/1706/834 2013/1890/834
f 1995/1706/835 1996/1706/835 2011/1706/835 2012/1706/835
f 1996/1706/836 1997/1706/836 2010/1706/836 2011/1706/836
f 1997/1706/837 1998/1706/837 2009/1706/837 2010/1706/837
f 1998/1675/838 1999/1825/838 2008/1785/838 2009/1675/838
f 1999/1825/839 2000/1737/839 2007/1786/839 2008/1785/839
f 2000/1737/840 2001/1787/840 2006/1787/840 2007/1786/840
f 2001/1787/841 2002/1707/841 2005/1707/841 2006/1787/841
f 2003/1718/678 2165/1718/678 2177/1741/678 2015/1741/678
f 2014/1683/842 2016/1750/842 2034/1830/842 2025/1683/842
f 2016/1750/843 2017/1749/843 2033/1789/843 2034/1830/843
f 2017/1749/844 2018/1748/844 2032/1748/844 2033/1789/844
f 2018/1748/845 2019/1747/845 2031/1747/845 2032/1748/845
f 2019/1747/846 2020/1746/846 2030/1746/846 2031/1747/846
f 2020/1746/847 2021/1745/847 2029/1745/847 2030/1746/847
f 2021/1745/848 2022/1744/848 2028/1813/848 2029/1745/848
f 2022/1744/849 2023/1743/849 2027/1743/849 2028/1813/849
f 2023/1743/850 2024/1742/850 2026/1742/850 2027/1743/850
f 2045/1850/851 2036/1741/851 2188/1741/851 2197/1891/851 2196/1892/851 2195/1893/851 2194/1894/851 2193/1895/851 2192/1896/851 2191/1897/851 2190/1898/851 2189/1899/851 2187/1900/851 2047/1742/851
f 2035/1683/852 2037/1750/852 2055/1851/852 2046/1683/852
f 2037/1750/853 2038/1749/853 2054/1749/853 2055/1851/853
f 2038/1749/854 2039/1748/854 2053/1748/854 2054/1749/854
f 2039/1748/855 2040/1747/855 2052/1747/855 2053/1748/855
f 2040/1747/856 2041/1746/856 2051/1746/856 2052/1747/856
f 2041/1746/857 2042/1745/857 2050/1745/857 2051/1746/857
f 2042/1745/858 2043/1804/858 2049/1804/858 2050/1745/858
f 2043/1804/859 2044/1743/859 2048/1743/859 2049/1804/859
f 2044/1743/860 2045/1850/860 2047/1742/860 2048/1743/860
f 2066/1718/678 2198/1718/678 2188/1741/678 2036/1741/678
f 2056/1706/861 2057/1706/861 2076/1890/861 2067/1706/861
f 2057/1706/862 2058/1706/862 2075/1706/862 2076/1890/862
f 2058/1706/863 2059/1706/863 2074/1706/863 2075/1706/863
f 2059/1706/864 2060/1706/864 2073/1706/864 2074/1706/864
f 2060/1706/865 2061/1706/865 2072/1706/865 2073/1706/865
f 2061/1675/866 2062/1825/866 2071/1785/866 2072/1675/866
f 2062/1825/867 2063/1737/867 2070/1737/867 2071/1785/867
f 2063/1737/868 2064/1787/868 2069/1787/868 2070/1737/868
f 2064/1787/869 2065/1758/869 2068/1739/869 2069/1787/869
f 1823/1718/870 1846/1740/870 1856/1788/870 1835/1788/870
f 2088/1675/871 2090/1901/871 2087/1902/871 2078/1683/871
f 2090/1901/872 2091/1903/872 2086/1904/872 2087/1902/872
f 2091/1903/873 2092/1905/873 2085/1906/873 2086/1904/873
f 2092/1905/874 2093/1907/874 2084/1908/874 2085/1906/874
f 2093/1907/875 2094/1909/875 2083/1683/875 2084/1908/875
f 2094/1910/876 2095/1911/876 2082/1912/876 2083/1721/876
f 2095/1911/877 2096/1699/877 2081/1913/877 2082/1912/877
f 2096/1699/878 2097/1914/878 2080/1915/878 2081/1913/878
f 2097/1914/879 2098/1916/879 2079/1917/879 2080/1915/879
f 2098/1916/880 2089/1696/880 2077/1719/880 2079/1917/880
f 2110/1805/881 2112/1778/881 2109/1709/881 2100/1806/881
f 2112/1778/882 2113/1777/882 2108/1710/882 2109/1709/882
f 2113/1777/878 2114/1776/878 2107/1711/878 2108/1710/878
f 2114/1776/877 2115/1775/877 2106/1712/877 2107/1711/877
f 2115/1775/883 2116/1774/883 2105/1713/883 2106/1712/883
f 2116/1774/884 2117/1773/884 2104/1714/884 2105/1713/884
f 2117/1773/885 2118/1772/885 2103/1715/885 2104/1714/885
f 2118/1772/886 2119/1771/886 2102/1716/886 2103/1715/886
f 2119/1771/887 2120/1770/887 2101/1717/887 2102/1716/887
f 2120/1770/888 2111/1741/888 2099/1718/888 2101/1717/888
f 2132/1823/889 2134/1821/889 2131/1865/889 2122/1824/889
f 2134/1821/890 2135/1820/890 2130/1866/890 2131/1865/890
f 2135/1820/891 2136/1819/891 2129/1867/891 2130/1866/891
f 2136/1819/892 2137/1818/892 2128/1868/892 2129/1867/892
f 2137/1818/876 2138/1817/876 2127/1869/876 2128/1868/876
f 2138/1817/893 2139/1816/893 2126/1870/893 2127/1869/893
f 2139/1816/894 2140/1815/894 2125/1766/894 2126/1870/894
f 2140/1815/895 2141/1771/895 2124/1716/895 2125/1766/895
f 2141/1771/896 2142/1814/896 2123/1717/896 2124/1716/896
f 2142/1814/871 2133/1741/871 2121/1740/871 2123/1717/871
f 2154/1718/897 2156/1768/897 2153/1814/897 2144/1741/897
f 2156/1768/887 2157/1767/887 2152/1872/887 2153/1814/887
f 2157/1767/898 2158/1766/898 2151/1873/898 2152/1872/898
f 2158/1766/899 2159/1765/899 2150/1874/899 2151/1873/899
f 2159/1765/900 2160/1764/900 2149/1875/900 2150/1874/900
f 2160/1764/883 2161/1763/883 2148/1876/883 2149/1875/883
f 2161/1763/892 2162/1762/892 2147/1877/892 2148/1876/892
f 2162/1762/878 2163/1761/878 2146/1878/878 2147/1877/878
f 2163/1761/901 2164/1760/901 2145/1879/901 2146/1878/901
f 2164/1760/902 2155/1836/902 2143/1835/902 2145/1879/902
f 2176/1742/903 2178/1847/903 2175/1881/903 2166/1739/903
f 2178/1847/904 2179/1846/904 2174/1882/904 2175/1881/904
f 2179/1846/905 2180/1845/905 2173/1883/905 2174/1882/905
f 2180/1845/906 2181/1844/906 2172/1884/906 2173/1883/906
f 2181/1844/907 2182/1843/907 2171/1885/907 2172/1884/907
f 2182/1843/908 2183/1842/908 2170/1886/908 2171/1885/908
f 2183/1842/909 2184/1841/909 2169/1887/909 2170/1886/909
f 2184/1841/910 2185/1840/910 2168/1888/910 2169/1887/910
f 2185/1840/911 2186/1839/911 2167/1889/911 2168/1888/911
f 2186/1839/912 2177/1741/912 2165/1718/912 2167/1889/912
f 2187/1852/913 2189/1899/913 2208/1855/913 2199/1853/913
f 2189/1899/914 2190/1898/914 2207/1856/914 2208/1855/914
f 2190/1898/878 2191/1897/878 2206/1857/878 2207/1856/878
f 2191/1897/915 2192/1896/915 2205/1858/915 2206/1857/915
f 2192/1896/883 2193/1895/883 2204/1859/883 2205/1858/883
f 2193/1895/900 2194/1894/900 2203/1860/900 2204/1859/900
f 2194/1894/874 2195/1893/874 2202/1861/874 2203/1860/874
f 2195/1893/916 2196/1892/916 2201/1862/916 2202/1861/916
f 2196/1892/917 2197/1891/917 2200/1863/917 2201/1862/917
f 2197/1891/871 2188/1741/871 2198/1718/871 2200/1863/871
f 1657/1683/674 2078/1683/674 2087/1918/674 2086/1919/674 2085/1920/674 2084/1921/674 2083/1922/674 2082/1923/674 2081/1924/674 2080/1925/674 2079/1926/674 2077/1927/674 1610/1694/674 1658/1727/674
f 2333/1928/918 2330/1929/918 2211/1631/918 2305/1930/918
f 2305/1931/628 2211/1631/628 2212/1627/628 2306/1932/628
f 2222/1933/919 2435/1933/919 2444/1934/919 2443/1935/919 2442/1936/919 2441/1937/919 2440/1938/919 2439/1939/919 2438/1940/919 2437/1941/919 2436/1942/919 2434/1943/919 2300/1944/919 2299/1945/919
f 2301/1946/920 2234/1947/920 2290/1948/920 2300/1944/920
f 2411/1949/920 2301/1946/920 2300/1944/920 2434/1950/920
f 2308/1951/921 2311/1952/921 2232/1953/921 2223/1954/921
f 2311/1952/922 2312/1955/922 2231/1956/922 2232/1953/922
f 2312/1955/923 2310/1957/923 2230/1958/923 2231/1956/923
f 2310/1957/924 2309/1959/924 2229/1960/924 2230/1958/924
f 2309/1959/925 2313/1961/925 2228/1962/925 2229/1960/925
f 2313/1963/926 2314/1964/926 2227/1965/926 2228/1966/926
f 2314/1964/927 2315/1967/927 2226/1968/927 2227/1965/927
f 2315/1967/928 2316/1969/928 2225/1970/928 2226/1968/928
f 2316/1969/929 2317/1971/929 2224/1972/929 2225/1970/929
f 2445/1973/930 2423/1974/930 2212/1627/930 2211/1631/930 2330/1929/930 2320/1975/930 2325/1976/930 2223/1977/930 2232/1978/930 2231/1979/930 2230/1980/930 2229/1981/930 2228/1982/930 2227/1983/930 2226/1984/930 2225/1985/930 2224/1973/930
f 2212/1627/628 2260/1627/628 2269/1986/628 2268/1987/628 2267/1988/628 2266/1989/628 2265/1990/628 2264/1991/628 2263/1992/628 2262/1993/628 2261/1994/628 2259/1995/628 2238/1996/628 2247/1997/628 2246/1998/628 2245/1999/628 2244/2000/628 2243/2001/628 2242/2002/628 2241/2003/628 2240/2004/628 2239/2005/628 2237/2006/628 2210/2006/628 2302/2007/628 2235/2008/628 2306/1932/628
f 2410/2009/931 2435/2010/931 2222/2010/931 2221/2011/931 2220/2012/931 2219/2013/931 2218/2014/931 2217/2015/931 2216/2016/931 2215/2017/931 2214/2018/931 2213/2019/931 2324/2020/931 2319/2021/931 2329/2022/931 2209/2023/931 2210/2006/931
f 2307/2024/920 2422/2025/920 2446/2026/920 2318/2027/920
f 2271/2028/932 2248/2029/932 2238/2030/932 2259/2031/932
f 2237/2006/933 2239/2006/933 2258/2032/933 2249/2032/933
f 2239/2006/934 2240/2006/934 2257/2032/934 2258/2032/934
f 2240/2006/935 2241/2006/935 2256/2032/935 2257/2032/935
f 2241/2006/936 2242/2033/936 2255/2032/936 2256/2032/936
f 2242/2033/937 2243/2006/937 2254/2032/937 2255/2032/937
f 2243/1622/938 2244/2034/938 2253/2035/938 2254/2036/938
f 2244/2034/939 2245/2037/939 2252/2038/939 2253/2035/939
f 2245/2037/940 2246/2039/940 2251/2040/940 2252/2038/940
f 2246/2039/941 2247/2041/941 2250/2042/941 2251/2040/941
f 2247/2041/942 2238/2030/942 2248/2029/942 2250/2042/942
f 2259/2031/943 2261/2043/943 2280/2044/943 2271/2028/943
f 2261/2043/944 2262/2045/944 2279/2046/944 2280/2044/944
f 2262/2045/945 2263/2047/945 2278/2048/945 2279/2046/945
f 2263/2047/946 2264/2049/946 2277/2050/946 2278/2048/946
f 2264/2049/947 2265/1627/947 2276/2051/947 2277/2050/947
f 2265/1627/948 2266/1627/948 2275/2052/948 2276/2051/948
f 2266/1627/949 2267/1627/949 2274/2051/949 2275/2052/949
f 2267/1627/950 2268/1627/950 2273/2051/950 2274/2051/950
f 2268/1627/951 2269/1627/951 2272/2051/951 2273/2051/951
f 2269/1627/952 2260/1627/952 2270/2051/952 2272/2051/952
f 2412/2053/639 2249/2054/639 2258/2055/639 2257/2056/639 2256/2057/639 2255/2058/639 2254/2059/639 2253/2060/639 2252/2061/639 2251/2062/639 2250/2063/639 2248/2064/639 2271/2065/639 2280/2066/639 2279/2067/639 2278/2068/639 2277/2069/639 2276/2070/639 2275/2071/639 2274/2072/639 2273/2073/639 2272/2074/639 2270/2075/639 2424/2075/639 2422/2025/639 2307/2024/639 2234/1947/639 2301/1946/639 2411/1949/639
f 2299/1945/919 2300/1944/919 2290/1948/919 2289/2076/919
f 2298/2077/929 2299/1945/929 2289/2076/929 2288/2078/929
f 2297/2079/928 2298/2077/928 2288/2078/928 2287/2080/928
f 2296/2081/927 2297/2079/927 2287/2080/927 2286/2082/927
f 2295/2083/926 2296/2081/926 2286/2082/926 2285/2084/926
f 2294/2085/925 2295/2086/925 2285/2087/925 2284/2088/925
f 2293/2089/924 2294/2085/924 2284/2088/924 2283/2090/924
f 2292/2091/923 2293/2089/923 2283/2090/923 2282/2092/923
f 2291/2093/922 2292/2091/922 2282/2092/922 2281/2094/922
f 2304/2095/921 2291/2093/921 2281/2094/921 2233/2096/921
f 2303/2097/628 2236/2098/628 2235/2008/628 2302/2007/628
f 2332/2099/918 2331/2100/918 2236/1633/918 2303/2101/918
f 2329/2102/918 2332/2099/918 2303/2101/918 2209/1643/918
f 2209/2023/628 2303/2097/628 2302/2007/628 2210/2006/628
f 2213/2103/921 2214/2104/921 2291/2093/921 2304/2095/921
f 2214/2104/922 2215/2105/922 2292/2091/922 2291/2093/922
f 2215/2105/923 2216/2106/923 2293/2089/923 2292/2091/923
f 2216/2106/924 2217/2107/924 2294/2085/924 2293/2089/924
f 2217/2107/925 2218/2108/925 2295/2086/925 2294/2085/925
f 2218/2109/926 2219/2110/926 2296/2081/926 2295/2083/926
f 2219/2110/927 2220/2111/927 2297/2079/927 2296/2081/927
f 2220/2111/928 2221/2112/928 2298/2077/928 2297/2079/928
f 2221/2112/929 2222/1933/929 2299/1945/929 2298/2077/929
f 2317/1971/919 2318/2027/919 2446/2026/919 2455/2113/919 2454/2114/919 2453/2115/919 2452/2116/919 2451/2117/919 2450/2118/919 2449/2119/919 2448/2120/919 2447/2121/919 2445/1972/919 2224/1972/919
f 2424/2051/930 2270/2051/930 2260/1627/930 2212/1627/930 2423/2122/930
f 2234/1947/920 2307/2024/920 2318/2027/920 2290/1948/920
f 2289/2076/919 2290/1948/919 2318/2027/919 2317/1971/919
f 2288/2078/929 2289/2076/929 2317/1971/929 2316/1969/929
f 2287/2080/928 2288/2078/928 2316/1969/928 2315/1967/928
f 2286/2082/927 2287/2080/927 2315/1967/927 2314/1964/927
f 2285/2084/926 2286/2082/926 2314/1964/926 2313/1963/926
f 2284/2088/925 2285/2087/925 2313/1961/925 2309/1959/925
f 2283/2090/924 2284/2088/924 2309/1959/924 2310/1957/924
f 2282/2092/923 2283/2090/923 2310/1957/923 2312/1955/923
f 2281/2094/922 2282/2092/922 2312/1955/922 2311/1952/922
f 2233/2096/921 2281/2094/921 2311/1952/921 2308/1951/921
f 2236/2098/628 2305/1931/628 2306/1932/628 2235/2008/628
f 2331/2100/918 2333/1928/918 2305/1930/918 2236/1633/918
f 2327/2123/931 2340/2123/931 2336/2124/931 2322/2124/931
f 2324/2125/918 2327/2123/918 2322/2124/918 2319/2126/918
f 2331/2100/628 2334/2100/628 2337/1928/628 2333/1928/628
f 2328/2127/918 2325/1976/918 2320/1975/918 2323/2128/918
f 2308/1951/918 2223/1954/918 2325/1976/918 2328/2127/918
f 2304/2095/918 2233/2096/918 2326/2129/918 2327/2123/918
f 2213/2103/918 2304/2095/918 2327/2123/918 2324/2125/918
f 2233/2096/918 2308/1951/918 2328/2127/918 2326/2129/918
f 2322/2124/931 2336/2124/931 2335/2099/931 2332/2099/931
f 2319/2126/918 2322/2124/918 2332/2099/918 2329/2102/918
f 2332/2099/628 2335/2099/628 2334/2100/628 2331/2100/628
f 2323/2128/918 2320/1975/918 2330/1929/918 2333/1928/918
f 2343/2129/918 2366/2130/918 2356/2131/918 2342/2132/918
f 2400/2133/918 2343/2129/918 2342/2132/918 2388/2134/918
f 2342/2132/918 2356/2131/918 2345/2135/918 2321/2100/918
f 2328/2127/639 2341/2127/639 2339/2129/639 2326/2129/639
f 2326/2129/639 2339/2129/639 2340/2123/639 2327/2123/639
f 2333/1928/930 2337/1928/930 2338/2128/930 2323/2128/930
f 2323/2128/930 2338/2128/930 2341/2127/930 2328/2127/930
f 2341/2127/639 2367/2136/639 2376/2137/639 2375/2138/639 2374/2139/639 2373/2140/639 2372/2141/639 2371/2142/639 2370/2143/639 2369/2144/639 2368/2145/639 2366/2130/639 2343/2129/639 2339/2129/639
f 2340/2123/931 2399/2123/931 2389/2124/931 2336/2124/931
f 2338/2128/930 2355/2146/930 2367/2127/930 2341/2127/930
f 2335/2099/628 2378/2099/628 2387/2147/628 2386/2148/628 2385/2149/628 2384/2150/628 2383/2151/628 2382/2152/628 2381/2153/628 2380/2154/628 2379/2155/628 2377/2156/628 2321/2100/628 2334/2100/628
f 2388/2134/918 2342/2132/918 2321/2100/918 2377/2156/918
f 2337/1928/930 2344/2157/930 2355/2128/930 2338/2128/930
f 2339/2129/639 2343/2129/639 2400/2133/639 2409/2158/639 2408/2159/639 2407/2160/639 2406/2161/639 2405/2162/639 2404/2163/639 2403/2164/639 2402/2165/639 2401/2166/639 2399/2123/639 2340/2123/639
f 2344/2157/953 2346/2167/953 2357/2128/953 2355/2128/953
f 2346/2167/954 2347/2168/954 2358/2128/954 2357/2128/954
f 2347/2168/955 2348/2169/955 2359/2128/955 2358/2128/955
f 2348/2169/956 2349/2170/956 2360/2128/956 2359/2128/956
f 2349/2170/957 2350/2171/957 2361/2128/957 2360/2128/957
f 2350/2171/958 2351/2172/958 2362/2173/958 2361/2128/958
f 2351/2172/959 2352/2174/959 2363/2175/959 2362/2173/959
f 2352/2174/960 2353/2176/960 2364/2177/960 2363/2175/960
f 2353/2176/961 2354/2178/961 2365/2179/961 2364/2177/961
f 2354/2178/962 2345/2135/962 2356/2131/962 2365/2179/962
f 2355/2146/953 2357/2128/953 2376/2137/953 2367/2127/953
f 2357/2128/963 2358/2128/963 2375/2138/963 2376/2137/963
f 2358/2128/955 2359/2128/955 2374/2139/955 2375/2138/955
f 2359/2128/956 2360/2128/956 2373/2140/956 2374/2139/956
f 2360/2128/957 2361/2128/957 2372/2141/957 2373/2140/957
f 2361/2128/958 2362/2173/958 2371/2142/958 2372/2141/958
f 2362/2173/959 2363/2175/959 2370/2143/959 2371/2142/959
f 2363/2175/960 2364/2177/960 2369/2144/960 2370/2143/960
f 2364/2177/961 2365/2179/961 2368/2145/961 2369/2144/961
f 2365/2179/962 2356/2131/962 2366/2130/962 2368/2145/962
f 2334/2100/628 2321/2100/628 2345/2135/628 2354/2178/628 2353/2176/628 2352/2174/628 2351/2172/628 2350/2171/628 2349/2170/628 2348/2169/628 2347/2168/628 2346/2167/628 2344/1928/628 2337/1928/628
f 2377/2156/964 2379/2155/964 2390/2180/964 2388/2134/964
f 2379/2155/965 2380/2154/965 2391/2181/965 2390/2180/965
f 2380/2154/966 2381/2153/966 2392/2182/966 2391/2181/966
f 2381/2153/967 2382/2152/967 2393/2183/967 2392/2182/967
f 2382/2152/968 2383/2151/968 2394/2124/968 2393/2183/968
f 2383/2151/969 2384/2150/969 2395/2124/969 2394/2124/969
f 2384/2150/970 2385/2149/970 2396/2124/970 2395/2124/970
f 2385/2149/971 2386/2148/971 2397/2124/971 2396/2124/971
f 2386/2148/972 2387/2147/972 2398/2124/972 2397/2124/972
f 2387/2147/973 2378/2099/973 2389/2124/973 2398/2124/973
f 2388/2134/964 2390/2180/964 2409/2158/964 2400/2133/964
f 2390/2180/965 2391/2181/965 2408/2159/965 2409/2158/965
f 2391/2181/966 2392/2182/966 2407/2160/966 2408/2159/966
f 2392/2182/967 2393/2183/967 2406/2161/967 2407/2160/967
f 2393/2183/968 2394/2124/968 2405/2162/968 2406/2161/968
f 2394/2124/969 2395/2124/969 2404/2163/969 2405/2162/969
f 2395/2124/970 2396/2124/970 2403/2164/970 2404/2163/970
f 2396/2124/971 2397/2124/971 2402/2165/971 2403/2164/971
f 2397/2124/974 2398/2124/974 2401/2166/974 2402/2165/974
f 2398/2124/973 2389/2124/973 2399/2123/973 2401/2166/973
f 2336/2124/931 2389/2124/931 2378/2099/931 2335/2099/931
f 2410/2184/975 2412/2054/975 2413/2185/975
f 2413/2185/976 2412/2054/976 2414/2186/976
f 2414/2186/977 2412/2054/977 2415/2187/977
f 2415/2187/978 2412/2054/978 2416/2188/978
f 2416/2188/979 2412/2054/979 2417/2189/979
f 2417/2189/980 2412/2054/980 2418/2190/980
f 2418/2190/981 2412/2054/981 2419/2191/981
f 2419/2191/982 2412/2054/982 2420/2192/982
f 2420/2192/983 2412/2054/983 2421/2193/983
f 2421/2193/984 2412/2054/984 2411/1949/984
f 2422/2025/985 2424/2075/985 2425/2194/985
f 2425/2194/986 2424/2075/986 2426/2195/986
f 2426/2195/987 2424/2075/987 2427/2196/987
f 2427/2196/988 2424/2075/988 2428/2197/988
f 2428/2197/989 2424/2075/989 2429/2198/989
f 2429/2198/990 2424/2075/990 2430/2199/990
f 2430/2199/991 2424/2075/991 2431/2200/991
f 2431/2200/992 2424/2075/992 2432/2201/992
f 2432/2201/993 2424/2075/993 2433/2202/993
f 2433/2202/994 2424/2075/994 2423/2203/994
f 2410/2009/995 2413/2204/995 2444/2205/995 2435/2010/995
f 2413/2204/996 2414/2206/996 2443/2207/996 2444/2205/996
f 2414/2206/997 2415/2208/997 2442/2209/997 2443/2207/997
f 2415/2208/998 2416/2210/998 2441/2211/998 2442/2209/998
f 2416/2210/999 2417/2212/999 2440/2213/999 2441/2211/999
f 2417/2214/1000 2418/2215/1000 2439/2216/1000 2440/2217/1000
f 2418/2215/1001 2419/2218/1001 2438/2219/1001 2439/2216/1001
f 2419/2218/1002 2420/2220/1002 2437/2221/1002 2438/2219/1002
f 2420/2220/1003 2421/2222/1003 2436/2223/1003 2437/2221/1003
f 2421/2222/1004 2411/1949/1004 2434/1950/1004 2436/2223/1004
f 2445/1973/1005 2447/2224/1005 2433/2225/1005 2423/1974/1005
f 2447/2224/1006 2448/2226/1006 2432/2227/1006 2433/2225/1006
f 2448/2226/1007 2449/2228/1007 2431/2229/1007 2432/2227/1007
f 2449/2228/1008 2450/2230/1008 2430/2231/1008 2431/2229/1008
f 2450/2230/1009 2451/2232/1009 2429/2233/1009 2430/2231/1009
f 2451/2234/1010 2452/2235/1010 2428/2197/1010 2429/2236/1010
f 2452/2235/1011 2453/2115/1011 2427/2196/1011 2428/2197/1011
f 2453/2115/1012 2454/2237/1012 2426/2195/1012 2427/2196/1012
f 2454/2237/1013 2455/2238/1013 2425/2194/1013 2426/2195/1013
f 2455/2238/1014 2446/2026/1014 2422/2025/1014 2425/2194/1014
f 2210/2006/931 2237/2006/931 2249/2032/931 2412/2032/931 2410/2239/931
f 2456/1621/1015 2458/2240/1015 2459/2241/1015 2457/1624/1015
f 2458/2240/1016 2460/2242/1016 2461/2243/1016 2459/2241/1016
f 2460/2242/1017 2462/2244/1017 2463/2245/1017 2461/2243/1017
f 2462/2244/1018 2464/1622/1018 2465/1623/1018 2463/2245/1018
f 2464/1622/1019 2466/2246/1019 2467/2247/1019 2465/1623/1019
f 2466/2246/1020 2468/2248/1020 2469/2249/1020 2467/2247/1020
f 2468/2248/1021 2470/2250/1021 2471/2251/1021 2469/2249/1021
f 2470/2250/1022 2472/1625/1022 2473/1626/1022 2471/2251/1022
f 2472/1625/1023 2474/2252/1023 2475/2253/1023 2473/1626/1023
f 2474/2252/1024 2476/2254/1024 2477/2255/1024 2475/2253/1024
f 2476/2254/1025 2478/2256/1025 2479/2257/1025 2477/2255/1025
f 2478/2256/1026 2480/1627/1026 2481/1628/1026 2479/2257/1026
f 2480/1627/1027 2482/2258/1027 2483/2259/1027 2481/1628/1027
f 2482/2258/1028 2484/2260/1028 2485/2261/1028 2483/2259/1028
f 2484/2260/1029 2486/2262/1029 2487/2263/1029 2485/2261/1029
f 2486/2262/1030 2488/1629/1030 2489/1630/1030 2487/2263/1030
f 2488/1629/1031 2490/2264/1031 2491/2265/1031 2489/1630/1031
f 2490/2264/1032 2492/2266/1032 2493/2267/1032 2491/2265/1032
f 2492/2266/1033 2494/2268/1033 2495/2269/1033 2493/2267/1033
f 2494/2268/1034 2496/1631/1034 2497/1632/1034 2495/2269/1034
f 2496/1631/1035 2498/2270/1035 2499/2271/1035 2497/1632/1035
f 2498/2270/1036 2500/2272/1036 2501/2273/1036 2499/2271/1036
f 2500/2272/1037 2502/2274/1037 2503/2275/1037 2501/2273/1037
f 2502/2274/1038 2504/1633/1038 2505/1634/1038 2503/2275/1038
f 2504/1633/1039 2506/2276/1039 2507/2277/1039 2505/1634/1039
f 2506/2276/1040 2508/2101/1040 2509/2278/1040 2507/2277/1040
f 2508/2101/1041 2510/2279/1041 2511/2280/1041 2509/2278/1041
f 2510/2279/1042 2512/1643/1042 2513/1644/1042 2511/2280/1042
f 2512/1643/1043 2514/2281/1043 2515/2282/1043 2513/1644/1043
f 2514/2281/1044 2516/2283/1044 2517/2284/1044 2515/2282/1044
f 2477/2255/1024 2562/2255/1024 2561/2253/1024 2475/2253/1024
f 2516/2283/1045 2518/2285/1045 2519/2286/1045 2517/2284/1045
f 2518/2285/1046 2456/1645/1046 2457/1646/1046 2519/2286/1046
f 2456/1651/918 2518/2287/918 2516/2288/918 2514/2289/918 2512/1664/918 2510/2290/918 2508/2291/918 2506/2292/918 2504/1662/918 2502/2293/918 2500/2294/918 2498/2295/918 2496/1660/918 2494/2296/918 2492/2297/918 2490/2298/918 2488/1658/918 2486/2299/918 2484/2300/918 2482/2301/918 2480/1656/918 2478/2302/918 2476/2303/918 2474/2304/918 2472/1654/918 2470/2305/918 2468/2306/918 2466/2307/918 2464/1650/918 2462/2308/918 2460/2309/918 2458/2310/918
f 2539/2311/1033 2603/2311/1033 2602/2312/1033 2538/2312/1033
f 2495/2269/1033 2571/2269/1033 2570/2267/1033 2493/2267/1033
f 2513/1644/1042 2580/1644/1042 2579/2280/1042 2511/2280/1042
f 2469/2249/1020 2558/2249/1020 2557/2247/1020 2467/2247/1020
f 2487/2263/1029 2567/2263/1029 2566/2261/1029 2485/2261/1029
f 2505/1634/1038 2576/1634/1038 2575/2275/1038 2503/2275/1038
f 2461/2243/1016 2554/2243/1016 2552/2241/1016 2459/2241/1016
f 2479/2257/1025 2563/2257/1025 2562/2255/1025 2477/2255/1025
f 2497/1632/1034 2572/1632/1034 2571/2269/1034 2495/2269/1034
f 2515/2282/1043 2581/2282/1043 2580/1644/1043 2513/1644/1043
f 2471/2251/1021 2559/2251/1021 2558/2249/1021 2469/2249/1021
f 2489/1630/1030 2568/1630/1030 2567/2263/1030 2487/2263/1030
f 2507/2277/1039 2577/2277/1039 2576/1634/1039 2505/1634/1039
f 2463/2245/1017 2555/2245/1017 2554/2243/1017 2461/2243/1017
f 2481/1628/1026 2564/1628/1026 2563/2257/1026 2479/2257/1026
f 2499/2271/1035 2573/2271/1035 2572/1632/1035 2497/1632/1035
f 2517/2284/1044 2582/2284/1044 2581/2282/1044 2515/2282/1044
f 2473/1626/1022 2560/1626/1022 2559/2251/1022 2471/2251/1022
f 2491/2265/1031 2569/2265/1031 2568/1630/1031 2489/1630/1031
f 2509/2278/1040 2578/2278/1040 2577/2277/1040 2507/2277/1040
f 2465/1623/1018 2556/1623/1018 2555/2245/1018 2463/2245/1018
f 2483/2259/1027 2565/2259/1027 2564/1628/1027 2481/1628/1027
f 2501/2273/1036 2574/2273/1036 2573/2271/1036 2499/2271/1036
f 2519/2286/1045 2583/2286/1045 2582/2284/1045 2517/2284/1045
f 2475/2253/1023 2561/2253/1023 2560/1626/1023 2473/1626/1023
f 2493/2267/1032 2570/2267/1032 2569/2265/1032 2491/2265/1032
f 2511/2280/1041 2579/2280/1041 2578/2278/1041 2509/2278/1041
f 2467/2247/1019 2557/2247/1019 2556/1623/1019 2465/1623/1019
f 2485/2261/1028 2566/2261/1028 2565/2259/1028 2483/2259/1028
f 2503/2275/1037 2575/2275/1037 2574/2273/1037 2501/2273/1037
f 2459/2241/1015 2552/2241/1015 2553/1624/1015 2457/1624/1015
f 2457/1646/1046 2553/1646/1046 2583/2286/1046 2519/2286/1046
f 2521/2313/932 2553/1640/932 2552/2314/932 2520/2315/932
f 2520/2315/932 2552/2314/932 2554/2316/932 2522/2317/932
f 2522/2317/932 2554/2316/932 2555/2318/932 2523/2319/932
f 2523/2319/932 2555/2318/932 2556/1641/932 2524/2320/932
f 2524/2320/932 2556/1641/932 2557/2321/932 2525/2322/932
f 2525/2322/932 2557/2321/932 2558/2323/932 2526/2324/932
f 2526/2324/932 2558/2323/932 2559/2325/932 2527/2326/932
f 2527/2326/932 2559/2325/932 2560/1642/932 2528/2327/932
f 2528/2327/932 2560/1642/932 2561/2328/932 2529/2329/932
f 2529/2329/932 2561/2328/932 2562/2330/932 2530/2331/932
f 2530/2331/932 2562/2330/932 2563/2332/932 2531/2333/932
f 2531/2333/932 2563/2332/932 2564/1635/932 2532/2334/932
f 2532/2334/932 2564/1635/932 2565/2335/932 2533/2336/932
f 2533/2336/932 2565/2335/932 2566/2337/932 2534/2338/932
f 2534/2338/932 2566/2337/932 2567/2339/932 2535/2340/932
f 2535/2340/932 2567/2339/932 2568/1636/932 2536/2341/932
f 2536/2341/932 2568/1636/932 2569/2342/932 2537/2343/932
f 2537/2343/932 2569/2342/932 2570/2344/932 2538/2312/932
f 2538/2312/932 2570/2344/932 2571/2345/932 2539/2311/932
f 2539/2311/932 2571/2345/932 2572/1637/932 2540/2346/932
f 2540/2346/932 2572/1637/932 2573/2347/932 2541/2348/932
f 2541/2348/932 2573/2347/932 2574/2349/932 2542/2350/932
f 2542/2350/932 2574/2349/932 2575/2351/932 2543/2352/932
f 2543/2352/932 2575/2351/932 2576/1638/932 2544/2353/932
f 2544/2353/932 2576/1638/932 2577/2354/932 2545/2355/932
f 2545/2355/932 2577/2354/932 2578/2356/932 2546/2357/932
f 2546/2357/932 2578/2356/932 2579/2358/932 2547/2359/932
f 2547/2359/932 2579/2358/932 2580/1639/932 2548/2360/932
f 2548/2360/932 2580/1639/932 2581/2361/932 2549/2362/932
f 2549/2362/932 2581/2361/932 2582/2363/932 2550/2364/932
f 2550/2364/932 2582/2363/932 2583/2365/932 2551/2366/932
f 2551/2366/932 2583/2365/932 2553/1640/932 2521/2313/932
f 2584/2315/932 2586/2317/932 2587/2319/932 2588/2320/932 2589/2322/932 2590/2324/932 2591/2326/932 2592/2327/932 2593/2329/932 2594/2331/932 2595/2333/932 2596/2334/932 2597/2336/932 2598/2338/932 2599/2340/932 2600/2341/932 2601/2343/932 2602/2312/932 2603/2311/932 2604/2346/932 2605/2348/932 2606/2350/932 2607/2352/932 2608/2353/932 2609/2355/932 2610/2357/932 2611/2359/932 2612/2360/932 2613/2362/932 2614/2364/932 2615/2366/932 2585/2313/932
f 2526/2324/1020 2590/2324/1020 2589/2322/1020 2525/2322/1020
f 2540/2346/1034 2604/2346/1034 2603/2311/1034 2539/2311/1034
f 2527/2326/1021 2591/2326/1021 2590/2324/1021 2526/2324/1021
f 2541/2348/1035 2605/2348/1035 2604/2346/1035 2540/2346/1035
f 2528/2327/1022 2592/2327/1022 2591/2326/1022 2527/2326/1022
f 2542/2350/1036 2606/2350/1036 2605/2348/1036 2541/2348/1036
f 2529/2329/1023 2593/2329/1023 2592/2327/1023 2528/2327/1023
f 2543/2352/1037 2607/2352/1037 2606/2350/1037 2542/2350/1037
f 2530/2331/1024 2594/2331/1024 2593/2329/1024 2529/2329/1024
f 2544/2353/1038 2608/2353/1038 2607/2352/1038 2543/2352/1038
f 2531/2333/1025 2595/2333/1025 2594/2331/1025 2530/2331/1025
f 2545/2355/1039 2609/2355/1039 2608/2353/1039 2544/2353/1039
f 2532/2334/1026 2596/2334/1026 2595/2333/1026 2531/2333/1026
f 2546/2357/1040 2610/2357/1040 2609/2355/1040 2545/2355/1040
f 2533/2336/1027 2597/2336/1027 2596/2334/1027 2532/2334/1027
f 2547/2359/1041 2611/2359/1041 2610/2357/1041 2546/2357/1041
f 2534/2338/1028 2598/2338/1028 2597/2336/1028 2533/2336/1028
f 2520/2315/1015 2584/2315/1015 2585/2313/1015 2521/2313/1015
f 2548/2360/1042 2612/2360/1042 2611/2359/1042 2547/2359/1042
f 2535/2340/1029 2599/2340/1029 2598/2338/1029 2534/2338/1029
f 2522/2317/1016 2586/2317/1016 2584/2315/1016 2520/2315/1016
f 2549/2362/1043 2613/2362/1043 2612/2360/1043 2548/2360/1043
f 2536/2341/1030 2600/2341/1030 2599/2340/1030 2535/2340/1030
f 2523/2319/1017 2587/2319/1017 2586/2317/1017 2522/2317/1017
f 2550/2364/1044 2614/2364/1044 2613/2362/1044 2549/2362/1044
f 2537/2343/1031 2601/2343/1031 2600/2341/1031 2536/2341/1031
f 2524/2320/1018 2588/2320/1018 2587/2319/1018 2523/2319/1018
f 2551/2366/1045 2615/2366/1045 2614/2364/1045 2550/2364/1045
f 2538/2312/1032 2602/2312/1032 2601/2343/1032 2537/2343/1032
f 2525/2322/1019 2589/2322/1019 2588/2320/1019 2524/2320/1019
f 2521/2313/1046 2585/2313/1046 2615/2366/1046 2551/2366/1046
f 2616/1621/1015 2617/1624/1015 2619/2241/1015 2618/2240/1015
f 2618/2240/1016 2619/2241/1016 2621/2243/1016 2620/2242/1016
f 2620/2242/1017 2621/2243/1017 2623/2245/1017 2622/2244/1017
f 2622/2244/1018 2623/2245/1018 2625/1623/1018 2624/1622/1018
f 2624/1622/1019 2625/1623/1019 2627/2247/1019 2626/2246/1019
f 2626/2246/1020 2627/2247/1020 2629/2249/1020 2628/2248/1020
f 2628/2248/1021 2629/2249/1021 2631/2251/1021 2630/2250/1021
f 2630/2250/1022 2631/2251/1022 2633/1626/1022 2632/1625/1022
f 2632/1625/1023 2633/1626/1023 2635/2253/1023 2634/2252/1023
f 2634/2252/1024 2635/2253/1024 2637/2255/1024 2636/2254/1024
f 2636/2254/1025 2637/2255/1025 2639/2257/1025 2638/2256/1025
f 2638/2256/1026 2639/2257/1026 2641/1628/1026 2640/1627/1026
f 2640/1627/1027 2641/1628/1027 2643/2259/1027 2642/2258/1027
f 2642/2258/1028 2643/2259/1028 2645/2261/1028 2644/2260/1028
f 2644/2260/1029 2645/2261/1029 2647/2263/1029 2646/2262/1029
f 2646/2262/1030 2647/2263/1030 2649/1630/1030 2648/1629/1030
f 2648/1629/1031 2649/1630/1031 2651/2265/1031 2650/2264/1031
f 2650/2264/1032 2651/2265/1032 2653/2267/1032 2652/2266/1032
f 2652/2266/1033 2653/2267/1033 2655/2269/1033 2654/2268/1033
f 2654/2268/1034 2655/2269/1034 2657/1632/1034 2656/1631/1034
f 2656/1631/1035 2657/1632/1035 2659/2271/1035 2658/2270/1035
f 2658/2270/1036 2659/2271/1036 2661/2273/1036 2660/2272/1036
f 2660/2272/1037 2661/2273/1037 2663/2275/1037 2662/2274/1037
f 2662/2274/1038 2663/2275/1038 2665/1634/1038 2664/1633/1038
f 2664/1633/1039 2665/1634/1039 2667/2277/1039 2666/2276/1039
f 2666/2276/1040 2667/2277/1040 2669/2278/1040 2668/2101/1040
f 2668/2101/1041 2669/2278/1041 2671/2280/1041 2670/2279/1041
f 2670/2279/1042 2671/2280/1042 2673/1644/1042 2672/1643/1042
f 2672/1643/1043 2673/1644/1043 2675/2282/1043 2674/2281/1043
f 2674/2281/1044 2675/2282/1044 2677/2284/1044 2676/2283/1044
f 2619/2314/918 2617/1640/918 2679/2365/918 2677/2363/918 2675/2361/918 2673/1639/918 2671/2358/918 2669/2356/918 2667/2354/918 2665/1638/918 2663/2351/918 2661/2349/918 2659/2347/918 2657/1637/918 2655/2345/918 2653/2344/918 2651/2342/918 2649/1636/918 2647/2339/918 2645/2337/918 2643/2335/918 2641/1635/918 2639/2332/918 2637/2330/918 2635/2328/918 2633/1642/918 2631/2325/918 2629/2323/918 2627/2321/918 2625/1641/918 2623/2318/918 2621/2316/918
f 2676/2283/1045 2677/2284/1045 2679/2286/1045 2678/2285/1045
f 2678/2285/1046 2679/2286/1046 2617/1646/1046 2616/1645/1046
f 2616/1651/932 2618/2310/932 2620/2309/932 2622/2308/932 2624/1650/932 2626/2307/932 2628/2306/932 2630/2305/932 2632/1654/932 2634/2304/932 2636/2303/932 2638/2302/932 2640/1656/932 2642/2301/932 2644/2300/932 2646/2299/932 2648/1658/932 2650/2298/932 2652/2297/932 2654/2296/932 2656/1660/932 2658/2295/932 2660/2294/932 2662/2293/932 2664/1662/932 2666/2292/932 2668/2291/932 2670/2290/932 2672/1664/932 2674/2289/932 2676/2288/932 2678/2287/932
o Base
v -0.003535 0.014273 -0.382850
v 0.071484 0.014273 -0.375452
v -0.000120 0.119369 0.312033
v 0.143620 0.014273 -0.353543
v 0.210101 0.014273 -0.317966
v 0.268373 0.014273 -0.270086
v 0.316195 0.014273 -0.211744
v 0.351730 0.014273 -0.145183
v -0.000120 0.246388 0.375896
v -0.000120 0.224954 0.359104
v 0.373612 0.014273 -0.072960
v 0.381001 0.014273 0.002150
v -0.000120 0.200920 0.343975
v 0.373612 0.014273 0.077260
v -0.000120 0.174879 0.330882
v -0.000120 0.147470 0.320146
v 0.351730 0.014273 0.149483
v 0.316195 0.014273 0.216044
v 0.030067 0.119369 0.315006
v 0.268373 0.014273 0.274386
v 0.210101 0.014273 0.322266
v 0.143620 0.014273 0.357843
v 0.071484 0.014273 0.379752
v -0.003535 0.014273 0.387150
v -0.078554 0.014273 0.379752
v 0.017608 0.246388 0.377642
v 0.020884 0.224954 0.361173
v -0.150691 0.014273 0.357843
v -0.217172 0.014273 0.322266
v 0.023836 0.200920 0.346334
v -0.275443 0.014273 0.274386
v 0.026390 0.174879 0.333493
v -0.323265 0.014273 0.216044
v 0.028484 0.147470 0.322963
v -0.358800 0.014273 0.149483
v 0.059095 0.119369 0.323811
v -0.380682 0.014273 0.077260
v -0.388071 0.014273 0.002150
v -0.380682 0.014273 -0.072960
v -0.358800 0.014273 -0.145183
v -0.323265 0.014273 -0.211744
v 0.034655 0.246388 0.382813
v -0.275443 0.014273 -0.270086
v 0.041081 0.224954 0.367299
v -0.217172 0.014273 -0.317966
v 0.046871 0.200920 0.353322
v -0.150691 0.014273 -0.353543
v 0.051882 0.174879 0.341225
v -0.078554 0.014273 -0.375452
v 0.055990 0.147470 0.331307
v -0.003535 0.298925 -0.382850
v 0.071484 0.298925 -0.375452
v 0.143620 0.298925 -0.353543
v 0.085846 0.119369 0.338111
v 0.210101 0.298925 -0.317966
v 0.268373 0.298925 -0.270086
v 0.316195 0.298925 -0.211744
v 0.351730 0.298925 -0.145183
v 0.373612 0.298925 -0.072960
v 0.381001 0.298925 0.002150
v 0.059695 0.224954 0.377249
v 0.373612 0.298925 0.077260
v 0.068100 0.200920 0.364669
v 0.351730 0.298925 0.149483
v 0.075375 0.174879 0.353783
v 0.081339 0.147470 0.344857
v 0.316195 0.298925 0.216044
v 0.268373 0.298925 0.274386
v 0.210101 0.298925 0.322266
v 0.109295 0.119369 0.357354
v 0.143620 0.298925 0.357843
v 0.071484 0.298925 0.379752
v -0.003535 0.298925 0.387150
v -0.078554 0.298925 0.379752
v -0.150691 0.298925 0.357843
v -0.217172 0.298925 0.322266
v -0.275443 0.298925 0.274386
v -0.323265 0.298925 0.216044
v 0.095967 0.174879 0.370682
v 0.103558 0.147470 0.363091
v -0.358800 0.298925 0.149483
v -0.380682 0.298925 0.077260
v -0.388071 0.298925 0.002150
v -0.380682 0.298925 -0.072960
v -0.358800 0.298925 -0.145183
v -0.323265 0.298925 -0.211744
v -0.275443 0.298925 -0.270086
v -0.217172 0.298925 -0.317966
v -0.150691 0.298925 -0.353543
v -0.078554 0.298925 -0.375452
v -0.002776 0.298217 -0.382720
v 0.072334 0.298217 -0.375322
v 0.144557 0.298217 -0.353413
v 0.211119 0.298217 -0.317836
v 0.269460 0.298217 -0.269956
v 0.317340 0.298217 -0.211614
v 0.352918 0.298217 -0.145053
v 0.374826 0.298217 -0.072830
v 0.382224 0.298217 0.002280
v 0.374826 0.298217 0.077390
v 0.352918 0.298217 0.149613
v 0.317340 0.298217 0.216175
v 0.269460 0.298217 0.274516
v 0.211119 0.298217 0.322396
v 0.144557 0.298217 0.357974
v 0.072334 0.298217 0.379882
v -0.002776 0.298217 0.387280
v -0.077886 0.298217 0.379882
v -0.150109 0.298217 0.357974
v -0.216670 0.298217 0.322396
v -0.275012 0.298217 0.274516
v 0.142837 0.112354 -0.346147
v -0.322892 0.298217 0.216175
v -0.358469 0.298217 0.149613
v -0.380378 0.298217 0.077390
v -0.387776 0.298217 0.002280
v -0.380378 0.298217 -0.072830
v 0.083836 0.239373 -0.370586
v -0.358469 0.298217 -0.145053
v 0.099349 0.217939 -0.364161
v -0.322892 0.298217 -0.211614
v -0.275012 0.298217 -0.269956
v 0.113326 0.193905 -0.358371
v -0.216670 0.298217 -0.317836
v 0.125423 0.167863 -0.353360
v -0.150109 0.298217 -0.353413
v 0.135341 0.140454 -0.349252
v -0.077886 0.298217 -0.375322
v 0.062933 0.626563 -0.328058
v 0.128538 0.112354 -0.319395
v -0.002776 0.626563 -0.334530
v 0.126116 0.626563 -0.308891
v 0.184346 0.626563 -0.277767
v 0.044767 0.272407 -0.375370
v 0.235385 0.626563 -0.235880
v 0.060437 0.257679 -0.364899
v 0.075438 0.239373 -0.354876
v 0.277271 0.626563 -0.184841
v 0.089400 0.217939 -0.345547
v 0.308396 0.626563 -0.126611
v 0.101979 0.193905 -0.337142
v 0.327562 0.626563 -0.063428
v 0.112866 0.167863 -0.329867
v 0.334034 0.626563 0.002280
v 0.327562 0.626563 0.067988
v 0.121792 0.140454 -0.323903
v 0.308396 0.626563 0.131172
v 0.277271 0.626563 0.189402
v 0.109295 0.112354 -0.295947
v 0.235385 0.626563 0.240441
v 0.184346 0.626563 0.282327
v 0.126116 0.626563 0.313452
v 0.038053 0.272407 -0.367189
v 0.062933 0.626563 0.332618
v 0.051380 0.257679 -0.353862
v -0.002776 0.626563 0.339090
v 0.064137 0.239373 -0.341105
v 0.076010 0.217939 -0.329231
v -0.068484 0.626563 0.332618
v 0.086708 0.193905 -0.318534
v -0.131667 0.626563 0.313452
v 0.095967 0.167863 -0.309275
v -0.189897 0.626563 0.282327
v 0.103558 0.140454 -0.301684
v -0.240936 0.626563 0.240441
v -0.282823 0.626563 0.189402
v -0.313947 0.626563 0.131172
v 0.085846 0.112354 -0.276704
v -0.333114 0.626563 0.067988
v -0.339585 0.626563 0.002280
v 0.019212 0.283194 -0.376429
v 0.029872 0.272407 -0.360475
v -0.333114 0.626563 -0.063428
v -0.313947 0.626563 -0.126611
v 0.040343 0.257679 -0.344805
v -0.282823 0.626563 -0.184841
v 0.050366 0.239373 -0.329804
v -0.240936 0.626563 -0.235880
v 0.059695 0.217939 -0.315842
v 0.068100 0.193905 -0.303263
v -0.189897 0.626563 -0.277767
v 0.075375 0.167863 -0.292376
v -0.131667 0.626563 -0.308891
v 0.081339 0.140454 -0.283450
v -0.068484 0.626563 -0.328058
v -0.003535 0.622486 -0.245849
v 0.059095 0.112354 -0.262405
v 0.051534 0.622486 -0.240427
v 0.104486 0.622486 -0.224369
v 0.153287 0.622486 -0.198293
v 0.013196 0.283194 -0.373214
v 0.196062 0.622486 -0.163200
v 0.020539 0.272407 -0.355486
v 0.027751 0.257679 -0.338074
v 0.231166 0.622486 -0.120439
v 0.034655 0.239373 -0.321406
v 0.257251 0.622486 -0.071654
v 0.041081 0.217939 -0.305893
v 0.273314 0.622486 -0.018719
v 0.046871 0.193905 -0.291915
v 0.278738 0.622486 0.036332
v 0.051882 0.167863 -0.279819
v 0.273314 0.622486 0.091383
v 0.055990 0.140454 -0.269900
v 0.257251 0.622486 0.144318
v 0.231166 0.622486 0.193103
v 0.030067 0.112354 -0.253599
v 0.196062 0.622486 0.235864
v 0.153287 0.622486 0.270957
v 0.006668 0.283194 -0.371233
v 0.104486 0.622486 0.297033
v 0.010412 0.272407 -0.352414
v 0.051534 0.622486 0.313091
v 0.014089 0.257679 -0.333930
v -0.003535 0.622486 0.318513
v 0.017608 0.239373 -0.316235
v -0.058604 0.622486 0.313091
v 0.020884 0.217939 -0.299766
v -0.111557 0.622486 0.297033
v 0.023836 0.193905 -0.284928
v -0.160358 0.622486 0.270957
v 0.026390 0.167863 -0.272086
v -0.203133 0.622486 0.235864
v -0.238237 0.622486 0.193103
v 0.028484 0.140454 -0.261557
v -0.264322 0.622486 0.144318
v -0.000120 0.112354 -0.250626
v -0.280385 0.622486 0.091383
v -0.285808 0.622486 0.036332
v -0.000120 0.283194 -0.370565
v -0.280385 0.622486 -0.018719
v -0.000120 0.272407 -0.351377
v -0.264322 0.622486 -0.071654
v -0.000120 0.257679 -0.332530
v -0.238237 0.622486 -0.120439
v -0.000120 0.239373 -0.314489
v -0.203133 0.622486 -0.163200
v -0.160358 0.622486 -0.198293
v -0.000120 0.217939 -0.297697
v -0.000120 0.193905 -0.282568
v -0.111557 0.622486 -0.224369
v -0.000120 0.167863 -0.269475
v -0.058604 0.622486 -0.240427
v -0.000120 0.140454 -0.258740
v -0.003535 0.693191 -0.245849
v 0.051534 0.693191 -0.240427
v 0.104486 0.693191 -0.224369
v -0.030308 0.112354 -0.253599
v 0.153287 0.693191 -0.198293
v 0.196062 0.693191 -0.163200
v -0.006909 0.283194 -0.371233
v 0.231166 0.693191 -0.120439
v -0.010652 0.272407 -0.352414
v 0.257251 0.693191 -0.071654
v -0.014329 0.257679 -0.333930
v 0.273314 0.693191 -0.018719
v -0.017849 0.239373 -0.316235
v 0.278738 0.693191 0.036332
v -0.021125 0.217939 -0.299766
v -0.024076 0.193905 -0.284928
v 0.273314 0.693191 0.091383
v -0.026630 0.167863 -0.272086
v 0.257251 0.693191 0.144318
v -0.028725 0.140454 -0.261557
v 0.231166 0.693191 0.193103
v 0.196062 0.693191 0.235864
v 0.153287 0.693191 0.270957
v -0.059335 0.112354 -0.262405
v 0.104486 0.693191 0.297033
v 0.051534 0.693191 0.313091
v -0.013437 0.283194 -0.373214
v -0.003535 0.693191 0.318513
v -0.020779 0.272407 -0.355486
v -0.058604 0.693191 0.313091
v -0.027992 0.257679 -0.338074
v -0.111557 0.693191 0.297033
v -0.034896 0.239373 -0.321406
v -0.160358 0.693191 0.270957
v -0.041322 0.217939 -0.305893
v -0.203133 0.693191 0.235864
v -0.047111 0.193905 -0.291915
v -0.238237 0.693191 0.193103
v -0.052122 0.167863 -0.279819
v -0.264322 0.693191 0.144318
v -0.056230 0.140454 -0.269900
v -0.280385 0.693191 0.091383
v -0.285808 0.693191 0.036332
v -0.086087 0.112354 -0.276704
v -0.280385 0.693191 -0.018719
v -0.019453 0.283194 -0.376429
v -0.264322 0.693191 -0.071654
v -0.030113 0.272407 -0.360475
v -0.238237 0.693191 -0.120439
v -0.203133 0.693191 -0.163200
v -0.040583 0.257679 -0.344805
v -0.050607 0.239373 -0.329804
v -0.160358 0.693191 -0.198293
v -0.059936 0.217939 -0.315842
v -0.111557 0.693191 -0.224369
v -0.068341 0.193905 -0.303263
v -0.058604 0.693191 -0.240427
v -0.075615 0.167863 -0.292376
v -0.238237 0.776818 -0.120439
v -0.081579 0.140454 -0.283450
v -0.203133 0.776818 -0.163200
v 0.257251 0.776818 0.144318
v -0.109535 0.112354 -0.295947
v 0.231166 0.776818 0.193103
v -0.160358 0.776818 0.270957
v -0.024726 0.283194 -0.380757
v -0.203133 0.776818 0.235864
v -0.038293 0.272407 -0.367189
v -0.280385 0.776818 0.091383
v -0.285808 0.776818 0.036332
v -0.051620 0.257679 -0.353862
v -0.064377 0.239373 -0.341105
v 0.257251 0.776818 -0.071654
v -0.076251 0.217939 -0.329231
v 0.273314 0.776818 -0.018719
v -0.086948 0.193905 -0.318534
v 0.051534 0.776818 0.313091
v -0.096207 0.167863 -0.309275
v -0.003535 0.776818 0.318513
v 0.051534 0.776818 -0.240427
v -0.103798 0.140454 -0.301684
v 0.104486 0.776818 -0.224369
v -0.128778 0.112354 -0.319395
v -0.160358 0.776818 -0.198293
v 0.196062 0.776818 0.235864
v -0.280385 0.776818 -0.018719
v 0.278738 0.776818 0.036332
v -0.045007 0.272407 -0.375370
v -0.058604 0.776818 0.313091
v -0.060678 0.257679 -0.364899
v 0.153287 0.776818 -0.198293
v -0.075678 0.239373 -0.354876
v -0.238237 0.776818 0.193103
v -0.089640 0.217939 -0.345547
v -0.111557 0.776818 -0.224369
v -0.102219 0.193905 -0.337142
v 0.153287 0.776818 0.270957
v -0.113106 0.167863 -0.329867
v -0.264322 0.776818 -0.071654
v -0.122032 0.140454 -0.323903
v 0.273314 0.776818 0.091383
v -0.111557 0.776818 0.297033
v -0.143077 0.112354 -0.346147
v 0.196062 0.776818 -0.163200
v -0.264322 0.776818 0.144318
v -0.058604 0.776818 -0.240427
v 0.231166 0.776818 -0.120439
v 0.104486 0.776818 0.297033
v -0.084076 0.239373 -0.370586
v -0.003535 0.776818 -0.245849
v -0.099590 0.217939 -0.364161
v -0.113567 0.193905 -0.358371
v -0.109535 0.119369 0.357354
v -0.125664 0.167863 -0.353360
v -0.096207 0.174879 0.370682
v -0.135582 0.140454 -0.349252
v -0.103798 0.147470 0.363091
v -0.086087 0.119369 0.338111
v -0.059936 0.224954 0.377249
v -0.068341 0.200920 0.364669
v -0.075615 0.174879 0.353783
v -0.081579 0.147470 0.344857
v -0.059335 0.119369 0.323811
v -0.034896 0.246388 0.382813
v -0.041322 0.224954 0.367299
v -0.047111 0.200920 0.353322
v -0.052122 0.174879 0.341225
v -0.056230 0.147470 0.331307
v -0.030308 0.119369 0.315006
v -0.017849 0.246388 0.377642
v -0.021125 0.224954 0.361173
v -0.024076 0.200920 0.346334
v -0.026630 0.174879 0.333493
v -0.028725 0.147470 0.322963
v -0.034733 0.024257 0.292757
v -0.000120 0.024257 0.289348
v 0.067776 0.024257 0.302853
v 0.098450 0.024257 0.319249
v 0.125335 0.024257 0.341313
v -0.125576 0.024257 0.341313
v -0.098690 0.024257 0.319249
v -0.068016 0.024257 0.302853
v 0.034493 0.024257 0.292757
v 0.071484 0.024257 0.379752
v 0.093619 0.181481 0.373030
v 0.082429 0.200920 0.376428
v 0.071484 0.216105 0.379752
v 0.097040 0.174879 0.371990
v 0.139843 0.024257 0.358991
v 0.116465 0.119369 0.366091
v 0.108104 0.147470 0.368630
v 0.035557 0.246388 0.383295
v 0.034409 0.247042 0.383408
v 0.016102 0.254222 0.385213
v 0.057073 0.230979 0.381173
v 0.063683 0.224954 0.380521
v -0.003535 0.024257 0.387150
v -0.003535 0.257466 0.387150
v -0.000120 0.257466 0.386813
v -0.056831 0.232086 0.381894
v -0.036861 0.246388 0.383864
v -0.034358 0.247813 0.384110
v -0.016206 0.254932 0.385900
v -0.078554 0.209189 0.379752
v -0.078554 0.024257 0.379752
v -0.064656 0.224954 0.381123
v -0.109707 0.147470 0.370291
v -0.098643 0.174879 0.373651
v -0.090880 0.189861 0.376009
v -0.084514 0.200920 0.377942
v -0.141446 0.024257 0.360651
v -0.118068 0.119369 0.367751
v 0.163795 0.017242 -0.337466
v 0.147400 0.017242 -0.306792
v 0.125335 0.017242 -0.279907
v 0.098450 0.017242 -0.257842
v 0.067776 0.017242 -0.241447
v 0.034493 0.017242 -0.231350
v -0.000120 0.017242 -0.227941
v -0.034733 0.017242 -0.231350
v -0.068016 0.017242 -0.241447
v -0.098690 0.017242 -0.257842
v -0.125576 0.017242 -0.279907
v -0.147640 0.017242 -0.306792
v -0.164036 0.017242 -0.337466
v -0.003535 0.017242 -0.382850
v -0.003535 0.287320 -0.382850
v -0.000120 0.287319 -0.382513
v 0.004516 0.287004 -0.382056
v 0.023756 0.283194 -0.380159
v 0.016224 0.285051 -0.380901
v 0.009747 0.286306 -0.381540
v 0.046146 0.272407 -0.377951
v 0.039996 0.275632 -0.378557
v 0.071484 0.017242 -0.375452
v 0.071484 0.252818 -0.375452
v 0.066349 0.257679 -0.375959
v 0.025228 0.282603 -0.380013
v 0.073751 0.250448 -0.374764
v 0.084145 0.239373 -0.371607
v 0.114541 0.193905 -0.362375
v 0.100135 0.217939 -0.366750
v 0.137232 0.140454 -0.355484
v 0.143620 0.017242 -0.353543
v 0.143620 0.117217 -0.353543
v 0.127009 0.167863 -0.358588
v 0.144877 0.112354 -0.352871
v 0.165173 0.017242 -0.342009
v -0.166368 0.017242 -0.345154
v -0.150691 0.017242 -0.353543
v -0.150691 0.090705 -0.353543
v -0.145774 0.112354 -0.355037
v -0.138048 0.140454 -0.357383
v -0.127826 0.167863 -0.360488
v -0.115358 0.193905 -0.364275
v -0.100951 0.217939 -0.368650
v -0.078554 0.017242 -0.375452
v -0.078554 0.246200 -0.375452
v -0.084962 0.239373 -0.373506
v -0.070384 0.254410 -0.376258
v -0.066931 0.257679 -0.376598
v -0.024722 0.283196 -0.380761
v -0.024728 0.283194 -0.380760
v -0.039054 0.276432 -0.379347
v -0.046729 0.272407 -0.378590
v -0.009697 0.286568 -0.382242
v -0.015983 0.285350 -0.381622
v -0.004619 0.287246 -0.382743
v -0.003535 0.003768 -0.382850
v 0.071484 0.003768 -0.375452
v 0.143620 0.003768 -0.353543
v 0.210101 0.003768 -0.317966
v 0.268373 0.003768 -0.270086
v 0.316195 0.003768 -0.211744
v 0.351730 0.003768 -0.145183
v 0.373612 0.003768 -0.072960
v 0.381001 0.003768 0.002150
v 0.373612 0.003768 0.077260
v 0.351730 0.003768 0.149483
v 0.316195 0.003768 0.216044
v 0.268373 0.003768 0.274386
v 0.210101 0.003768 0.322266
v 0.143620 0.003768 0.357843
v 0.071484 0.003768 0.379752
v -0.003535 0.003768 0.387150
v -0.078554 0.003768 0.379752
v -0.150691 0.003768 0.357843
v -0.217172 0.003768 0.322266
v -0.275443 0.003768 0.274386
v -0.323265 0.003768 0.216044
v -0.358800 0.003768 0.149483
v -0.380682 0.003768 0.077260
v -0.388071 0.003768 0.002150
v -0.380682 0.003768 -0.072960
v -0.358800 0.003768 -0.145183
v -0.323265 0.003768 -0.211744
v -0.275443 0.003768 -0.270086
v -0.217172 0.003768 -0.317966
v -0.150691 0.003768 -0.353543
v -0.078554 0.003768 -0.375452
vn -0.0981 -0.0000 0.9952
vn -0.2906 -0.0000 0.9568
vn -0.4718 -0.0000 0.8817
vn -0.6349 -0.0000 0.7726
vn -0.7734 -0.0000 0.6339
vn -0.8822 -0.0000 0.4710
vn -0.9570 -0.0000 0.2900
vn -0.9952 -0.0000 0.0979
vn -0.9952 -0.0000 -0.0979
vn -0.9570 -0.0000 -0.2900
vn -0.8822 -0.0000 -0.4710
vn -0.7734 -0.0000 -0.6339
vn -0.6349 -0.0000 -0.7726
vn -0.4718 -0.0000 -0.8817
vn -0.2906 -0.0000 -0.9568
vn -0.0981 -0.0000 -0.9952
vn 0.0981 -0.0000 -0.9952
vn 0.2906 -0.0000 -0.9568
vn 0.4718 -0.0000 -0.8817
vn 0.6349 -0.0000 -0.7726
vn 0.7734 -0.0000 -0.6339
vn 0.8822 -0.0000 -0.4710
vn 0.9570 -0.0000 -0.2900
vn 0.9952 -0.0000 -0.0979
vn 0.9952 -0.0000 0.0979
vn 0.9570 -0.0000 0.2900
vn 0.8822 -0.0000 0.4710
vn 0.7734 -0.0000 0.6339
vn 0.6349 -0.0000 0.7726
vn 0.4718 -0.0000 0.8817
vn 0.2906 -0.0000 0.9568
vn 0.0981 -0.0000 0.9952
vn -0.0000 -1.0000 -0.0000
vn -0.0970 -0.1445 0.9847
vn -0.2872 -0.1445 0.9469
vn -0.4664 -0.1445 0.8727
vn -0.6277 -0.1445 0.7649
vn -0.7649 -0.1445 0.6277
vn -0.8727 -0.1445 0.4664
vn -0.9469 -0.1445 0.2872
vn -0.9847 -0.1445 0.0970
vn -0.9847 -0.1445 -0.0970
vn -0.9469 -0.1445 -0.2872
vn -0.8727 -0.1445 -0.4664
vn -0.7649 -0.1445 -0.6277
vn -0.6277 -0.1445 -0.7649
vn -0.4664 -0.1445 -0.8727
vn -0.2872 -0.1445 -0.9469
vn -0.0970 -0.1445 -0.9847
vn 0.0970 -0.1445 -0.9847
vn 0.2872 -0.1445 -0.9469
vn 0.4664 -0.1445 -0.8727
vn 0.6277 -0.1445 -0.7649
vn 0.7649 -0.1445 -0.6277
vn 0.8727 -0.1445 -0.4664
vn 0.9469 -0.1445 -0.2872
vn 0.9847 -0.1445 -0.0970
vn 0.9847 -0.1445 0.0970
vn 0.9469 -0.1445 0.2872
vn 0.8727 -0.1445 0.4664
vn 0.7649 -0.1445 0.6277
vn 0.6277 -0.1445 0.7649
vn 0.4664 -0.1445 0.8727
vn -0.0000 1.0000 -0.0000
vn 0.2872 -0.1445 0.9469
vn 0.0970 -0.1445 0.9847
vn -0.0980 -0.0000 0.9952
vn -0.2902 -0.0000 0.9570
vn -0.4713 -0.0000 0.8820
vn -0.6343 -0.0000 0.7731
vn -0.7729 -0.0000 0.6345
vn -0.8819 -0.0000 0.4715
vn -0.9569 -0.0000 0.2904
vn -0.9952 -0.0000 0.0980
vn -0.9952 -0.0000 -0.0980
vn -0.9569 -0.0000 -0.2904
vn -0.8819 -0.0000 -0.4715
vn -0.7729 -0.0000 -0.6345
vn -0.6343 -0.0000 -0.7731
vn -0.4713 -0.0000 -0.8820
vn -0.2902 -0.0000 -0.9570
vn -0.0980 -0.0000 -0.9952
vn 0.0980 -0.0000 -0.9952
vn 0.2902 -0.0000 -0.9570
vn 0.4713 -0.0000 -0.8820
vn 0.6343 -0.0000 -0.7731
vn 0.7729 -0.0000 -0.6345
vn 0.8819 -0.0000 -0.4715
vn 0.9569 -0.0000 -0.2904
vn 0.9952 -0.0000 -0.0980
vn 0.9952 -0.0000 0.0980
vn 0.9569 -0.0000 0.2904
vn 0.8819 -0.0000 0.4715
vn 0.7729 -0.0000 0.6345
vn 0.6343 -0.0000 0.7731
vn 0.4713 -0.0000 0.8820
vn 0.2902 -0.0000 0.9570
vn 0.0980 -0.0000 0.9952
vn -0.0954 0.2309 -0.9683
vn 0.4587 0.2309 -0.8581
vn 0.6172 0.2309 -0.7521
vn 0.7521 0.2309 -0.6172
vn -0.7521 0.2309 -0.6172
vn -0.6172 0.2309 -0.7521
vn -0.4587 0.2309 -0.8581
vn -0.2824 0.2309 -0.9311
vn 0.0954 0.2309 -0.9683
vn 0.2824 0.2309 -0.9311
vn 0.0942 0.2762 -0.9565
vn 0.0913 0.3632 -0.9272
vn 0.0877 0.4475 -0.8900
vn 0.0831 0.5309 -0.8434
vn 0.0773 0.6149 -0.7848
vn 0.0700 0.7002 -0.7105
vn 0.2790 0.2762 -0.9197
vn 0.2705 0.3632 -0.8916
vn 0.2596 0.4475 -0.8558
vn 0.2460 0.5309 -0.8110
vn 0.2289 0.6149 -0.7547
vn 0.2072 0.7002 -0.6832
vn 0.4531 0.2762 -0.8476
vn 0.4392 0.3632 -0.8217
vn 0.4216 0.4475 -0.7887
vn 0.3995 0.5309 -0.7474
vn 0.3718 0.6149 -0.6955
vn 0.3366 0.7002 -0.6296
vn 0.6097 0.2762 -0.7429
vn 0.5911 0.3632 -0.7202
vn 0.5673 0.4475 -0.6913
vn 0.5376 0.5309 -0.6551
vn 0.5003 0.6149 -0.6096
vn 0.7430 0.2762 -0.6097
vn 0.7202 0.3632 -0.5911
vn 0.6913 0.4475 -0.5673
vn -0.7430 0.2762 -0.6097
vn -0.7202 0.3632 -0.5911
vn -0.6913 0.4475 -0.5673
vn -0.6097 0.2762 -0.7429
vn -0.5911 0.3632 -0.7202
vn -0.5673 0.4475 -0.6913
vn -0.5376 0.5309 -0.6551
vn -0.5003 0.6149 -0.6096
vn -0.4531 0.2762 -0.8476
vn -0.4392 0.3632 -0.8217
vn -0.4216 0.4475 -0.7887
vn -0.3995 0.5309 -0.7474
vn -0.3718 0.6149 -0.6955
vn -0.3366 0.7002 -0.6296
vn -0.2790 0.2762 -0.9197
vn -0.2705 0.3632 -0.8916
vn -0.2596 0.4475 -0.8558
vn -0.2460 0.5309 -0.8110
vn -0.2289 0.6149 -0.7547
vn -0.2072 0.7002 -0.6832
vn -0.0942 0.2762 -0.9565
vn -0.0913 0.3632 -0.9272
vn -0.0877 0.4475 -0.8900
vn -0.0831 0.5309 -0.8434
vn -0.0773 0.6149 -0.7848
vn -0.0700 0.7002 -0.7105
vn 0.9311 0.2309 0.2824
vn 0.8581 0.2309 0.4587
vn 0.7521 0.2309 0.6172
vn 0.6172 0.2309 0.7521
vn 0.4587 0.2309 0.8581
vn 0.2824 0.2309 0.9311
vn 0.0954 0.2309 0.9683
vn -0.0954 0.2309 0.9683
vn -0.2824 0.2309 0.9311
vn -0.4587 0.2309 0.8581
vn -0.6172 0.2309 0.7521
vn -0.7521 0.2309 0.6172
vn -0.8581 0.2309 0.4587
vn -0.9311 0.2309 0.2824
vn 0.9197 0.2762 0.2790
vn 0.8916 0.3632 0.2705
vn 0.8558 0.4475 0.2596
vn 0.8110 0.5309 0.2460
vn 0.7547 0.6149 0.2289
vn 0.6832 0.7002 0.2072
vn 0.8476 0.2762 0.4531
vn 0.8217 0.3632 0.4392
vn 0.7887 0.4475 0.4216
vn 0.7474 0.5309 0.3995
vn 0.6955 0.6149 0.3718
vn 0.6296 0.7002 0.3365
vn 0.5447 0.7865 0.2911
vn 0.4338 0.8707 0.2319
vn 0.7429 0.2762 0.6097
vn 0.7202 0.3632 0.5911
vn 0.6913 0.4475 0.5673
vn 0.6551 0.5309 0.5376
vn 0.6096 0.6149 0.5003
vn 0.5519 0.7002 0.4529
vn 0.4774 0.7865 0.3918
vn 0.3802 0.8707 0.3120
vn 0.6097 0.2762 0.7429
vn 0.5911 0.3632 0.7202
vn 0.5673 0.4475 0.6913
vn 0.5376 0.5309 0.6551
vn 0.5003 0.6149 0.6096
vn 0.4529 0.7002 0.5519
vn 0.3918 0.7865 0.4774
vn 0.3120 0.8707 0.3802
vn 0.2079 0.9447 0.2534
vn 0.4531 0.2762 0.8476
vn 0.4392 0.3632 0.8217
vn 0.4216 0.4475 0.7887
vn 0.3995 0.5309 0.7474
vn 0.3718 0.6149 0.6955
vn 0.3365 0.7002 0.6296
vn 0.2911 0.7865 0.5447
vn 0.2319 0.8707 0.4338
vn 0.1545 0.9447 0.2891
vn 0.2790 0.2762 0.9197
vn 0.2705 0.3632 0.8916
vn 0.2596 0.4475 0.8558
vn 0.2460 0.5309 0.8110
vn 0.2289 0.6149 0.7547
vn 0.2072 0.7002 0.6832
vn 0.1793 0.7865 0.5910
vn 0.1428 0.8707 0.4707
vn 0.0952 0.9447 0.3137
vn 0.0942 0.2762 0.9565
vn 0.0913 0.3632 0.9272
vn 0.0877 0.4475 0.8900
vn 0.0831 0.5309 0.8434
vn 0.0773 0.6149 0.7848
vn 0.0700 0.7002 0.7105
vn 0.0605 0.7865 0.6146
vn 0.0482 0.8707 0.4895
vn 0.0321 0.9447 0.3262
vn -0.0942 0.2762 0.9565
vn -0.0913 0.3632 0.9272
vn -0.0877 0.4475 0.8900
vn -0.0831 0.5309 0.8434
vn -0.0773 0.6149 0.7848
vn -0.0700 0.7002 0.7105
vn -0.0605 0.7865 0.6146
vn -0.0482 0.8707 0.4895
vn -0.0321 0.9447 0.3262
vn -0.2790 0.2762 0.9197
vn -0.2705 0.3632 0.8916
vn -0.2596 0.4475 0.8558
vn -0.2460 0.5309 0.8110
vn -0.2289 0.6149 0.7547
vn -0.2072 0.7002 0.6832
vn -0.1793 0.7865 0.5910
vn -0.1428 0.8707 0.4707
vn -0.0952 0.9447 0.3137
vn -0.4531 0.2762 0.8476
vn -0.4392 0.3632 0.8217
vn -0.4216 0.4475 0.7887
vn -0.3995 0.5309 0.7474
vn -0.3718 0.6149 0.6955
vn -0.3365 0.7002 0.6296
vn -0.2911 0.7865 0.5447
vn -0.2319 0.8707 0.4338
vn -0.1545 0.9447 0.2891
vn -0.6097 0.2762 0.7429
vn -0.5911 0.3632 0.7202
vn -0.5673 0.4475 0.6913
vn -0.5376 0.5309 0.6551
vn -0.5003 0.6149 0.6096
vn -0.4529 0.7002 0.5519
vn -0.3918 0.7865 0.4774
vn -0.3120 0.8707 0.3802
vn -0.2080 0.9447 0.2534
vn -0.7429 0.2762 0.6097
vn -0.7202 0.3632 0.5911
vn -0.6913 0.4475 0.5673
vn -0.6551 0.5309 0.5376
vn -0.6096 0.6149 0.5003
vn -0.5519 0.7002 0.4529
vn -0.4774 0.7865 0.3918
vn -0.3802 0.8707 0.3120
vn -0.2802 0.9353 0.2160
vn -0.8476 0.2762 0.4531
vn -0.8217 0.3632 0.4392
vn -0.7887 0.4475 0.4216
vn -0.7474 0.5309 0.3995
vn -0.6955 0.6149 0.3718
vn -0.6296 0.7002 0.3365
vn -0.5447 0.7865 0.2911
vn -0.4338 0.8707 0.2319
vn -0.9197 0.2762 0.2790
vn -0.8916 0.3632 0.2705
vn -0.8558 0.4475 0.2596
vn -0.8110 0.5309 0.2460
vn -0.7547 0.6149 0.2289
vn -0.6832 0.7002 0.2072
vn 0.6348 -0.0000 -0.7726
vn -0.6348 -0.0000 -0.7726
vt 1.000000 0.571163
vt 1.000000 0.568262
vt 0.998577 0.568262
vt 0.996646 0.568183
vt 0.994467 0.568008
vt 0.991769 0.567695
vt 0.988631 0.567230
vt 0.988018 0.567082
vt 0.981866 0.565340
vt 0.979305 0.564533
vt 0.970889 0.560852
vt 0.968750 0.559636
vt 0.968750 0.571163
vt 0.968750 0.500000
vt 0.968750 0.500742
vt 1.000000 0.500742
vt 1.000000 0.500000
vt 0.967768 0.559044
vt 0.963265 0.556275
vt 0.956338 0.550916
vt 0.950097 0.544908
vt 0.944696 0.538397
vt 0.940268 0.531545
vt 0.937500 0.525736
vt 0.937500 0.571163
vt 0.937500 0.500000
vt 0.937500 0.500742
vt 0.936909 0.524520
vt 0.927369 0.500742
vt 0.906250 0.500000
vt 0.906250 0.571163
vt 0.875000 0.500000
vt 0.875000 0.571163
vt 0.843750 0.571163
vt 0.843750 0.500000
vt 0.812500 0.571163
vt 0.812500 0.500000
vt 0.781250 0.571163
vt 0.781250 0.500000
vt 0.750000 0.571163
vt 0.750000 0.500000
vt 0.718750 0.571163
vt 0.718750 0.500000
vt 0.687500 0.571163
vt 0.687500 0.500000
vt 0.656250 0.571163
vt 0.656250 0.500000
vt 0.625000 0.571163
vt 0.625000 0.500000
vt 0.593750 0.571163
vt 0.593750 0.500000
vt 0.562500 0.571163
vt 0.562500 0.500000
vt 0.560863 0.502496
vt 0.550736 0.526274
vt 0.547114 0.533299
vt 0.542321 0.540151
vt 0.540839 0.541802
vt 0.535991 0.546662
vt 0.531250 0.550458
vt 0.531250 0.571163
vt 0.531250 0.500000
vt 0.531250 0.502496
vt 0.528000 0.552670
vt 0.525247 0.554177
vt 0.516284 0.558029
vt 0.515806 0.558192
vt 0.508180 0.559987
vt 0.501423 0.560798
vt 0.500000 0.560798
vt 0.500000 0.571163
vt 0.500000 0.502496
vt 0.500000 0.500000
vt 0.494722 0.560165
vt 0.487160 0.558385
vt 0.486118 0.558029
vt 0.477799 0.554453
vt 0.474539 0.552670
vt 0.468750 0.548729
vt 0.468750 0.571163
vt 0.468750 0.502496
vt 0.468750 0.500000
vt 0.466168 0.546662
vt 0.463410 0.543897
vt 0.460047 0.540151
vt 0.455255 0.533299
vt 0.451632 0.526274
vt 0.441505 0.502496
vt 0.437500 0.500000
vt 0.437500 0.571163
vt 0.406250 0.571163
vt 0.406250 0.500000
vt 0.375000 0.571163
vt 0.375000 0.500000
vt 0.343750 0.500000
vt 0.343750 0.571163
vt 0.312500 0.500000
vt 0.312500 0.571163
vt 0.281250 0.500000
vt 0.281250 0.571163
vt 0.250000 0.500000
vt 0.250000 0.571163
vt 0.218750 0.500000
vt 0.218750 0.571163
vt 0.187500 0.500000
vt 0.187500 0.571163
vt 0.156250 0.500000
vt 0.156250 0.571163
vt 0.125000 0.500000
vt 0.125000 0.571163
vt 0.093750 0.500000
vt 0.093750 0.571163
vt 0.062500 0.500000
vt 0.062500 0.500742
vt 0.069869 0.500742
vt 0.062500 0.519108
vt 0.062500 0.571163
vt 0.060370 0.524520
vt 0.057023 0.531545
vt 0.052595 0.538397
vt 0.047193 0.544908
vt 0.040953 0.550916
vt 0.034026 0.556275
vt 0.031250 0.557982
vt 0.031250 0.571163
vt 0.031250 0.500000
vt 0.031250 0.500742
vt 0.027847 0.560034
vt 0.026408 0.560851
vt 0.017993 0.564534
vt 0.014796 0.565540
vt 0.008828 0.567230
vt 0.008825 0.567231
vt 0.005185 0.567769
vt 0.002567 0.568074
vt 0.000452 0.568243
vt 0.000000 0.568262
vt 0.000000 0.571163
vt 0.000000 0.500742
vt 0.000000 0.500000
vt 0.565304 0.325372
vt 0.583555 0.359422
vt 0.608117 0.389268
vt 0.638046 0.413762
vt 0.672191 0.431963
vt 0.709241 0.443171
vt 0.747772 0.446955
vt 0.786303 0.443171
vt 0.823353 0.431963
vt 0.857498 0.413762
vt 0.887427 0.389268
vt 0.911989 0.359423
vt 0.930240 0.325371
vt 0.941479 0.288424
vt 0.945274 0.250000
vt 0.941479 0.211576
vt 0.930240 0.174628
vt 0.911989 0.140578
vt 0.887427 0.110732
vt 0.857498 0.086238
vt 0.823353 0.068037
vt 0.786303 0.056829
vt 0.747772 0.053045
vt 0.709241 0.056829
vt 0.672191 0.068037
vt 0.638046 0.086238
vt 0.608117 0.110732
vt 0.583555 0.140578
vt 0.565304 0.174628
vt 0.554065 0.211576
vt 0.550270 0.250000
vt 0.554065 0.288424
vt 0.296822 0.485388
vt 0.290961 0.455925
vt 0.250000 0.459959
vt 0.250000 0.490000
vt 0.341844 0.471731
vt 0.330348 0.443977
vt 0.383337 0.449553
vt 0.366647 0.424575
vt 0.419706 0.419706
vt 0.398464 0.398464
vt 0.424575 0.366647
vt 0.449553 0.383337
vt 0.443977 0.330348
vt 0.471731 0.341844
vt 0.455925 0.290961
vt 0.485388 0.296822
vt 0.459959 0.250000
vt 0.490000 0.250000
vt 0.455925 0.209039
vt 0.485388 0.203178
vt 0.443977 0.169652
vt 0.471731 0.158156
vt 0.424575 0.133353
vt 0.449553 0.116663
vt 0.398464 0.101536
vt 0.419706 0.080294
vt 0.366647 0.075425
vt 0.383337 0.050447
vt 0.330348 0.056023
vt 0.341844 0.028269
vt 0.290961 0.044075
vt 0.296822 0.014612
vt 0.250000 0.040041
vt 0.250000 0.010000
vt 0.209039 0.044075
vt 0.203178 0.014612
vt 0.169652 0.056023
vt 0.158156 0.028269
vt 0.133353 0.075425
vt 0.116663 0.050447
vt 0.101536 0.101536
vt 0.080294 0.080294
vt 0.050447 0.116663
vt 0.075425 0.133353
vt 0.028269 0.158156
vt 0.056023 0.169652
vt 0.014612 0.203178
vt 0.044075 0.209039
vt 0.010000 0.250000
vt 0.040041 0.250000
vt 0.014612 0.296822
vt 0.044075 0.290961
vt 0.028269 0.341844
vt 0.056023 0.330348
vt 0.050447 0.383337
vt 0.075425 0.366647
vt 0.080294 0.419706
vt 0.101536 0.398464
vt 0.133353 0.424575
vt 0.116663 0.449553
vt 0.158156 0.471731
vt 0.169652 0.443977
vt 0.703178 0.485388
vt 0.658156 0.471731
vt 0.616663 0.449553
vt 0.580294 0.419706
vt 0.550447 0.383337
vt 0.528269 0.341844
vt 0.514612 0.296822
vt 0.510000 0.250000
vt 0.514612 0.203178
vt 0.528269 0.158156
vt 0.550447 0.116663
vt 0.580294 0.080294
vt 0.616663 0.050447
vt 0.658156 0.028269
vt 0.703178 0.014612
vt 0.750000 0.010000
vt 0.796822 0.014612
vt 0.841844 0.028269
vt 0.883337 0.050447
vt 0.919706 0.080294
vt 0.949553 0.116663
vt 0.971731 0.158156
vt 0.985388 0.203178
vt 0.990000 0.250000
vt 0.985388 0.296822
vt 0.971731 0.341844
vt 0.949553 0.383337
vt 0.919706 0.419706
vt 0.883337 0.449553
vt 0.841844 0.471731
vt 0.796822 0.485388
vt 0.750000 0.490000
vt 0.203178 0.485388
vt 0.209039 0.455925
vt 0.190689 0.593629
vt 0.194580 0.586350
vt 0.199816 0.579971
vt 0.206195 0.574735
vt 0.213474 0.570844
vt 0.221372 0.568448
vt 0.229586 0.567639
vt 0.237799 0.568448
vt 0.245697 0.570844
vt 0.252976 0.574735
vt 0.259356 0.579971
vt 0.264592 0.586350
vt 0.268482 0.593629
vt 0.270878 0.601527
vt 0.271687 0.609741
vt 0.270878 0.617954
vt 0.268482 0.625852
vt 0.264592 0.633131
vt 0.259356 0.639511
vt 0.252976 0.644746
vt 0.245697 0.648637
vt 0.237799 0.651033
vt 0.229586 0.651842
vt 0.221372 0.651033
vt 0.213474 0.648637
vt 0.206195 0.644746
vt 0.199816 0.639511
vt 0.194580 0.633131
vt 0.190689 0.625852
vt 0.188293 0.617954
vt 0.187484 0.609740
vt 0.188293 0.601527
vt 0.285284 0.629273
vt 0.284606 0.636154
vt 0.282598 0.642771
vt 0.279338 0.648869
vt 0.274950 0.654214
vt 0.269603 0.658601
vt 0.263503 0.661860
vt 0.256884 0.663868
vt 0.250000 0.664545
vt 0.243116 0.663868
vt 0.236497 0.661860
vt 0.230397 0.658601
vt 0.225050 0.654214
vt 0.220662 0.648869
vt 0.217402 0.642771
vt 0.215394 0.636154
vt 0.214716 0.629273
vt 0.215394 0.622391
vt 0.217402 0.615775
vt 0.220662 0.609676
vt 0.225050 0.604331
vt 0.230397 0.599945
vt 0.236497 0.596685
vt 0.243116 0.594678
vt 0.250000 0.594000
vt 0.256884 0.594678
vt 0.263503 0.596685
vt 0.269603 0.599945
vt 0.274950 0.604331
vt 0.279338 0.609676
vt 0.282598 0.615775
vt 0.284606 0.622391
vt 0.031250 0.931314
vt 0.031250 0.955092
vt 0.000000 0.955092
vt 0.000000 0.931314
vt 0.937500 0.955092
vt 0.906250 0.955092
vt 0.906250 0.931314
vt 0.937500 0.931314
vt 0.875000 0.955092
vt 0.875000 0.931314
vt 0.863356 0.955092
vt 0.854453 0.931314
vt 0.147477 0.931314
vt 0.138857 0.955092
vt 0.125000 0.955092
vt 0.125000 0.931314
vt 0.093750 0.955092
vt 0.093750 0.931314
vt 0.062500 0.955092
vt 0.062500 0.931314
vt 1.000000 0.931314
vt 1.000000 0.955092
vt 0.968750 0.955092
vt 0.968750 0.931314
vt 0.999872 0.962324
vt 0.968878 0.962324
vt 0.999467 0.969791
vt 0.969283 0.969791
vt 0.998751 0.977310
vt 0.969999 0.977310
vt 0.997693 0.984694
vt 0.971057 0.984694
vt 0.997065 1.000000
vt 0.971685 1.000000
vt 0.254398 0.489567
vt 0.251737 0.439130
vt 0.287312 0.450474
vt 0.292424 0.485822
vt 0.968622 0.962324
vt 0.937628 0.962324
vt 0.968217 0.969791
vt 0.938033 0.969791
vt 0.967501 0.977310
vt 0.938749 0.977310
vt 0.966443 0.984694
vt 0.939807 0.984694
vt 0.940435 1.000000
vt 0.965815 1.000000
vt 0.292247 0.449493
vt 0.336621 0.470204
vt 0.337615 0.473014
vt 0.301050 0.484106
vt 0.937372 0.962324
vt 0.906378 0.962324
vt 0.936967 0.969791
vt 0.906783 0.969791
vt 0.907499 0.977310
vt 0.936251 0.977310
vt 0.935193 0.984694
vt 0.908557 0.984694
vt 0.933108 1.000000
vt 0.908733 0.988997
vt 0.934565 1.000000
vt 0.347676 0.468614
vt 0.345741 0.469648
vt 0.344457 0.466958
vt 0.875128 0.962324
vt 0.906122 0.962324
vt 0.875533 0.969791
vt 0.905717 0.969791
vt 0.875714 0.971697
vt 0.905001 0.977310
vt 0.882862 0.977310
vt 0.890420 0.981975
vt 0.903943 0.984694
vt 0.897433 0.984694
vt 0.903767 0.988997
vt 0.867145 0.962324
vt 0.874872 0.962324
vt 0.872549 0.969791
vt 0.874467 0.969791
vt 0.874286 0.971697
vt 0.135171 0.962324
vt 0.125128 0.962324
vt 0.129885 0.969791
vt 0.125533 0.969791
vt 0.125945 0.974117
vt 0.124872 0.962324
vt 0.093878 0.962324
vt 0.124467 0.969791
vt 0.094283 0.969791
vt 0.119989 0.977310
vt 0.094999 0.977310
vt 0.124055 0.974117
vt 0.115981 0.979850
vt 0.103764 0.984694
vt 0.096057 0.984694
vt 0.096266 0.989787
vt 0.093622 0.962324
vt 0.062628 0.962324
vt 0.093217 0.969791
vt 0.063033 0.969791
vt 0.092501 0.977310
vt 0.063749 0.977310
vt 0.091443 0.984694
vt 0.064807 0.984694
vt 0.091234 0.989787
vt 0.068610 1.000000
vt 0.065435 1.000000
vt 0.150043 0.467394
vt 0.157058 0.463785
vt 0.154259 0.469648
vt 0.062372 0.962324
vt 0.031378 0.962324
vt 0.061967 0.969791
vt 0.031783 0.969791
vt 0.061251 0.977310
vt 0.032499 0.977310
vt 0.060193 0.984694
vt 0.033557 0.984694
vt 0.059565 1.000000
vt 0.034185 1.000000
vt 0.162385 0.473014
vt 0.164551 0.466889
vt 0.208552 0.446352
vt 0.198950 0.484106
vt 0.031122 0.962324
vt 0.000128 0.962324
vt 0.030717 0.969791
vt 0.000533 0.969791
vt 0.030001 0.977310
vt 0.001249 0.977310
vt 0.028943 0.984694
vt 0.002307 0.984694
vt 0.028315 1.000000
vt 0.002935 1.000000
vt 0.213152 0.447267
vt 0.240939 0.438406
vt 0.248263 0.439129
vt 0.245602 0.489567
vt 0.207576 0.485822
vt 0.732505 0.571717
vt 0.741049 0.572665
vt 0.750427 0.573003
vt 0.759804 0.572665
vt 0.767666 0.571793
vt 0.765682 0.570909
vt 0.762321 0.569902
vt 0.758487 0.569153
vt 0.754327 0.568692
vt 0.750000 0.568536
vt 0.745673 0.568692
vt 0.741513 0.569153
vt 0.737679 0.569902
vt 0.734318 0.570909
vt 0.687500 0.931314
vt 0.691766 0.931314
vt 0.694739 0.955092
vt 0.687500 0.955092
vt 0.656250 0.955092
vt 0.656250 0.931314
vt 0.625000 0.955092
vt 0.625000 0.931314
vt 0.593750 0.955092
vt 0.593750 0.931314
vt 0.562500 0.955092
vt 0.562500 0.931314
vt 0.531250 0.955092
vt 0.531250 0.931314
vt 0.500000 0.955092
vt 0.500000 0.931314
vt 0.468750 0.955092
vt 0.468750 0.931314
vt 0.437500 0.955092
vt 0.437500 0.931314
vt 0.406250 0.955092
vt 0.406250 0.931314
vt 0.375000 0.955092
vt 0.375000 0.931314
vt 0.343750 0.955092
vt 0.343750 0.931314
vt 0.312500 0.955092
vt 0.312500 0.931314
vt 0.302751 0.949680
vt 0.305282 0.931314
vt 0.302930 0.955092
vt 0.694981 0.956344
vt 0.694650 0.962324
vt 0.687628 0.962324
vt 0.694223 0.969791
vt 0.688033 0.969791
vt 0.693747 0.977310
vt 0.688749 0.977310
vt 0.693222 0.984694
vt 0.689807 0.984694
vt 0.691954 1.000000
vt 0.690435 1.000000
vt 0.473014 0.162385
vt 0.473678 0.164573
vt 0.425406 0.179225
vt 0.687372 0.962324
vt 0.656378 0.962324
vt 0.686967 0.969791
vt 0.656783 0.969791
vt 0.657499 0.977310
vt 0.686251 0.977310
vt 0.685193 0.984694
vt 0.658557 0.984694
vt 0.684565 1.000000
vt 0.659185 1.000000
vt 0.424077 0.176015
vt 0.414093 0.180229
vt 0.392570 0.186932
vt 0.379891 0.163210
vt 0.451636 0.120560
vt 0.469648 0.154259
vt 0.349238 0.191205
vt 0.346279 0.185668
vt 0.336047 0.192506
vt 0.656122 0.962324
vt 0.625128 0.962324
vt 0.655717 0.969791
vt 0.625533 0.969791
vt 0.655001 0.977310
vt 0.626249 0.977310
vt 0.653943 0.984694
vt 0.627307 0.984694
vt 0.653315 1.000000
vt 0.627935 1.000000
vt 0.422509 0.083710
vt 0.446749 0.113247
vt 0.360463 0.139537
vt 0.331879 0.168121
vt 0.304371 0.195629
vt 0.624872 0.962324
vt 0.593878 0.962324
vt 0.624467 0.969791
vt 0.594283 0.969791
vt 0.623751 0.977310
vt 0.594999 0.977310
vt 0.622693 0.984694
vt 0.596057 0.984694
vt 0.622065 1.000000
vt 0.596685 1.000000
vt 0.386753 0.053251
vt 0.416290 0.077491
vt 0.336790 0.120109
vt 0.314332 0.153721
vt 0.301214 0.195940
vt 0.291466 0.187941
vt 0.285057 0.197534
vt 0.593622 0.962324
vt 0.562628 0.962324
vt 0.593217 0.969791
vt 0.563033 0.969791
vt 0.592501 0.977310
vt 0.563749 0.977310
vt 0.591443 0.984694
vt 0.564807 0.984694
vt 0.590815 1.000000
vt 0.565435 1.000000
vt 0.345741 0.030352
vt 0.379440 0.048364
vt 0.309782 0.105673
vt 0.294312 0.143021
vt 0.278563 0.181044
vt 0.271165 0.198904
vt 0.562372 0.962324
vt 0.531378 0.962324
vt 0.561967 0.969791
vt 0.531783 0.969791
vt 0.561251 0.977310
vt 0.532499 0.977310
vt 0.560193 0.984694
vt 0.533557 0.984694
vt 0.559565 1.000000
vt 0.534185 1.000000
vt 0.301050 0.015894
vt 0.337615 0.026986
vt 0.280477 0.096783
vt 0.272590 0.136431
vt 0.264561 0.176797
vt 0.259944 0.200010
vt 0.531122 0.962324
vt 0.500128 0.962324
vt 0.530717 0.969791
vt 0.500533 0.969791
vt 0.530001 0.977310
vt 0.501249 0.977310
vt 0.528943 0.984694
vt 0.502307 0.984694
vt 0.528315 1.000000
vt 0.502935 1.000000
vt 0.254398 0.010433
vt 0.292424 0.014178
vt 0.250000 0.093782
vt 0.250000 0.134206
vt 0.250000 0.175363
vt 0.250000 0.200991
vt 0.499872 0.962324
vt 0.468878 0.962324
vt 0.499467 0.969791
vt 0.469283 0.969791
vt 0.498751 0.977310
vt 0.469999 0.977310
vt 0.497693 0.984694
vt 0.471057 0.984694
vt 0.497065 1.000000
vt 0.471685 1.000000
vt 0.207576 0.014178
vt 0.245602 0.010433
vt 0.219523 0.096783
vt 0.227410 0.136431
vt 0.235439 0.176797
vt 0.242675 0.201713
vt 0.240350 0.201484
vt 0.468622 0.962324
vt 0.437628 0.962324
vt 0.468217 0.969791
vt 0.438033 0.969791
vt 0.467501 0.977310
vt 0.438749 0.977310
vt 0.466443 0.984694
vt 0.439807 0.984694
vt 0.465815 1.000000
vt 0.440435 1.000000
vt 0.162385 0.026986
vt 0.198950 0.015894
vt 0.190218 0.105673
vt 0.205688 0.143021
vt 0.221437 0.181044
vt 0.229459 0.200410
vt 0.437372 0.962324
vt 0.406378 0.962324
vt 0.436967 0.969791
vt 0.406783 0.969791
vt 0.436251 0.977310
vt 0.407499 0.977310
vt 0.435193 0.984694
vt 0.408557 0.984694
vt 0.434565 1.000000
vt 0.409185 1.000000
vt 0.120560 0.048364
vt 0.154259 0.030352
vt 0.163210 0.120109
vt 0.185668 0.153721
vt 0.208534 0.187941
vt 0.215977 0.199080
vt 0.406122 0.962324
vt 0.375128 0.962324
vt 0.405717 0.969791
vt 0.375533 0.969791
vt 0.405001 0.977310
vt 0.376249 0.977310
vt 0.403943 0.984694
vt 0.377307 0.984694
vt 0.403315 1.000000
vt 0.377935 1.000000
vt 0.083710 0.077491
vt 0.113247 0.053251
vt 0.139537 0.139537
vt 0.168121 0.168121
vt 0.197223 0.197223
vt 0.197232 0.197232
vt 0.374872 0.962324
vt 0.343878 0.962324
vt 0.374467 0.969791
vt 0.344283 0.969791
vt 0.373751 0.977310
vt 0.344999 0.977310
vt 0.372693 0.984694
vt 0.346057 0.984694
vt 0.346685 1.000000
vt 0.372065 1.000000
vt 0.053251 0.113247
vt 0.077491 0.083710
vt 0.120109 0.163210
vt 0.153721 0.185668
vt 0.197218 0.197230
vt 0.166490 0.194200
vt 0.343622 0.962324
vt 0.312628 0.962324
vt 0.343217 0.969791
vt 0.313033 0.969791
vt 0.342501 0.977310
vt 0.313749 0.977310
vt 0.314807 0.984694
vt 0.341443 0.984694
vt 0.315435 1.000000
vt 0.340815 1.000000
vt 0.106696 0.188304
vt 0.092225 0.183797
vt 0.030352 0.154259
vt 0.048364 0.120560
vt 0.150028 0.192577
vt 0.312372 0.962324
vt 0.303210 0.962324
vt 0.311967 0.969791
vt 0.303528 0.969791
vt 0.311251 0.977310
vt 0.303882 0.977310
vt 0.310193 0.984694
vt 0.304273 0.984694
vt 0.305218 1.000000
vt 0.309565 1.000000
vt 0.091623 0.185248
vt 0.054842 0.177679
vt 0.025086 0.168647
vt 0.026986 0.162385
vt 0.770781 0.579388
vt 0.768821 0.579005
vt 0.759804 0.578005
vt 0.750427 0.577667
vt 0.741050 0.578005
vt 0.732033 0.579005
vt 0.729338 0.579532
vt 0.729511 0.579739
vt 0.731560 0.581140
vt 0.734318 0.582368
vt 0.737679 0.583376
vt 0.741513 0.584124
vt 0.745673 0.584585
vt 0.750000 0.584741
vt 0.754327 0.584585
vt 0.758487 0.584124
vt 0.762321 0.583376
vt 0.765682 0.582368
vt 0.768440 0.581140
vt 0.770489 0.579739
s 0
f 2730/2367/1047 3110/2368/1047 3111/2369/1047 3112/2370/1047 3115/2371/1047 3114/2372/1047 3113/2373/1047 3121/2374/1047 3117/2375/1047 3116/2376/1047 3120/2377/1047 3119/2378/1047 2731/2379/1047
f 2681/2380/1047 3118/2381/1047 3109/2382/1047 2680/2383/1047
f 2731/2379/1048 3119/2378/1048 3122/2384/1048 3123/2385/1048 3125/2386/1048 3124/2387/1048 3129/2388/1048 3126/2389/1048 3128/2390/1048 2732/2391/1048
f 2683/2392/1048 3127/2393/1048 3118/2381/1048 2681/2380/1048
f 2732/2391/1049 3128/2390/1049 3130/2394/1049 3131/2395/1049 3127/2393/1049 2683/2392/1049 2684/2396/1049 2734/2397/1049
f 2685/2398/1050 2735/2399/1050 2734/2397/1050 2684/2396/1050
f 2736/2400/1051 2735/2399/1051 2685/2398/1051 2686/2401/1051
f 2737/2402/1052 2736/2400/1052 2686/2401/1052 2687/2403/1052
f 2738/2404/1053 2737/2402/1053 2687/2403/1053 2690/2405/1053
f 2739/2406/1054 2738/2404/1054 2690/2405/1054 2691/2407/1054
f 2741/2408/1055 2739/2406/1055 2691/2407/1055 2693/2409/1055
f 2743/2410/1056 2741/2408/1056 2693/2409/1056 2696/2411/1056
f 2746/2412/1057 2743/2410/1057 2696/2411/1057 2697/2413/1057
f 2747/2414/1058 2746/2412/1058 2697/2413/1058 2699/2415/1058
f 2748/2416/1059 2747/2414/1059 2699/2415/1059 2700/2417/1059
f 2750/2418/1060 2748/2416/1060 2700/2417/1060 2701/2419/1060
f 3072/2420/1061 3073/2421/1061 3074/2422/1061 3071/2423/1061 3068/2424/1061 3069/2425/1061 3070/2426/1061 2751/2427/1061 2750/2418/1061 2701/2419/1061 2702/2428/1061 3067/2429/1061
f 3079/2430/1062 3078/2431/1062 3075/2432/1062 3076/2433/1062 3077/2434/1062 3082/2435/1062 3081/2436/1062 2752/2437/1062 2751/2427/1062 3070/2426/1062
f 3080/2438/1062 3067/2429/1062 2702/2428/1062 2703/2439/1062
f 3086/2440/1063 3085/2441/1063 3084/2442/1063 3083/2443/1063 3089/2444/1063 3087/2445/1063 2753/2446/1063 2752/2437/1063 3081/2436/1063
f 3088/2447/1063 3080/2438/1063 2703/2439/1063 2704/2448/1063
f 3093/2449/1064 3092/2450/1064 3091/2451/1064 3090/2452/1064 3095/2453/1064 3094/2454/1064 3088/2447/1064 2704/2448/1064 2707/2455/1064 2754/2456/1064 2753/2446/1064 3087/2445/1064
f 2755/2457/1065 2754/2456/1065 2707/2455/1065 2708/2458/1065
f 2756/2459/1066 2755/2457/1066 2708/2458/1066 2710/2460/1066
f 2712/2461/1067 2757/2462/1067 2756/2459/1067 2710/2460/1067
f 2714/2463/1068 2760/2464/1068 2757/2462/1068 2712/2461/1068
f 2716/2465/1069 2761/2466/1069 2760/2464/1069 2714/2463/1069
f 2717/2467/1070 2762/2468/1070 2761/2466/1070 2716/2465/1070
f 2718/2469/1071 2763/2470/1071 2762/2468/1071 2717/2467/1071
f 2719/2471/1072 2764/2472/1072 2763/2470/1072 2718/2469/1072
f 2720/2473/1073 2765/2474/1073 2764/2472/1073 2719/2471/1073
f 2722/2475/1074 2766/2476/1074 2765/2474/1074 2720/2473/1074
f 2724/2477/1075 2767/2478/1075 2766/2476/1075 2722/2475/1075
f 2726/2479/1076 3133/2480/1076 3132/2481/1076 3134/2482/1076 2768/2483/1076 2767/2478/1076 2724/2477/1076
f 3135/2484/1077 3136/2485/1077 3137/2486/1077 3138/2487/1077 3139/2488/1077 3142/2489/1077 3141/2490/1077 2769/2491/1077 2768/2483/1077 3134/2482/1077
f 2728/2492/1077 3140/2493/1077 3133/2480/1077 2726/2479/1077
f 2769/2491/1078 3141/2490/1078 3143/2494/1078 3144/2495/1078 3148/2496/1078 3147/2497/1078 3146/2498/1078 3145/2499/1078 3150/2500/1078 3149/2501/1078 3151/2502/1078 3110/2503/1078 2730/2504/1078
f 3109/2505/1078 3140/2493/1078 2728/2492/1078 2680/2506/1078
f 2710/2460/1067 3172/2460/1067 3173/2461/1067 2712/2461/1067
f 2764/2507/1079 2765/2508/1079 2766/2509/1079 2767/2510/1079 2768/2511/1079 2769/2512/1079 2730/2513/1079 2731/2514/1079 2732/2515/1079 2734/2516/1079 2735/2517/1079 2736/2518/1079 2737/2519/1079 2738/2520/1079 2739/2521/1079 2741/2522/1079 2743/2523/1079 2746/2524/1079 2747/2525/1079 2748/2526/1079 2750/2527/1079 2751/2528/1079 2752/2529/1079 2753/2530/1079 2754/2531/1079 2755/2532/1079 2756/2533/1079 2757/2534/1079 2760/2535/1079 2761/2536/1079 2762/2537/1079 2763/2538/1079
f 2771/2539/1080 2808/2540/1080 2810/2541/1080 2770/2542/1080
f 2772/2543/1081 2811/2544/1081 2808/2540/1081 2771/2539/1081
f 2773/2545/1082 2812/2546/1082 2811/2544/1082 2772/2543/1082
f 2774/2547/1083 2814/2548/1083 2812/2546/1083 2773/2545/1083
f 2817/2549/1084 2814/2548/1084 2774/2547/1084 2775/2550/1084
f 2819/2551/1085 2817/2549/1085 2775/2550/1085 2776/2552/1085
f 2821/2553/1086 2819/2551/1086 2776/2552/1086 2777/2554/1086
f 2823/2555/1087 2821/2553/1087 2777/2554/1087 2778/2556/1087
f 2824/2557/1088 2823/2555/1088 2778/2556/1088 2779/2558/1088
f 2826/2559/1089 2824/2557/1089 2779/2558/1089 2780/2560/1089
f 2827/2561/1090 2826/2559/1090 2780/2560/1090 2781/2562/1090
f 2829/2563/1091 2827/2561/1091 2781/2562/1091 2782/2564/1091
f 2830/2565/1092 2829/2563/1092 2782/2564/1092 2783/2566/1092
f 2831/2567/1093 2830/2565/1093 2783/2566/1093 2784/2568/1093
f 2833/2569/1094 2831/2567/1094 2784/2568/1094 2785/2570/1094
f 2835/2571/1095 2833/2569/1095 2785/2570/1095 2786/2572/1095
f 2838/2573/1096 2835/2571/1096 2786/2572/1096 2787/2574/1096
f 2840/2575/1097 2838/2573/1097 2787/2574/1097 2788/2576/1097
f 2842/2577/1098 2840/2575/1098 2788/2576/1098 2789/2578/1098
f 2844/2579/1099 2842/2577/1099 2789/2578/1099 2790/2580/1099
f 2844/2579/1100 2790/2580/1100 2792/2581/1100 2845/2582/1100
f 2845/2582/1101 2792/2581/1101 2793/2583/1101 2846/2584/1101
f 2846/2584/1102 2793/2583/1102 2794/2585/1102 2848/2586/1102
f 2795/2587/1103 2849/2588/1103 2848/2586/1103 2794/2585/1103
f 2796/2589/1104 2852/2590/1104 2849/2588/1104 2795/2587/1104
f 2798/2591/1105 2853/2592/1105 2852/2590/1105 2796/2589/1105
f 2800/2593/1106 2855/2594/1106 2853/2592/1106 2798/2591/1106
f 2801/2595/1107 2857/2596/1107 2855/2594/1107 2800/2593/1107
f 2860/2597/1108 2857/2596/1108 2801/2595/1108 2803/2598/1108
f 2860/2597/1109 2803/2598/1109 2805/2599/1109 2862/2600/1109
f 2807/2601/1110 2805/2602/1110 2803/2603/1110 2801/2604/1110 2800/2605/1110 2798/2606/1110 2796/2607/1110 2795/2608/1110 2794/2609/1110 2793/2610/1110 2792/2611/1110 2790/2612/1110 2789/2613/1110 2788/2614/1110 2787/2615/1110 2786/2616/1110 2785/2617/1110 2784/2618/1110 2783/2619/1110 2782/2620/1110 2781/2621/1110 2780/2622/1110 2779/2623/1110 2778/2624/1110 2777/2625/1110 2776/2626/1110 2775/2627/1110 2774/2628/1110 2773/2629/1110 2772/2630/1110 2771/2631/1110 2770/2632/1110
f 2862/2600/1111 2805/2599/1111 2807/2633/1111 2864/2634/1111
f 2770/2542/1112 2810/2541/1112 2864/2634/1112 2807/2633/1112
f 2853/2635/1079 2855/2636/1079 2857/2637/1079 2860/2638/1079 2862/2639/1079 2864/2640/1079 2810/2641/1079 2808/2642/1079 2811/2643/1079 2812/2644/1079 2814/2645/1079 2817/2646/1079 2819/2647/1079 2821/2648/1079 2823/2649/1079 2824/2650/1079 2826/2651/1079 2827/2652/1079 2829/2653/1079 2830/2654/1079 2831/2655/1079 2833/2656/1079 2835/2657/1079 2838/2658/1079 2840/2659/1079 2842/2660/1079 2844/2661/1079 2845/2662/1079 2846/2663/1079 2848/2664/1079 2849/2665/1079 2852/2666/1079
f 2867/2380/1113 2925/2379/1113 2924/2367/1113 2865/2383/1113
f 2868/2392/1114 2926/2391/1114 2925/2379/1114 2867/2380/1114
f 2869/2396/1115 2928/2397/1115 2926/2391/1115 2868/2392/1115
f 2871/2398/1116 2929/2399/1116 2928/2397/1116 2869/2396/1116
f 2931/2400/1117 2929/2399/1117 2871/2398/1117 2874/2401/1117
f 2933/2402/1118 2931/2400/1118 2874/2401/1118 2876/2403/1118
f 2935/2404/1119 2933/2402/1119 2876/2403/1119 2878/2405/1119
f 2937/2406/1120 2935/2404/1120 2878/2405/1120 2880/2407/1120
f 2940/2408/1121 2937/2406/1121 2880/2407/1121 2882/2409/1121
f 2942/2410/1122 2940/2408/1122 2882/2409/1122 2884/2411/1122
f 2944/2412/1123 2942/2410/1123 2884/2411/1123 2885/2413/1123
f 2945/2414/1124 2944/2412/1124 2885/2413/1124 2887/2415/1124
f 2946/2416/1125 2945/2414/1125 2887/2415/1125 2888/2417/1125
f 2948/2418/1126 2946/2416/1126 2888/2417/1126 2890/2419/1126
f 2949/2427/1127 2948/2418/1127 2890/2419/1127 2892/2428/1127
f 2951/2437/1128 2949/2427/1128 2892/2428/1128 2894/2439/1128
f 2953/2446/1129 2951/2437/1129 2894/2439/1129 2896/2448/1129
f 2955/2456/1130 2953/2446/1130 2896/2448/1130 2898/2455/1130
f 2957/2457/1131 2955/2456/1131 2898/2455/1131 2900/2458/1131
f 2959/2459/1132 2957/2457/1132 2900/2458/1132 2902/2460/1132
f 2903/2461/1133 2961/2462/1133 2959/2459/1133 2902/2460/1133
f 2905/2463/1134 2963/2464/1134 2961/2462/1134 2903/2461/1134
f 2907/2465/1135 2965/2466/1135 2963/2464/1135 2905/2463/1135
f 2908/2467/1136 2966/2468/1136 2965/2466/1136 2907/2465/1136
f 2910/2469/1137 2968/2470/1137 2966/2468/1137 2908/2467/1137
f 2912/2471/1138 2970/2472/1138 2968/2470/1138 2910/2469/1138
f 2914/2473/1139 2972/2474/1139 2970/2472/1139 2912/2471/1139
f 2916/2475/1140 2973/2476/1140 2972/2474/1140 2914/2473/1140
f 2917/2477/1141 2976/2478/1141 2973/2476/1141 2916/2475/1141
f 2920/2479/1142 2978/2483/1142 2976/2478/1142 2917/2477/1142
f 2922/2492/1143 2980/2491/1143 2978/2483/1143 2920/2479/1143
f 2865/2506/1144 2924/2504/1144 2980/2491/1144 2922/2492/1144
f 2912/2606/1110 2910/2607/1110 2908/2608/1110 2907/2609/1110 2905/2610/1110 2903/2611/1110 2902/2612/1110 2900/2613/1110 2898/2614/1110 2896/2615/1110 2894/2616/1110 2892/2617/1110 2890/2618/1110 2888/2619/1110 2887/2620/1110 2885/2621/1110 2884/2622/1110 2882/2623/1110 2880/2624/1110 2878/2625/1110 2876/2626/1110 2874/2627/1110 2871/2628/1110 2869/2629/1110 2868/2630/1110 2867/2631/1110 2865/2632/1110 2922/2601/1110 2920/2602/1110 2917/2603/1110 2916/2604/1110 2914/2605/1110
f 2973/2476/1140 2984/2476/1140 2982/2474/1140 2972/2474/1140
f 2987/2412/1123 2985/2410/1123 2942/2410/1123 2944/2412/1123
f 2990/2459/1132 2988/2457/1132 2957/2457/1132 2959/2459/1132
f 2966/2468/1136 2993/2468/1136 2992/2466/1136 2965/2466/1136
f 2998/2404/1119 2996/2402/1119 2933/2402/1119 2935/2404/1119
f 3002/2437/1128 3000/2427/1128 2949/2427/1128 2951/2437/1128
f 2926/2391/1114 3005/2391/1114 3003/2379/1114 2925/2379/1114
f 2976/2478/1141 3007/2478/1141 2984/2476/1141 2973/2476/1141
f 3008/2414/1124 2987/2412/1124 2944/2412/1124 2945/2414/1124
f 2968/2470/1137 3009/2470/1137 2993/2468/1137 2966/2468/1137
f 3010/2406/1120 2998/2404/1120 2935/2404/1120 2937/2406/1120
f 3012/2446/1129 3002/2437/1129 2951/2437/1129 2953/2446/1129
f 2928/2397/1115 3014/2397/1115 3005/2391/1115 2926/2391/1115
f 2961/2462/1133 3016/2462/1133 2990/2459/1133 2959/2459/1133
f 2978/2483/1142 3018/2483/1142 3007/2478/1142 2976/2478/1142
f 3020/2416/1125 3008/2414/1125 2945/2414/1125 2946/2416/1125
f 2970/2472/1138 3022/2472/1138 3009/2470/1138 2968/2470/1138
f 3024/2408/1121 3010/2406/1121 2937/2406/1121 2940/2408/1121
f 3025/2456/1130 3012/2446/1130 2953/2446/1130 2955/2456/1130
f 2929/2399/1116 3027/2399/1116 3014/2397/1116 2928/2397/1116
f 2963/2464/1134 3028/2464/1134 3016/2462/1134 2961/2462/1134
f 2980/2491/1143 3029/2491/1143 3018/2483/1143 2978/2483/1143
f 3030/2400/1117 3027/2399/1117 2929/2399/1117 2931/2400/1117
f 3031/2418/1126 3020/2416/1126 2946/2416/1126 2948/2418/1126
f 2972/2474/1139 2982/2474/1139 3022/2472/1139 2970/2472/1139
f 2924/2504/1144 3033/2504/1144 3029/2491/1144 2980/2491/1144
f 2985/2410/1122 3024/2408/1122 2940/2408/1122 2942/2410/1122
f 2988/2457/1131 3025/2456/1131 2955/2456/1131 2957/2457/1131
f 2965/2466/1135 2992/2466/1135 3028/2464/1135 2963/2464/1135
f 2996/2402/1118 3030/2400/1118 2931/2400/1118 2933/2402/1118
f 3000/2427/1127 3031/2418/1127 2948/2418/1127 2949/2427/1127
f 2925/2379/1113 3003/2379/1113 3033/2367/1113 2924/2367/1113
f 3010/2667/1079 3024/2668/1079 2985/2669/1079 2987/2670/1079 3008/2671/1079 3020/2672/1079 3031/2673/1079 3000/2674/1079 3002/2675/1079 3012/2676/1079 3025/2677/1079 2988/2678/1079 2990/2679/1079 3016/2680/1079 3028/2681/1079 2992/2682/1079 2993/2683/1079 3009/2684/1079 3022/2685/1079 2982/2686/1079 2984/2687/1079 3007/2688/1079 3018/2689/1079 3029/2690/1079 3033/2691/1079 3003/2692/1079 3005/2693/1079 3014/2694/1079 3027/2695/1079 3030/2696/1079 2996/2697/1079 2998/2698/1079
f 3058/2699/1145 3052/2700/1145 2682/2701/1145 3059/2702/1145
f 2715/2703/1146 2733/2704/1146 3061/2705/1146 3060/2706/1146
f 2733/2704/1147 2749/2707/1147 3062/2708/1147 3061/2705/1147
f 3073/2709/1148 3072/2710/1148 3062/2708/1148 2749/2707/1148
f 3094/2711/1149 3095/2712/1149 3036/2713/1149 3063/2714/1149
f 3063/2714/1150 3036/2713/1150 3041/2715/1150 3064/2716/1150
f 3064/2716/1151 3041/2715/1151 3046/2717/1151 3065/2718/1151
f 3065/2718/1152 3046/2717/1152 3052/2700/1152 3058/2699/1152
f 3059/2719/1153 2682/2720/1153 2698/2721/1153 3066/2722/1153
f 2698/2721/1154 2715/2703/1154 3060/2706/1154 3066/2722/1154
f 2698/2721/1155 2682/2720/1155 2695/2723/1155 2713/2724/1155
f 2713/2724/1156 2695/2723/1156 2694/2725/1156 2711/2726/1156
f 2711/2726/1157 2694/2725/1157 2692/2727/1157 2709/2728/1157
f 2709/2728/1158 2692/2727/1158 2689/2729/1158 2706/2730/1158
f 2706/2730/1159 2689/2729/1159 2688/2731/1159 2705/2732/1159
f 2688/2733/1160 3082/2734/1160 3077/2735/1160 2705/2736/1160
f 2715/2703/1161 2698/2721/1161 2713/2737/1161 2729/2738/1161
f 2729/2738/1162 2713/2737/1162 2711/2739/1162 2727/2740/1162
f 2727/2740/1163 2711/2739/1163 2709/2741/1163 2725/2742/1163
f 2725/2742/1164 2709/2741/1164 2706/2743/1164 2723/2744/1164
f 2721/2745/1165 2723/2744/1165 2706/2743/1165 2705/2746/1165
f 3077/2747/1166 3076/2748/1166 2721/2749/1166 2705/2750/1166
f 2733/2704/1167 2715/2703/1167 2729/2751/1167 2745/2752/1167
f 2745/2752/1168 2729/2751/1168 2727/2753/1168 2744/2754/1168
f 2742/2755/1169 2744/2754/1169 2727/2753/1169 2725/2756/1169
f 2742/2755/1170 2725/2756/1170 2723/2757/1170 2740/2758/1170
f 3075/2759/1171 3078/2760/1171 2740/2758/1171 2723/2757/1171 2721/2761/1171
f 3075/2762/1172 2721/2763/1172 3076/2764/1172
f 2759/2765/1173 2749/2707/1173 2733/2704/1173 2745/2766/1173
f 2758/2767/1174 2759/2765/1174 2745/2766/1174 2744/2768/1174
f 3068/2769/1175 2758/2767/1175 2744/2768/1175 2742/2770/1175 3069/2771/1175
f 3070/2772/1176 3069/2771/1176 2742/2770/1176 2740/2773/1176 3079/2774/1176
f 3079/2774/1177 2740/2773/1177 3078/2775/1177
f 3074/2776/1178 3073/2709/1178 2749/2707/1178 2759/2777/1178
f 3071/2778/1179 3074/2776/1179 2759/2777/1179 2758/2779/1179
f 3068/2780/1180 3071/2778/1180 2758/2779/1180
f 3095/2712/1181 3090/2781/1181 3040/2782/1181 3036/2713/1181
f 3090/2781/1182 3091/2783/1182 3038/2784/1182 3040/2782/1182
f 3091/2783/1183 3092/2785/1183 3038/2784/1183
f 3040/2786/1184 3045/2787/1184 3041/2715/1184 3036/2713/1184
f 3038/2788/1185 3044/2789/1185 3045/2787/1185 3040/2786/1185
f 3093/2790/1186 3043/2791/1186 3044/2789/1186 3038/2788/1186 3092/2792/1186
f 3093/2790/1187 3087/2793/1187 3089/2794/1187 3042/2795/1187 3043/2791/1187
f 3089/2794/1188 3083/2796/1188 3042/2795/1188
f 3046/2717/1189 3041/2715/1189 3045/2797/1189 3051/2798/1189
f 3051/2798/1190 3045/2797/1190 3044/2799/1190 3050/2800/1190
f 3050/2800/1191 3044/2799/1191 3043/2801/1191 3049/2802/1191
f 3049/2802/1192 3043/2801/1192 3042/2803/1192 3048/2804/1192
f 3083/2805/1193 3084/2806/1193 3047/2807/1193 3048/2804/1193 3042/2803/1193
f 3084/2808/1194 3085/2809/1194 3047/2810/1194
f 3052/2700/1195 3046/2717/1195 3051/2811/1195 3057/2812/1195
f 3057/2812/1196 3051/2811/1196 3050/2813/1196 3056/2814/1196
f 3056/2814/1197 3050/2813/1197 3049/2815/1197 3055/2816/1197
f 3055/2816/1198 3049/2815/1198 3048/2817/1198 3054/2818/1198
f 3047/2819/1199 3053/2820/1199 3054/2818/1199 3048/2817/1199
f 3047/2821/1200 3085/2822/1200 3086/2823/1200 3053/2824/1200
f 2682/2701/1201 3052/2700/1201 3057/2825/1201 2695/2826/1201
f 2695/2826/1202 3057/2825/1202 3056/2827/1202 2694/2828/1202
f 2694/2828/1203 3056/2827/1203 3055/2829/1203 2692/2830/1203
f 2692/2830/1204 3055/2829/1204 3054/2831/1204 2689/2832/1204
f 2689/2832/1205 3054/2831/1205 3053/2833/1205 2688/2834/1205
f 3086/2835/1206 3081/2836/1206 3082/2837/1206 2688/2838/1206 3053/2839/1206
f 3072/2840/1079 3067/2841/1079 3080/2842/1079 3088/2843/1079 3094/2844/1079 3063/2845/1079 3064/2846/1079 3065/2847/1079 3058/2848/1079 3059/2849/1079 3066/2850/1079 3060/2851/1079 3061/2852/1079 3062/2853/1079
f 3096/2854/1207 3131/2855/1207 3130/2856/1207 2791/2857/1207
f 2809/2858/1208 3097/2859/1208 3096/2854/1208 2791/2857/1208
f 2828/2860/1209 3098/2861/1209 3097/2859/1209 2809/2858/1209
f 3098/2861/1210 2828/2860/1210 2847/2862/1210 3099/2863/1210
f 3099/2863/1211 2847/2862/1211 2866/2864/1211 3100/2865/1211
f 3100/2865/1212 2866/2864/1212 2886/2866/1212 3101/2867/1212
f 3101/2867/1213 2886/2866/1213 2906/2868/1213 3102/2869/1213
f 3102/2869/1214 2906/2868/1214 2927/2870/1214 3103/2871/1214
f 2947/2872/1215 3104/2873/1215 3103/2871/1215 2927/2870/1215
f 2967/2874/1216 3105/2875/1216 3104/2873/1216 2947/2872/1216
f 2986/2876/1217 3106/2877/1217 3105/2875/1217 2967/2874/1217
f 3106/2877/1218 2986/2876/1218 3006/2878/1218 3107/2879/1218
f 3107/2879/1219 3006/2878/1219 3026/2880/1219 3108/2881/1219
f 3134/2882/1220 3132/2883/1220 3108/2881/1220 3026/2880/1220 3135/2884/1220
f 2791/2857/1221 3130/2856/1221 3128/2885/1221 3126/2886/1221 2806/2887/1221
f 2806/2887/1222 3126/2886/1222 3129/2888/1222 2804/2889/1222
f 2804/2889/1223 3129/2888/1223 3124/2890/1223 2802/2891/1223
f 2802/2891/1224 3124/2890/1224 3125/2892/1224 2799/2893/1224
f 2799/2893/1225 3125/2892/1225 3123/2894/1225 2797/2895/1225
f 2797/2896/1226 3123/2897/1226 3122/2898/1226
f 2809/2858/1227 2791/2857/1227 2806/2899/1227 2825/2900/1227
f 2825/2900/1228 2806/2899/1228 2804/2901/1228 2822/2902/1228
f 2820/2903/1229 2822/2902/1229 2804/2901/1229 2802/2904/1229
f 2799/2905/1230 2818/2906/1230 2820/2903/1230 2802/2904/1230
f 2797/2907/1231 2816/2908/1231 2818/2906/1231 2799/2905/1231
f 3122/2909/1232 3119/2910/1232 3120/2911/1232 2815/2912/1232 2816/2913/1232 2797/2914/1232
f 2815/2912/1233 3120/2911/1233 3116/2915/1233 2813/2916/1233
f 2813/2916/1234 3116/2915/1234 3117/2917/1234
f 2828/2860/1235 2809/2858/1235 2825/2918/1235 2843/2919/1235
f 2843/2919/1236 2825/2918/1236 2822/2920/1236 2841/2921/1236
f 2841/2921/1237 2822/2920/1237 2820/2922/1237 2839/2923/1237
f 2839/2923/1238 2820/2922/1238 2818/2924/1238 2837/2925/1238
f 2816/2926/1239 2836/2927/1239 2837/2925/1239 2818/2924/1239
f 2836/2928/1240 2816/2929/1240 2815/2912/1240 2834/2930/1240
f 2834/2930/1241 2815/2912/1241 2813/2916/1241 2832/2931/1241
f 3117/2917/1242 3121/2932/1242 2832/2931/1242 2813/2916/1242
f 2847/2862/1243 2828/2860/1243 2843/2933/1243 2863/2934/1243
f 2863/2934/1244 2843/2933/1244 2841/2935/1244 2861/2936/1244
f 2861/2936/1245 2841/2935/1245 2839/2937/1245 2859/2938/1245
f 2859/2938/1246 2839/2937/1246 2837/2939/1246 2858/2940/1246
f 2858/2940/1247 2837/2939/1247 2836/2941/1247 2856/2942/1247
f 2856/2943/1248 2836/2944/1248 2834/2930/1248 2854/2945/1248
f 2854/2945/1249 2834/2930/1249 2832/2931/1249 2851/2946/1249
f 3121/2932/1250 3113/2947/1250 2850/2948/1250 2851/2946/1250 2832/2931/1250
f 2850/2948/1251 3113/2947/1251 3114/2949/1251
f 2866/2864/1252 2847/2862/1252 2863/2950/1252 2883/2951/1252
f 2883/2951/1253 2863/2950/1253 2861/2952/1253 2881/2953/1253
f 2881/2953/1254 2861/2952/1254 2859/2954/1254 2879/2955/1254
f 2879/2955/1255 2859/2954/1255 2858/2956/1255 2877/2957/1255
f 2877/2957/1256 2858/2956/1256 2856/2958/1256 2875/2959/1256
f 2875/2960/1257 2856/2961/1257 2854/2945/1257 2873/2962/1257
f 2873/2962/1258 2854/2945/1258 2851/2946/1258 2872/2963/1258
f 2850/2948/1259 2870/2964/1259 2872/2963/1259 2851/2946/1259
f 3114/2949/1260 3115/2965/1260 2870/2964/1260 2850/2948/1260
f 2886/2866/1261 2866/2864/1261 2883/2966/1261 2904/2967/1261
f 2904/2967/1262 2883/2966/1262 2881/2968/1262 2901/2969/1262
f 2901/2969/1263 2881/2968/1263 2879/2970/1263 2899/2971/1263
f 2899/2971/1264 2879/2970/1264 2877/2972/1264 2897/2973/1264
f 2897/2973/1265 2877/2972/1265 2875/2974/1265 2895/2975/1265
f 2895/2976/1266 2875/2977/1266 2873/2962/1266 2893/2978/1266
f 2893/2978/1267 2873/2962/1267 2872/2963/1267 2891/2979/1267
f 2891/2979/1268 2872/2963/1268 2870/2964/1268 2889/2980/1268
f 3115/2965/1269 3112/2981/1269 2889/2980/1269 2870/2964/1269
f 2906/2868/1270 2886/2866/1270 2904/2982/1270 2923/2983/1270
f 2923/2983/1271 2904/2982/1271 2901/2984/1271 2921/2985/1271
f 2921/2985/1272 2901/2984/1272 2899/2986/1272 2919/2987/1272
f 2919/2987/1273 2899/2986/1273 2897/2988/1273 2918/2989/1273
f 2918/2989/1274 2897/2988/1274 2895/2990/1274 2915/2991/1274
f 2915/2992/1275 2895/2993/1275 2893/2978/1275 2913/2994/1275
f 2913/2994/1276 2893/2978/1276 2891/2979/1276 2911/2995/1276
f 2911/2995/1277 2891/2979/1277 2889/2980/1277 2909/2996/1277
f 2889/2980/1278 3112/2981/1278 3111/2997/1278 2909/2996/1278
f 2927/2870/1279 2906/2868/1279 2923/2998/1279 2943/2999/1279
f 2943/2999/1280 2923/2998/1280 2921/3000/1280 2941/3001/1280
f 2941/3001/1281 2921/3000/1281 2919/3002/1281 2939/3003/1281
f 2939/3003/1282 2919/3002/1282 2918/3004/1282 2938/3005/1282
f 2938/3005/1283 2918/3004/1283 2915/3006/1283 2936/3007/1283
f 2936/3008/1284 2915/3009/1284 2913/2994/1284 2934/3010/1284
f 2934/3010/1285 2913/2994/1285 2911/2995/1285 2932/3011/1285
f 2932/3011/1286 2911/2995/1286 2909/2996/1286 2930/3012/1286
f 2909/2996/1287 3111/2997/1287 3110/3013/1287 3151/3014/1287 2930/3012/1287
f 2947/2872/1288 2927/2870/1288 2943/3015/1288 2964/3016/1288
f 2964/3016/1289 2943/3015/1289 2941/3017/1289 2962/3018/1289
f 2962/3018/1290 2941/3017/1290 2939/3019/1290 2960/3020/1290
f 2960/3020/1291 2939/3019/1291 2938/3021/1291 2958/3022/1291
f 2958/3022/1292 2938/3021/1292 2936/3023/1292 2956/3024/1292
f 2956/3025/1293 2936/3026/1293 2934/3010/1293 2954/3027/1293
f 2954/3027/1294 2934/3010/1294 2932/3011/1294 2952/3028/1294
f 2952/3028/1295 2932/3011/1295 2930/3012/1295 2950/3029/1295
f 2930/3012/1296 3151/3014/1296 3149/3030/1296 2950/3029/1296
f 2967/2874/1297 2947/2872/1297 2964/3031/1297 2983/3032/1297
f 2983/3032/1298 2964/3031/1298 2962/3033/1298 2981/3034/1298
f 2981/3034/1299 2962/3033/1299 2960/3035/1299 2979/3036/1299
f 2979/3036/1300 2960/3035/1300 2958/3037/1300 2977/3038/1300
f 2977/3038/1301 2958/3037/1301 2956/3039/1301 2975/3040/1301
f 2975/3041/1302 2956/3042/1302 2954/3027/1302 2974/3043/1302
f 2974/3043/1303 2954/3027/1303 2952/3028/1303 2971/3044/1303
f 2969/3045/1304 2971/3044/1304 2952/3028/1304 2950/3029/1304
f 2950/3029/1305 3149/3030/1305 3150/3046/1305 2969/3045/1305
f 2986/2876/1306 2967/2874/1306 2983/3047/1306 3004/3048/1306
f 3004/3048/1307 2983/3047/1307 2981/3049/1307 3001/3050/1307
f 3001/3050/1308 2981/3049/1308 2979/3051/1308 2999/3052/1308
f 2999/3052/1309 2979/3051/1309 2977/3053/1309 2997/3054/1309
f 2997/3054/1310 2977/3053/1310 2975/3055/1310 2995/3056/1310
f 2995/3057/1311 2975/3058/1311 2974/3043/1311 2994/3059/1311
f 2994/3059/1312 2974/3043/1312 2971/3044/1312 2991/3060/1312
f 2989/3061/1313 2991/3060/1313 2971/3044/1313 2969/3045/1313
f 2969/3045/1314 3150/3046/1314 3145/3062/1314 2989/3061/1314
f 3006/2878/1315 2986/2876/1315 3004/3063/1315 3023/3064/1315
f 3023/3064/1316 3004/3063/1316 3001/3065/1316 3021/3066/1316
f 3021/3066/1317 3001/3065/1317 2999/3067/1317 3019/3068/1317
f 3019/3068/1318 2999/3067/1318 2997/3069/1318 3017/3070/1318
f 3015/3071/1319 3017/3070/1319 2997/3069/1319 2995/3072/1319
f 3015/3073/1320 2995/3074/1320 2994/3059/1320 3013/3075/1320
f 3013/3075/1321 2994/3059/1321 2991/3060/1321 3011/3076/1321
f 2989/3061/1322 3146/3077/1322 3147/3078/1322 3011/3076/1322 2991/3060/1322
f 2989/3061/1323 3145/3062/1323 3146/3077/1323
f 3026/2880/1324 3006/2878/1324 3023/3079/1324 3039/3080/1324
f 3039/3080/1325 3023/3079/1325 3021/3081/1325 3037/3082/1325
f 3019/3083/1326 3035/3084/1326 3037/3082/1326 3021/3081/1326
f 3034/3085/1327 3035/3084/1327 3019/3083/1327 3017/3086/1327
f 3032/3087/1328 3034/3085/1328 3017/3086/1328 3015/3088/1328
f 3013/3075/1329 3144/3089/1329 3143/3090/1329 3032/3091/1329 3015/3092/1329
f 3011/3076/1330 3148/3093/1330 3144/3089/1330 3013/3075/1330
f 3011/3076/1331 3147/3078/1331 3148/3093/1331
f 3039/3094/1332 3136/3095/1332 3135/2884/1332 3026/2880/1332
f 3037/3096/1333 3137/3097/1333 3136/3095/1333 3039/3094/1333
f 3035/3098/1334 3138/3099/1334 3137/3097/1334 3037/3096/1334
f 3034/3100/1335 3139/3101/1335 3138/3099/1335 3035/3098/1335
f 3142/3102/1336 3139/3101/1336 3034/3100/1336 3032/3103/1336
f 3143/3104/1337 3141/3105/1337 3142/3106/1337 3032/3107/1337
f 3132/3108/1079 3133/3109/1079 3140/3110/1079 3109/3111/1079 3118/3112/1079 3127/3113/1079 3131/3114/1079 3096/3115/1079 3097/3116/1079 3098/3117/1079 3099/3118/1079 3100/3119/1079 3101/3120/1079 3102/3121/1079 3103/3122/1079 3104/3123/1079 3105/3124/1079 3106/3125/1079 3107/3126/1079 3108/3127/1079
f 3182/2602/1110 3181/2603/1110 3180/2604/1110 3179/2605/1110 3178/2606/1110 3177/2607/1110 3176/2608/1110 3175/2609/1110 3174/2610/1110 3173/2611/1110 3172/2612/1110 3171/2613/1110 3170/2614/1110 3169/2615/1110 3168/2616/1110 3167/2617/1110 3166/2618/1110 3165/2619/1110 3164/2620/1110 3163/2621/1110 3162/2622/1110 3161/2623/1110 3160/2624/1110 3159/2625/1110 3158/2626/1110 3157/2627/1110 3156/2628/1110 3155/2629/1110 3154/2630/1110 3153/2631/1110 3152/2632/1110 3183/2601/1110
f 2691/2407/1055 3160/2407/1055 3161/2409/1055 2693/2409/1055
f 2724/2477/1076 3181/2477/1076 3182/2479/1076 2726/2479/1076
f 2704/2448/1064 3169/2448/1064 3170/2455/1064 2707/2455/1064
f 2685/2398/1051 3156/2398/1051 3157/2401/1051 2686/2401/1051
f 2718/2469/1072 3177/2469/1072 3178/2471/1072 2719/2471/1072
f 2700/2417/1060 3165/2417/1060 3166/2419/1060 2701/2419/1060
f 2726/2479/1077 3182/2479/1077 3183/2492/1077 2728/2492/1077
f 2681/2380/1048 3153/2380/1048 3154/2392/1048 2683/2392/1048
f 2680/2383/1047 3152/2383/1047 3153/2380/1047 2681/2380/1047
f 2728/2492/1078 3183/2492/1078 3152/2506/1078 2680/2506/1078
f 2712/2461/1068 3173/2461/1068 3174/2463/1068 2714/2463/1068
f 2693/2409/1056 3161/2409/1056 3162/2411/1056 2696/2411/1056
f 2686/2401/1052 3157/2401/1052 3158/2403/1052 2687/2403/1052
f 2719/2471/1073 3178/2471/1073 3179/2473/1073 2720/2473/1073
f 2701/2419/1061 3166/2419/1061 3167/2428/1061 2702/2428/1061
f 2683/2392/1049 3154/2392/1049 3155/2396/1049 2684/2396/1049
f 2714/2463/1069 3174/2463/1069 3175/2465/1069 2716/2465/1069
f 2696/2411/1057 3162/2411/1057 3163/2413/1057 2697/2413/1057
f 2687/2403/1053 3158/2403/1053 3159/2405/1053 2690/2405/1053
f 2720/2473/1074 3179/2473/1074 3180/2475/1074 2722/2475/1074
f 2707/2455/1065 3170/2455/1065 3171/2458/1065 2708/2458/1065
f 2703/2439/1063 3168/2439/1063 3169/2448/1063 2704/2448/1063
f 2716/2465/1070 3175/2465/1070 3176/2467/1070 2717/2467/1070
f 2697/2413/1058 3163/2413/1058 3164/2415/1058 2699/2415/1058
f 2690/2405/1054 3159/2405/1054 3160/2407/1054 2691/2407/1054
f 2722/2475/1075 3180/2475/1075 3181/2477/1075 2724/2477/1075
f 2684/2396/1050 3155/2396/1050 3156/2398/1050 2685/2398/1050
f 2702/2428/1062 3167/2428/1062 3168/2439/1062 2703/2439/1062
f 2708/2458/1338 3171/2458/1338 3172/2460/1338 2710/2460/1338
f 2717/2467/1071 3176/2467/1071 3177/2469/1071 2718/2469/1071
f 2699/2415/1339 3164/2415/1339 3165/2417/1339 2700/2417/1339
o XO2
v -0.349089 1.185220 0.220480
v -0.349089 1.158412 0.223120
v -0.349089 1.132635 0.230939
v -0.349089 1.108878 0.243638
v -0.349089 1.088055 0.260727
v -0.349089 1.070966 0.281549
v -0.349089 1.058268 0.305306
v -0.349089 1.050448 0.331084
v -0.349089 1.047808 0.357891
v -0.349089 1.050448 0.384699
v -0.349089 1.058268 0.410477
v -0.349089 1.070966 0.434234
v -0.349089 1.088055 0.455056
v -0.349089 1.108878 0.472145
v -0.349089 1.132635 0.484844
v -0.349089 1.158412 0.492663
v -0.349089 1.185220 0.495304
v -0.349089 1.212028 0.492663
v -0.349089 1.237805 0.484844
v -0.349089 1.261562 0.472145
v -0.349089 1.282385 0.455056
v -0.349089 1.299474 0.434234
v -0.349089 1.312172 0.410477
v -0.349089 1.319991 0.384699
v -0.349089 1.322632 0.357891
v -0.349089 1.319991 0.331084
v -0.349089 1.312172 0.305306
v -0.349089 1.299474 0.281549
v -0.349089 1.282385 0.260727
v -0.349089 1.261562 0.243638
v -0.349089 1.237805 0.230939
v -0.349089 1.212028 0.223120
v -0.513721 1.189704 0.203681
v -0.333568 1.189704 0.089647
v -0.513721 1.159223 0.206683
v -0.333568 1.136976 0.094840
v -0.513721 1.129913 0.215574
v -0.333568 1.086274 0.110220
v -0.513721 1.102901 0.230012
v -0.333568 1.039547 0.135197
v -0.513721 1.079224 0.249443
v -0.333568 0.998590 0.168809
v -0.513721 1.059794 0.273119
v -0.333568 0.964978 0.209766
v -0.513721 1.045355 0.300132
v -0.333568 0.940002 0.256493
v -0.513721 1.036464 0.329442
v -0.333568 0.924622 0.307195
v -0.513721 1.033462 0.359923
v -0.333568 0.919428 0.359923
v -0.513721 1.036464 0.390404
v -0.333568 0.924622 0.412651
v -0.513721 1.045355 0.419714
v -0.333568 0.940002 0.463353
v -0.513721 1.059794 0.446726
v -0.333568 0.964978 0.510080
v -0.513721 1.079224 0.470403
v -0.333568 0.998590 0.551037
v -0.513721 1.102901 0.489833
v -0.333568 1.039547 0.584649
v -0.513721 1.129913 0.504272
v -0.333568 1.086274 0.609625
v -0.513721 1.159223 0.513163
v -0.333568 1.136976 0.625006
v -0.513721 1.189704 0.516165
v -0.333568 1.189704 0.630199
v -0.513721 1.220186 0.513163
v -0.333568 1.242432 0.625006
v -0.513721 1.249496 0.504272
v -0.333568 1.293134 0.609625
v -0.513721 1.276508 0.489833
v -0.333568 1.339862 0.584649
v -0.513721 1.300184 0.470403
v -0.333568 1.380818 0.551037
v -0.513721 1.319615 0.446726
v -0.333568 1.414431 0.510080
v -0.513721 1.334053 0.419714
v -0.333568 1.439407 0.463353
v -0.513721 1.342944 0.390404
v -0.333568 1.454787 0.412651
v -0.513721 1.345946 0.359923
v -0.333568 1.459980 0.359923
v -0.513721 1.342944 0.329442
v -0.333568 1.454787 0.307195
v -0.513721 1.334053 0.300132
v -0.333568 1.439407 0.256493
v -0.513721 1.319615 0.273119
v -0.333568 1.414431 0.209766
v -0.513721 1.300184 0.249443
v -0.333568 1.380818 0.168809
v -0.513721 1.276508 0.230012
v -0.333568 1.339862 0.135197
v -0.513721 1.249496 0.215574
v -0.333568 1.293134 0.110220
v -0.513721 1.220186 0.206683
v -0.333568 1.242432 0.094840
v -0.412961 1.189704 0.089647
v -0.412961 1.136976 0.094840
v -0.412961 1.086274 0.110220
v -0.412961 1.039547 0.135197
v -0.412961 0.998590 0.168809
v -0.412961 0.964978 0.209766
v -0.412961 0.940002 0.256493
v -0.412961 0.924622 0.307195
v -0.412961 0.919428 0.359923
v -0.412961 0.924622 0.412651
v -0.412961 0.940002 0.463353
v -0.412961 0.964978 0.510080
v -0.412961 0.998590 0.551037
v -0.412961 1.039547 0.584649
v -0.412961 1.086274 0.609625
v -0.412961 1.136976 0.625006
v -0.412961 1.189704 0.630199
v -0.412961 1.242432 0.625006
v -0.412961 1.293134 0.609625
v -0.412961 1.339862 0.584649
v -0.412961 1.380818 0.551037
v -0.412961 1.414431 0.510080
v -0.412961 1.439407 0.463353
v -0.412961 1.454787 0.412651
v -0.412961 1.459980 0.359923
v -0.412961 1.454787 0.307195
v -0.412961 1.439407 0.256493
v -0.412961 1.414431 0.209766
v -0.412961 1.380818 0.168809
v -0.412961 1.339862 0.135197
v -0.412961 1.293134 0.110220
v -0.412961 1.242432 0.094840
v -0.412961 1.189704 0.089647
v -0.412961 1.136976 0.094840
v -0.412961 1.086274 0.110220
v -0.412961 1.039547 0.135197
v -0.412961 0.998590 0.168809
v -0.412961 0.964978 0.209766
v -0.412961 0.940002 0.256493
v -0.412961 0.924622 0.307195
v -0.412961 0.919428 0.359923
v -0.412961 0.924622 0.412651
v -0.412961 0.940002 0.463353
v -0.412961 0.964978 0.510080
v -0.412961 0.998590 0.551037
v -0.412961 1.039547 0.584649
v -0.412961 1.086274 0.609625
v -0.412961 1.136976 0.625006
v -0.412961 1.189704 0.630199
v -0.412961 1.242432 0.625006
v -0.412961 1.293134 0.609625
v -0.412961 1.339862 0.584649
v -0.412961 1.380818 0.551037
v -0.412961 1.414431 0.510080
v -0.412961 1.439407 0.463353
v -0.412961 1.454787 0.412651
v -0.412961 1.459980 0.359923
v -0.412961 1.454787 0.307195
v -0.412961 1.439407 0.256493
v -0.412961 1.414431 0.209766
v -0.412961 1.380818 0.168809
v -0.412961 1.339862 0.135197
v -0.412961 1.293134 0.110220
v -0.412961 1.242432 0.094840
v -0.435038 1.189704 0.103474
v -0.435038 1.139673 0.108401
v -0.435038 1.091565 0.122995
v -0.435038 1.047229 0.146693
v -0.435038 1.008367 0.178586
v -0.435038 0.976474 0.217447
v -0.435038 0.952776 0.261784
v -0.435038 0.938183 0.309892
v -0.435038 0.933255 0.359923
v -0.435038 0.938183 0.409954
v -0.435038 0.952776 0.458062
v -0.435038 0.976474 0.502398
v -0.435038 1.008367 0.541260
v -0.435038 1.047229 0.573153
v -0.435038 1.091565 0.596851
v -0.435038 1.139673 0.611445
v -0.435038 1.189704 0.616372
v -0.435038 1.239735 0.611445
v -0.435038 1.287843 0.596851
v -0.435038 1.332180 0.573153
v -0.435038 1.371041 0.541260
v -0.435038 1.402934 0.502398
v -0.435038 1.426633 0.458062
v -0.435038 1.441226 0.409954
v -0.435038 1.446154 0.359923
v -0.435038 1.441226 0.309892
v -0.435038 1.426633 0.261784
v -0.435038 1.402934 0.217447
v -0.435038 1.371041 0.178586
v -0.435038 1.332180 0.146693
v -0.435038 1.287843 0.122995
v -0.435038 1.239735 0.108401
v -0.435038 1.189704 0.103474
v -0.435038 1.139673 0.108401
v -0.435038 1.091565 0.122995
v -0.435038 1.047229 0.146693
v -0.435038 1.008367 0.178586
v -0.435038 0.976474 0.217447
v -0.435038 0.952776 0.261784
v -0.435038 0.938183 0.309892
v -0.435038 0.933255 0.359923
v -0.435038 0.938183 0.409954
v -0.435038 0.952776 0.458062
v -0.435038 0.976474 0.502398
v -0.435038 1.008367 0.541260
v -0.435038 1.047229 0.573153
v -0.435038 1.091565 0.596851
v -0.435038 1.139673 0.611445
v -0.435038 1.189704 0.616372
v -0.435038 1.239735 0.611445
v -0.435038 1.287843 0.596851
v -0.435038 1.332180 0.573153
v -0.435038 1.371041 0.541260
v -0.435038 1.402934 0.502398
v -0.435038 1.426633 0.458062
v -0.435038 1.441226 0.409954
v -0.435038 1.446154 0.359923
v -0.435038 1.441226 0.309892
v -0.435038 1.426633 0.261784
v -0.435038 1.402934 0.217447
v -0.435038 1.371041 0.178586
v -0.435038 1.332180 0.146693
v -0.435038 1.287843 0.122995
v -0.435038 1.239735 0.108401
v -0.513721 1.189704 0.128909
v -0.513721 1.144636 0.133348
v -0.513721 1.101299 0.146494
v -0.513721 1.061360 0.167842
v -0.513721 1.026353 0.196571
v -0.513721 0.997623 0.231578
v -0.513721 0.976275 0.271518
v -0.513721 0.963129 0.314854
v -0.513721 0.958690 0.359923
v -0.513721 0.963129 0.404991
v -0.513721 0.976275 0.448328
v -0.513721 0.997623 0.488267
v -0.513721 1.026353 0.523275
v -0.513721 1.061360 0.552004
v -0.513721 1.101299 0.573352
v -0.513721 1.144636 0.586498
v -0.513721 1.189704 0.590937
v -0.513721 1.234773 0.586498
v -0.513721 1.278110 0.573352
v -0.513721 1.318049 0.552004
v -0.513721 1.353056 0.523275
v -0.513721 1.381786 0.488267
v -0.513721 1.403134 0.448328
v -0.513721 1.416280 0.404991
v -0.513721 1.420718 0.359923
v -0.513721 1.416280 0.314854
v -0.513721 1.403134 0.271518
v -0.513721 1.381786 0.231578
v -0.513721 1.353056 0.196571
v -0.513721 1.318049 0.167842
v -0.513721 1.278110 0.146494
v -0.513721 1.234773 0.133348
v -0.513721 1.189704 0.128909
v -0.513721 1.144636 0.133348
v -0.513721 1.101299 0.146494
v -0.513721 1.061360 0.167842
v -0.513721 1.026353 0.196571
v -0.513721 0.997623 0.231578
v -0.513721 0.976275 0.271518
v -0.513721 0.963129 0.314854
v -0.513721 0.958690 0.359923
v -0.513721 0.963129 0.404991
v -0.513721 0.976275 0.448328
v -0.513721 0.997623 0.488267
v -0.513721 1.026353 0.523275
v -0.513721 1.061360 0.552004
v -0.513721 1.101299 0.573352
v -0.513721 1.144636 0.586498
v -0.513721 1.189704 0.590937
v -0.513721 1.234773 0.586498
v -0.513721 1.278110 0.573352
v -0.513721 1.318049 0.552004
v -0.513721 1.353056 0.523275
v -0.513721 1.381786 0.488267
v -0.513721 1.403134 0.448328
v -0.513721 1.416280 0.404991
v -0.513721 1.420718 0.359923
v -0.513721 1.416280 0.314854
v -0.513721 1.403134 0.271518
v -0.513721 1.381786 0.231578
v -0.513721 1.353056 0.196571
v -0.513721 1.318049 0.167842
v -0.513721 1.278110 0.146494
v -0.513721 1.234773 0.133348
v -0.528638 1.189704 0.240620
v -0.523239 1.189704 0.203681
v -0.523239 1.159223 0.206683
v -0.528638 1.166429 0.242912
v -0.523239 1.129913 0.215574
v -0.528638 1.144048 0.249702
v -0.523239 1.102901 0.230012
v -0.528638 1.123421 0.260727
v -0.523239 1.079224 0.249443
v -0.528638 1.105342 0.275564
v -0.523239 1.059794 0.273119
v -0.528638 1.090505 0.293643
v -0.523239 1.045355 0.300132
v -0.528638 1.079480 0.314270
v -0.523239 1.036464 0.329442
v -0.528638 1.072691 0.336651
v -0.523239 1.033462 0.359923
v -0.528638 1.070398 0.359926
v -0.523239 1.036464 0.390404
v -0.528638 1.072691 0.383202
v -0.523239 1.045355 0.419714
v -0.528638 1.079480 0.405583
v -0.523239 1.059794 0.446726
v -0.528638 1.090505 0.426209
v -0.523239 1.079224 0.470403
v -0.528638 1.105342 0.444288
v -0.523239 1.102901 0.489833
v -0.528638 1.123421 0.459125
v -0.523239 1.129913 0.504272
v -0.528638 1.144048 0.470151
v -0.523239 1.159223 0.513163
v -0.528638 1.166429 0.476940
v -0.523239 1.189704 0.516165
v -0.528638 1.189704 0.479232
v -0.523239 1.220186 0.513163
v -0.528638 1.212980 0.476940
v -0.523239 1.249496 0.504272
v -0.528638 1.235361 0.470151
v -0.523239 1.276508 0.489833
v -0.528638 1.255987 0.459125
v -0.523239 1.300184 0.470403
v -0.528638 1.274066 0.444288
v -0.523239 1.319615 0.446726
v -0.528638 1.288903 0.426209
v -0.523239 1.334053 0.419714
v -0.528638 1.299929 0.405583
v -0.523239 1.342944 0.390404
v -0.528638 1.306718 0.383202
v -0.523239 1.345946 0.359923
v -0.528638 1.309010 0.359926
v -0.523239 1.342944 0.329442
v -0.528638 1.306718 0.336651
v -0.523239 1.334053 0.300132
v -0.528638 1.299929 0.314270
v -0.523239 1.319615 0.273119
v -0.528638 1.288904 0.293643
v -0.523239 1.300184 0.249443
v -0.528638 1.274066 0.275564
v -0.523239 1.276508 0.230012
v -0.528638 1.255987 0.260727
v -0.523239 1.249496 0.215574
v -0.528638 1.235361 0.249702
v -0.523239 1.220186 0.206683
v -0.528638 1.212980 0.242913
v -0.262051 1.136976 0.094840
v -0.262051 1.189704 0.089647
v -0.262051 1.086274 0.110220
v -0.262051 1.039547 0.135197
v -0.262051 0.998590 0.168809
v -0.262051 0.964978 0.209766
v -0.262051 0.940002 0.256493
v -0.262051 0.924622 0.307195
v -0.262051 0.919428 0.359923
v -0.262051 0.924622 0.412651
v -0.262051 0.940002 0.463353
v -0.262051 0.964978 0.510080
v -0.262051 0.998590 0.551037
v -0.262051 1.039547 0.584649
v -0.262051 1.086274 0.609625
v -0.262051 1.136976 0.625006
v -0.262051 1.189704 0.630199
v -0.262051 1.242432 0.625006
v -0.262051 1.293134 0.609625
v -0.262051 1.339862 0.584649
v -0.262051 1.380818 0.551037
v -0.262051 1.414431 0.510080
v -0.262051 1.439407 0.463353
v -0.262051 1.454787 0.412651
v -0.262051 1.459980 0.359923
v -0.262051 1.454787 0.307195
v -0.262051 1.439407 0.256493
v -0.262051 1.414431 0.209766
v -0.262051 1.380818 0.168809
v -0.262051 1.339862 0.135197
v -0.262051 1.293134 0.110220
v -0.262051 1.242432 0.094840
v -0.260732 1.136976 0.094840
v -0.260732 1.189704 0.089647
v -0.260732 1.086274 0.110220
v -0.260732 1.039547 0.135197
v -0.260732 0.998590 0.168809
v -0.260732 0.964978 0.209766
v -0.260732 0.940002 0.256493
v -0.260732 0.924622 0.307195
v -0.260732 0.919428 0.359923
v -0.260732 0.924622 0.412651
v -0.260732 0.940002 0.463353
v -0.260732 0.964978 0.510080
v -0.260732 0.998590 0.551037
v -0.260732 1.039547 0.584649
v -0.260732 1.086274 0.609625
v -0.260732 1.136976 0.625006
v -0.260732 1.189704 0.630199
v -0.260732 1.242432 0.625006
v -0.260732 1.293134 0.609625
v -0.260732 1.339862 0.584649
v -0.260732 1.380818 0.551037
v -0.260732 1.414431 0.510080
v -0.260732 1.439407 0.463353
v -0.260732 1.454787 0.412651
v -0.260732 1.459980 0.359923
v -0.260732 1.454787 0.307195
v -0.260732 1.439407 0.256493
v -0.260732 1.414431 0.209766
v -0.260732 1.380818 0.168809
v -0.260732 1.339862 0.135197
v -0.260732 1.293134 0.110220
v -0.260732 1.242432 0.094840
v -0.259885 1.291591 0.546026
v -0.259885 2.406842 0.546026
v -0.259885 1.291591 0.182827
v -0.259885 2.406842 0.182827
v -0.497010 1.291591 0.546026
v -0.497010 2.406842 0.546026
v -0.497010 1.291591 0.182827
v -0.497010 2.406842 0.182827
v -0.259885 2.666507 0.546026
v -0.259885 2.666507 0.182827
v -0.497010 2.666507 0.182827
v -0.497010 2.666507 0.546026
v -0.259885 2.698755 0.546026
v -0.259885 2.698755 0.182827
v -0.497010 2.698755 0.182827
v -0.497010 2.698755 0.546026
v -0.259885 2.970689 0.546026
v -0.259885 2.970689 0.182827
v -0.497010 2.827691 0.182827
v -0.497010 2.827691 0.546026
v -0.390246 2.970689 0.182827
v -0.497010 2.827691 0.182827
v -0.497010 2.827691 0.546026
v -0.390246 2.970689 0.546026
v -0.259885 3.170195 0.291035
v -0.259885 2.970689 0.182827
v -0.259885 3.167739 0.274108
v -0.259885 3.160431 0.257597
v -0.259885 3.148451 0.241910
v -0.259885 3.132093 0.227432
v -0.259885 3.111761 0.214520
v -0.259885 3.087956 0.203493
v -0.259885 3.061263 0.194621
v -0.259885 3.032340 0.188123
v -0.259885 3.001898 0.184159
v -0.259885 2.970689 0.546026
v -0.259885 3.170195 0.437818
v -0.259885 3.001898 0.544694
v -0.259885 3.032340 0.540730
v -0.259885 3.061263 0.534232
v -0.259885 3.087956 0.525360
v -0.259885 3.111761 0.514333
v -0.259885 3.132093 0.501421
v -0.259885 3.148451 0.486943
v -0.259885 3.160431 0.471256
v -0.259885 3.167739 0.454745
v -0.390246 2.970689 0.182827
v -0.390246 3.170195 0.291035
v -0.390246 3.001898 0.184159
v -0.390246 3.032340 0.188123
v -0.390246 3.061263 0.194621
v -0.390246 3.087956 0.203493
v -0.390246 3.111761 0.214520
v -0.390246 3.132093 0.227432
v -0.390246 3.148451 0.241910
v -0.390246 3.160431 0.257597
v -0.390246 3.167739 0.274108
v -0.390246 3.170195 0.437818
v -0.390246 2.970689 0.546026
v -0.390246 3.167739 0.454745
v -0.390246 3.160431 0.471256
v -0.390246 3.148451 0.486943
v -0.390246 3.132093 0.501421
v -0.390246 3.111761 0.514333
v -0.390246 3.087956 0.525360
v -0.390246 3.061263 0.534232
v -0.390246 3.032340 0.540730
v -0.390246 3.001898 0.544694
v -0.442721 2.972723 0.546026
v -0.442721 3.003933 0.544694
v -0.442721 3.034374 0.540730
v -0.442721 3.063298 0.534232
v -0.442721 3.089990 0.525360
v -0.442721 3.113796 0.514333
v -0.442721 3.134128 0.501421
v -0.442721 3.150485 0.486943
v -0.442721 3.162466 0.471256
v -0.442721 3.169774 0.454745
v -0.442721 3.172230 0.437818
v -0.442721 3.172230 0.291035
v -0.442721 3.169774 0.274108
v -0.442721 3.162466 0.257597
v -0.442721 3.150485 0.241910
v -0.442721 3.134128 0.227432
v -0.442721 3.113796 0.214520
v -0.442721 3.089990 0.203493
v -0.442721 3.063298 0.194621
v -0.442721 3.034374 0.188123
v -0.442721 3.003933 0.184159
v -0.442721 2.972723 0.182827
v -0.549485 2.408876 0.190861
v -0.544240 2.408673 0.182827
v -0.549421 2.408874 0.189604
v -0.549229 2.408866 0.188378
v -0.548914 2.408854 0.187213
v -0.548484 2.408838 0.186138
v -0.547949 2.408817 0.185180
v -0.547323 2.408792 0.184361
v -0.546621 2.408765 0.183702
v -0.545861 2.408736 0.183220
v -0.545061 2.408705 0.182925
v -0.544240 2.408673 0.546026
v -0.549485 2.408876 0.537992
v -0.545061 2.408705 0.545927
v -0.545861 2.408736 0.545633
v -0.546621 2.408765 0.545151
v -0.547323 2.408792 0.544492
v -0.547949 2.408817 0.543673
v -0.548484 2.408838 0.542714
v -0.548914 2.408854 0.541639
v -0.549229 2.408866 0.540475
v -0.549421 2.408874 0.539249
v -0.544240 2.668339 0.182827
v -0.549486 2.668542 0.190861
v -0.545061 2.668370 0.182925
v -0.545861 2.668402 0.183220
v -0.546621 2.668431 0.183702
v -0.547323 2.668458 0.184361
v -0.547949 2.668483 0.185180
v -0.548484 2.668503 0.186138
v -0.548914 2.668520 0.187213
v -0.549229 2.668532 0.188378
v -0.549421 2.668540 0.189604
v -0.549486 2.668542 0.537992
v -0.544240 2.668339 0.546026
v -0.549421 2.668540 0.539249
v -0.549229 2.668532 0.540475
v -0.548914 2.668520 0.541639
v -0.548484 2.668503 0.542714
v -0.547949 2.668483 0.543673
v -0.547323 2.668458 0.544492
v -0.546621 2.668431 0.545151
v -0.545861 2.668402 0.545633
v -0.545061 2.668370 0.545927
v -0.544240 2.700587 0.182827
v -0.549486 2.700790 0.190861
v -0.545061 2.700619 0.182925
v -0.545861 2.700649 0.183220
v -0.546621 2.700679 0.183702
v -0.547323 2.700706 0.184361
v -0.547949 2.700730 0.185180
v -0.548484 2.700751 0.186138
v -0.548914 2.700768 0.187213
v -0.549229 2.700780 0.188378
v -0.549421 2.700788 0.189604
v -0.549486 2.700790 0.537992
v -0.544240 2.700587 0.546026
v -0.549421 2.700788 0.539249
v -0.549229 2.700780 0.540475
v -0.548914 2.700768 0.541639
v -0.548484 2.700751 0.542714
v -0.547949 2.700730 0.543673
v -0.547323 2.700706 0.544492
v -0.546621 2.700679 0.545151
v -0.545861 2.700649 0.545633
v -0.545061 2.700619 0.545927
v -0.544240 2.829522 0.546026
v -0.549486 2.829726 0.537992
v -0.545061 2.829554 0.545927
v -0.545861 2.829585 0.545633
v -0.546621 2.829614 0.545151
v -0.547323 2.829642 0.544492
v -0.547949 2.829666 0.543673
v -0.548484 2.829687 0.542714
v -0.548914 2.829703 0.541639
v -0.549229 2.829716 0.540475
v -0.549421 2.829723 0.539249
v -0.549486 2.829726 0.190861
v -0.544240 2.829522 0.182827
v -0.549421 2.829723 0.189604
v -0.549229 2.829716 0.188378
v -0.548914 2.829703 0.187213
v -0.548484 2.829687 0.186138
v -0.547949 2.829666 0.185180
v -0.547323 2.829642 0.184361
v -0.546621 2.829614 0.183702
v -0.545861 2.829585 0.183220
v -0.545061 2.829554 0.182925
v -0.530873 2.829004 0.182827
v -0.549486 2.829726 0.190861
v -0.533784 2.829117 0.182925
v -0.536624 2.829227 0.183220
v -0.539323 2.829331 0.183702
v -0.541813 2.829428 0.184361
v -0.544034 2.829514 0.185180
v -0.545931 2.829588 0.186138
v -0.547457 2.829647 0.187213
v -0.548574 2.829690 0.188378
v -0.549256 2.829717 0.189604
v -0.442721 2.972723 0.190861
v -0.424108 2.972002 0.182827
v -0.442721 2.972723 0.182827
v -0.442492 2.972714 0.189604
v -0.441810 2.972688 0.188378
v -0.440692 2.972645 0.187213
v -0.439166 2.972585 0.186138
v -0.437269 2.972512 0.185180
v -0.435049 2.972426 0.184361
v -0.432558 2.972329 0.183702
v -0.429860 2.972225 0.183220
v -0.427020 2.972115 0.182925
v -0.424108 2.972002 0.546026
v -0.442721 2.972723 0.537992
v -0.442721 2.972723 0.546026
v -0.427020 2.972115 0.545927
v -0.429860 2.972225 0.545633
v -0.432558 2.972329 0.545151
v -0.435049 2.972426 0.544492
v -0.437269 2.972512 0.543673
v -0.439166 2.972585 0.542714
v -0.440692 2.972645 0.541639
v -0.441810 2.972688 0.540475
v -0.442492 2.972714 0.539249
v -0.549486 2.829726 0.537992
v -0.530873 2.829004 0.546026
v -0.549256 2.829717 0.539249
v -0.548574 2.829690 0.540475
v -0.547457 2.829647 0.541639
v -0.545931 2.829588 0.542714
v -0.544034 2.829514 0.543673
v -0.541813 2.829428 0.544492
v -0.539323 2.829331 0.545151
v -0.536624 2.829227 0.545633
v -0.533784 2.829117 0.545927
v -0.544240 1.477158 0.182827
v -0.549486 1.466998 0.190861
v -0.545061 1.475568 0.182925
v -0.545861 1.474018 0.183220
v -0.546621 1.472545 0.183702
v -0.547323 1.471186 0.184361
v -0.547949 1.469974 0.185180
v -0.548484 1.468939 0.186138
v -0.548914 1.468106 0.187213
v -0.549229 1.467495 0.188378
v -0.549421 1.467123 0.189604
v -0.505175 1.291908 0.182827
v -0.512624 1.292197 0.190861
v -0.506341 1.291953 0.182925
v -0.507477 1.291997 0.183220
v -0.508557 1.292039 0.183702
v -0.509554 1.292077 0.184361
v -0.510442 1.292112 0.185180
v -0.511202 1.292141 0.186138
v -0.511812 1.292165 0.187213
v -0.512260 1.292182 0.188378
v -0.512532 1.292193 0.189604
v -0.512624 1.292197 0.537992
v -0.505175 1.291908 0.546026
v -0.512532 1.292193 0.539249
v -0.512260 1.292182 0.540475
v -0.511812 1.292165 0.541639
v -0.511202 1.292141 0.542714
v -0.510442 1.292112 0.543673
v -0.509554 1.292077 0.544492
v -0.508557 1.292039 0.545151
v -0.507477 1.291997 0.545633
v -0.506341 1.291953 0.545927
v -0.544240 1.477158 0.546026
v -0.549486 1.466998 0.537992
v -0.545061 1.475568 0.545927
v -0.545861 1.474018 0.545633
v -0.546621 1.472545 0.545151
v -0.547323 1.471186 0.544492
v -0.547949 1.469974 0.543673
v -0.548484 1.468939 0.542714
v -0.548914 1.468106 0.541639
v -0.549229 1.467495 0.540475
v -0.549421 1.467123 0.539249
v -0.549486 2.668542 0.190861
v -0.549485 2.408876 0.190861
v -0.549485 2.408876 0.537992
v -0.549486 2.668542 0.537992
v -0.549486 2.700790 0.190861
v -0.549486 2.700790 0.537992
v -0.549486 2.829726 0.190861
v -0.549486 2.829726 0.537992
v -0.512624 1.292197 0.537992
v -0.549486 1.466998 0.537992
v -0.549486 1.466998 0.190861
v -0.512624 1.292197 0.190861
v -0.327983 1.609667 0.351740
v -0.327983 1.633801 0.370935
v -0.327983 1.609964 0.354743
v -0.327983 1.610848 0.357672
v -0.327983 1.612297 0.360455
v -0.327983 1.614276 0.363023
v -0.327983 1.616736 0.365313
v -0.327983 1.619615 0.367269
v -0.327983 1.622844 0.368843
v -0.327983 1.626343 0.369996
v -0.327983 1.630026 0.370699
v -0.327983 1.632758 0.370935
v -0.327983 1.656893 0.351740
v -0.327983 1.636534 0.370699
v -0.327983 1.640216 0.369996
v -0.327983 1.643715 0.368843
v -0.327983 1.646944 0.367269
v -0.327983 1.649824 0.365313
v -0.327983 1.652283 0.363023
v -0.327983 1.654262 0.360455
v -0.327983 1.655711 0.357672
v -0.327983 1.656595 0.354743
v -0.327983 1.633801 0.333375
v -0.327983 1.609667 0.352569
v -0.327983 1.630026 0.333611
v -0.327983 1.626343 0.334314
v -0.327983 1.622844 0.335467
v -0.327983 1.619615 0.337041
v -0.327983 1.616736 0.338997
v -0.327983 1.614276 0.341287
v -0.327983 1.612297 0.343855
v -0.327983 1.610848 0.346638
v -0.327983 1.609964 0.349567
v -0.327983 1.656893 0.352569
v -0.327983 1.632758 0.333375
v -0.327983 1.656595 0.349567
v -0.327983 1.655711 0.346638
v -0.327983 1.654262 0.343855
v -0.327983 1.652283 0.341287
v -0.327983 1.649824 0.338997
v -0.327983 1.646944 0.337041
v -0.327983 1.643715 0.335467
v -0.327983 1.640216 0.334314
v -0.327983 1.636534 0.333611
v -0.192597 1.633801 0.370935
v -0.192597 1.609667 0.351740
v -0.192597 1.630026 0.370699
v -0.192597 1.626343 0.369996
v -0.192597 1.622844 0.368843
v -0.192597 1.619615 0.367269
v -0.192597 1.616736 0.365313
v -0.192597 1.614276 0.363023
v -0.192597 1.612297 0.360455
v -0.192597 1.610848 0.357672
v -0.192597 1.609964 0.354743
v -0.192597 1.656893 0.351740
v -0.192597 1.632758 0.370935
v -0.192597 1.656595 0.354743
v -0.192597 1.655711 0.357672
v -0.192597 1.654262 0.360455
v -0.192597 1.652283 0.363023
v -0.192597 1.649824 0.365313
v -0.192597 1.646944 0.367269
v -0.192597 1.643715 0.368843
v -0.192597 1.640216 0.369996
v -0.192597 1.636534 0.370699
v -0.192597 1.609667 0.352569
v -0.192597 1.633801 0.333375
v -0.192597 1.609964 0.349567
v -0.192597 1.610848 0.346638
v -0.192597 1.612297 0.343855
v -0.192597 1.614276 0.341287
v -0.192597 1.616736 0.338997
v -0.192597 1.619615 0.337041
v -0.192597 1.622844 0.335467
v -0.192597 1.626343 0.334314
v -0.192597 1.630026 0.333611
v -0.192597 1.632758 0.333375
v -0.192597 1.656893 0.352569
v -0.192597 1.636534 0.333611
v -0.192597 1.640216 0.334314
v -0.192597 1.643715 0.335467
v -0.192597 1.646944 0.337041
v -0.192597 1.649824 0.338997
v -0.192597 1.652283 0.341287
v -0.192597 1.654262 0.343855
v -0.192597 1.655711 0.346638
v -0.192597 1.656595 0.349567
v -0.209229 1.633333 0.284462
v -0.209229 1.576272 0.352218
v -0.209229 1.624407 0.285296
v -0.209229 1.615700 0.287778
v -0.209229 1.607428 0.291847
v -0.209229 1.599793 0.297402
v -0.209229 1.592985 0.304307
v -0.209229 1.587170 0.312392
v -0.209229 1.582491 0.321458
v -0.209229 1.579065 0.331280
v -0.209229 1.576974 0.341619
v -0.209229 1.690288 0.352218
v -0.209229 1.633226 0.284462
v -0.209229 1.689585 0.341619
v -0.209229 1.687495 0.331280
v -0.209229 1.684068 0.321458
v -0.209229 1.679390 0.312392
v -0.209229 1.673575 0.304307
v -0.209229 1.666766 0.297402
v -0.209229 1.659132 0.291847
v -0.209229 1.650859 0.287778
v -0.209229 1.642153 0.285296
v -0.158578 1.576272 0.352218
v -0.158578 1.633333 0.284462
v -0.158578 1.576974 0.341619
v -0.158578 1.579065 0.331280
v -0.158578 1.582491 0.321458
v -0.158578 1.587170 0.312392
v -0.158578 1.592985 0.304307
v -0.158578 1.599793 0.297402
v -0.158578 1.607428 0.291847
v -0.158578 1.615700 0.287778
v -0.158578 1.624407 0.285296
v -0.158578 1.633226 0.284462
v -0.158578 1.690288 0.352218
v -0.158578 1.642153 0.285296
v -0.158578 1.650859 0.287778
v -0.158578 1.659132 0.291847
v -0.158578 1.666766 0.297402
v -0.158578 1.673575 0.304307
v -0.158578 1.679390 0.312392
v -0.158578 1.684068 0.321458
v -0.158578 1.687495 0.331280
v -0.158578 1.689585 0.341619
v -0.209229 1.576272 0.352091
v -0.209229 1.633333 0.419848
v -0.209229 1.576974 0.362691
v -0.209229 1.579065 0.373029
v -0.209229 1.582491 0.382852
v -0.209229 1.587170 0.391918
v -0.209229 1.592985 0.400003
v -0.209229 1.599793 0.406908
v -0.209229 1.607428 0.412463
v -0.209229 1.615700 0.416532
v -0.209229 1.624407 0.419014
v -0.209229 1.633226 0.419848
v -0.209229 1.690288 0.352091
v -0.209229 1.642153 0.419014
v -0.209229 1.650859 0.416532
v -0.209229 1.659132 0.412463
v -0.209229 1.666766 0.406908
v -0.209229 1.673575 0.400003
v -0.209229 1.679390 0.391918
v -0.209229 1.684068 0.382852
v -0.209229 1.687495 0.373029
v -0.209229 1.689585 0.362691
v -0.158578 1.633333 0.419848
v -0.158578 1.576272 0.352091
v -0.158578 1.624407 0.419014
v -0.158578 1.615700 0.416532
v -0.158578 1.607428 0.412463
v -0.158578 1.599793 0.406908
v -0.158578 1.592985 0.400003
v -0.158578 1.587170 0.391918
v -0.158578 1.582491 0.382852
v -0.158578 1.579065 0.373029
v -0.158578 1.576974 0.362691
v -0.158578 1.690288 0.352091
v -0.158578 1.633226 0.419848
v -0.158578 1.689585 0.362691
v -0.158578 1.687495 0.373029
v -0.158578 1.684068 0.382852
v -0.158578 1.679390 0.391918
v -0.158578 1.673575 0.400003
v -0.158578 1.666766 0.406908
v -0.158578 1.659132 0.412463
v -0.158578 1.650859 0.416532
v -0.158578 1.642153 0.419014
v -0.256609 1.154223 0.612159
v -0.256609 1.154223 0.102433
v -0.412670 1.154223 0.612159
v -0.412670 1.154223 0.102433
v -0.256609 1.653827 0.548003
v -0.256609 1.286095 0.612159
v -0.412670 1.653827 0.548003
v -0.412670 1.286095 0.612159
v -0.256609 1.653827 0.180968
v -0.256609 1.203670 0.102433
v -0.412670 1.203670 0.102433
v -0.412670 1.653827 0.180968
vn -1.0000 -0.0000 -0.0000
vn -0.0000 0.0980 0.9952
vn -0.0000 0.2903 0.9569
vn -0.0000 0.4714 0.8819
vn -0.0000 0.6344 0.7730
vn -0.0000 0.7730 0.6344
vn -0.0000 0.8819 0.4714
vn -0.0000 0.9569 0.2903
vn -0.0000 0.9952 0.0980
vn -0.0000 0.9952 -0.0980
vn -0.0000 0.9569 -0.2903
vn -0.0000 0.8819 -0.4714
vn -0.0000 0.7730 -0.6344
vn -0.0000 0.6344 -0.7730
vn -0.0000 0.4714 -0.8819
vn -0.0000 0.2903 -0.9569
vn -0.0000 0.0980 -0.9952
vn -0.0000 -0.0980 -0.9952
vn -0.0000 -0.2903 -0.9569
vn -0.0000 -0.4714 -0.8819
vn -0.0000 -0.6344 -0.7730
vn -0.0000 -0.7730 -0.6344
vn -0.0000 -0.8819 -0.4714
vn -0.0000 -0.9569 -0.2903
vn -0.0000 -0.9952 -0.0980
vn -0.0000 -0.9952 0.0980
vn -0.0000 -0.9569 0.2903
vn -0.0000 -0.8819 0.4714
vn -0.0000 -0.7730 0.6344
vn -0.0000 -0.6344 0.7730
vn -0.0000 -0.4714 0.8819
vn -0.0000 -0.2903 0.9569
vn -0.0000 -0.0980 0.9952
vn 1.0000 -0.0000 -0.0000
vn 0.5290 0.0832 0.8446
vn 0.5290 0.2464 0.8121
vn 0.5290 0.4001 0.7484
vn 0.5290 0.5384 0.6560
vn 0.5290 0.6560 0.5384
vn 0.5290 0.7484 0.4001
vn 0.5290 0.8121 0.2464
vn 0.5290 0.8446 0.0832
vn 0.5290 0.8446 -0.0832
vn 0.5290 0.8121 -0.2464
vn 0.5290 0.7484 -0.4001
vn 0.5290 0.6560 -0.5384
vn 0.5290 0.5384 -0.6560
vn 0.5290 0.4001 -0.7484
vn 0.5290 0.2464 -0.8121
vn 0.5290 0.0832 -0.8446
vn 0.5290 -0.0832 -0.8446
vn 0.5290 -0.2464 -0.8121
vn 0.5290 -0.4001 -0.7484
vn 0.5290 -0.5384 -0.6560
vn 0.5290 -0.6560 -0.5384
vn 0.5290 -0.7484 -0.4001
vn 0.5290 -0.8121 -0.2464
vn 0.5290 -0.8446 -0.0832
vn 0.5290 -0.8446 0.0832
vn 0.5290 -0.8121 0.2464
vn 0.5290 -0.7484 0.4001
vn 0.5290 -0.6560 0.5384
vn 0.5290 -0.5384 0.6560
vn 0.5290 -0.4001 0.7484
vn 0.5290 -0.2464 0.8121
vn 0.5290 -0.0832 0.8446
vn 0.3062 0.0933 0.9474
vn 0.3062 0.2763 0.9110
vn 0.3062 0.4487 0.8395
vn 0.3062 0.6039 0.7359
vn 0.3062 0.7359 0.6039
vn 0.3062 0.8395 0.4487
vn 0.3062 0.9110 0.2763
vn 0.3062 0.9474 0.0933
vn 0.3062 0.9474 -0.0933
vn 0.3062 0.9110 -0.2763
vn 0.3062 0.8395 -0.4487
vn 0.3062 0.7359 -0.6039
vn 0.3062 0.6039 -0.7359
vn 0.3062 0.4487 -0.8395
vn 0.3062 0.2763 -0.9110
vn 0.3062 0.0933 -0.9474
vn 0.3062 -0.0933 -0.9474
vn 0.3062 -0.2763 -0.9110
vn 0.3062 -0.4487 -0.8395
vn 0.3062 -0.6039 -0.7359
vn 0.3062 -0.7359 -0.6039
vn 0.3062 -0.8395 -0.4487
vn 0.3062 -0.9110 -0.2763
vn 0.3062 -0.9474 -0.0933
vn 0.3062 -0.9474 0.0933
vn 0.3062 -0.9110 0.2763
vn 0.3062 -0.8395 0.4487
vn 0.3062 -0.7359 0.6039
vn 0.3062 -0.6039 0.7359
vn 0.3062 -0.4487 0.8395
vn 0.3062 -0.2763 0.9110
vn 0.3062 -0.0933 0.9474
vn 0.9894 0.0142 0.1446
vn 0.9894 0.0422 0.1390
vn 0.9894 0.0685 0.1281
vn 0.9894 0.0922 0.1123
vn 0.9894 0.1123 0.0922
vn 0.9894 0.1282 0.0685
vn 0.9894 0.1391 0.0422
vn 0.9894 0.1446 0.0142
vn 0.9894 0.1446 -0.0142
vn 0.9894 0.1391 -0.0422
vn 0.9894 0.1282 -0.0685
vn 0.9894 0.1123 -0.0922
vn 0.9894 0.0922 -0.1123
vn 0.9894 0.0685 -0.1282
vn 0.9894 0.0422 -0.1391
vn 0.9894 0.0142 -0.1446
vn 0.9894 -0.0142 -0.1446
vn 0.9894 -0.0422 -0.1391
vn 0.9894 -0.0685 -0.1282
vn 0.9894 -0.0922 -0.1123
vn 0.9894 -0.1123 -0.0922
vn 0.9894 -0.1282 -0.0685
vn 0.9894 -0.1391 -0.0422
vn 0.9894 -0.1446 -0.0142
vn 0.9894 -0.1446 0.0142
vn 0.9894 -0.1391 0.0422
vn 0.9894 -0.1282 0.0685
vn 0.9894 -0.1123 0.0922
vn 0.9894 -0.0922 0.1123
vn 0.9894 -0.0685 0.1281
vn 0.9894 -0.0422 0.1390
vn 0.9894 -0.0142 0.1446
vn -0.0000 -0.0000 1.0000
vn -0.0308 -0.7944 0.6067
vn -0.0000 -0.0000 -1.0000
vn -0.0000 1.0000 -0.0000
vn -0.0122 -0.3154 -0.9489
vn -0.0122 -0.3154 0.9489
vn -0.0387 -0.9992 -0.0000
vn -0.0308 -0.7944 -0.6067
vn -0.0000 -1.0000 -0.0000
vn -0.0000 -0.0426 -0.9991
vn -0.0000 -0.1291 -0.9916
vn -0.0000 -0.2192 -0.9757
vn -0.0000 -0.3154 -0.9490
vn -0.0000 -0.4203 -0.9074
vn -0.0000 -0.5361 -0.8442
vn -0.0000 -0.6628 -0.7488
vn -0.0000 -0.7948 -0.6069
vn -0.0000 -0.9144 -0.4048
vn -0.0000 -0.9896 -0.1436
vn -0.0000 -0.9896 0.1436
vn -0.0000 -0.9144 0.4048
vn -0.0000 -0.7948 0.6069
vn -0.0000 -0.6628 0.7488
vn -0.0000 -0.5361 0.8442
vn -0.0000 -0.4203 0.9074
vn -0.0000 -0.3154 0.9490
vn -0.0000 -0.2192 0.9757
vn -0.0000 -0.1291 0.9916
vn -0.0000 -0.0426 0.9991
vn 0.0387 0.9992 -0.0000
vn 0.0026 -0.0000 -1.0000
vn -0.0354 -0.9138 -0.4045
vn 0.9785 0.2063 -0.0000
vn -0.0085 -0.2192 0.9756
vn -0.0163 -0.4203 -0.9073
vn -0.0257 -0.6625 0.7486
vn -0.0017 -0.0426 -0.9991
vn -0.0383 -0.9889 -0.1435
vn -0.0050 -0.1291 0.9916
vn -0.0208 -0.5360 -0.8440
vn -0.0208 -0.5360 0.8440
vn -0.0050 -0.1291 -0.9916
vn 0.8013 -0.5983 -0.0000
vn -0.0383 -0.9889 0.1435
vn -0.0017 -0.0426 0.9991
vn -0.0257 -0.6625 -0.7486
vn 0.0026 -0.0000 1.0000
vn -0.0163 -0.4203 0.9073
vn -0.0085 -0.2192 -0.9756
vn -0.0354 -0.9138 0.4045
vn 0.0389 0.9992 -0.0000
vn 0.0388 0.9992 -0.0000
vn 0.0387 0.9993 -0.0000
vn 0.0388 0.9992 0.0002
vn 0.0387 0.9993 -0.0002
vn 0.9987 -0.0000 0.0513
vn 0.9879 -0.0000 0.1548
vn 0.9653 -0.0000 0.2611
vn 0.9285 -0.0000 0.3715
vn 0.8734 -0.0000 0.4870
vn 0.7945 -0.0000 0.6073
vn 0.6844 -0.0000 0.7291
vn 0.5357 -0.0000 0.8444
vn 0.3451 -0.0000 0.9385
vn 0.1197 -0.0000 0.9928
vn 0.1197 -0.0000 -0.9928
vn 0.3451 -0.0000 -0.9385
vn 0.5357 -0.0000 -0.8444
vn 0.6844 -0.0000 -0.7291
vn 0.7945 -0.0000 -0.6073
vn 0.8734 -0.0000 -0.4870
vn 0.9284 -0.0000 -0.3715
vn 0.9653 -0.0000 -0.2611
vn 0.9879 -0.0000 -0.1548
vn 0.9987 -0.0000 -0.0513
vn 0.1196 -0.0000 0.9928
vn 0.3451 -0.0000 0.9386
vn 0.3451 -0.0000 -0.9386
vn 0.9285 -0.0000 -0.3715
vn 0.0330 -0.0246 0.9992
vn 0.0999 -0.0746 0.9922
vn 0.1698 -0.1268 0.9773
vn 0.2448 -0.1828 0.9522
vn 0.3271 -0.2442 0.9129
vn 0.4188 -0.3127 0.8526
vn 0.5205 -0.3886 0.7603
vn 0.6284 -0.4692 0.6204
vn 0.7284 -0.5438 0.4169
vn 0.7924 -0.5916 0.1487
vn 0.0330 -0.0246 -0.9992
vn 0.0999 -0.0746 -0.9922
vn 0.1698 -0.1268 -0.9773
vn 0.2448 -0.1828 -0.9522
vn 0.3271 -0.2442 -0.9129
vn 0.4188 -0.3127 -0.8526
vn 0.5205 -0.3886 -0.7603
vn 0.6284 -0.4692 -0.6204
vn 0.7284 -0.5438 -0.4169
vn 0.7924 -0.5916 -0.1487
vn 0.0853 0.0180 -0.9962
vn 0.2523 0.0532 -0.9662
vn 0.4092 0.0863 -0.9084
vn 0.5508 0.1162 -0.8265
vn 0.6737 0.1421 -0.7253
vn 0.7759 0.1636 -0.6093
vn 0.8569 0.1807 -0.4828
vn 0.9169 0.1933 -0.3492
vn 0.9564 0.2017 -0.2112
vn 0.9760 0.2058 -0.0706
vn 0.0853 0.0180 0.9962
vn 0.2523 0.0532 0.9662
vn 0.4092 0.0863 0.9084
vn 0.5508 0.1162 0.8265
vn 0.6737 0.1421 0.7253
vn 0.7759 0.1636 0.6093
vn 0.8569 0.1807 0.4828
vn 0.9169 0.1933 0.3492
vn 0.9564 0.2017 0.2112
vn 0.9760 0.2058 0.0706
vn 0.9879 -0.0000 0.1549
vn 0.9653 -0.0000 0.2610
vn 0.9653 -0.0000 -0.2610
vn 0.9879 -0.0000 -0.1549
vn -0.0000 -0.9951 -0.0985
vn -0.0000 -0.9573 -0.2890
vn -0.0000 -0.8869 -0.4619
vn -0.0000 -0.7921 -0.6103
vn -0.0000 -0.6815 -0.7318
vn -0.0000 -0.5619 -0.8272
vn -0.0000 -0.4381 -0.8989
vn -0.0000 -0.3129 -0.9498
vn -0.0000 -0.1876 -0.9823
vn -0.0000 -0.0625 -0.9980
vn -0.0000 0.9951 -0.0985
vn -0.0000 0.9573 -0.2890
vn -0.0000 0.8869 -0.4619
vn -0.0000 0.7921 -0.6103
vn -0.0000 0.6815 -0.7318
vn -0.0000 0.5619 -0.8272
vn -0.0000 0.4381 -0.8989
vn -0.0000 0.3129 -0.9498
vn -0.0000 0.1876 -0.9823
vn -0.0000 0.0625 -0.9980
vn -0.0000 -0.9951 0.0985
vn -0.0000 -0.9573 0.2890
vn -0.0000 -0.8869 0.4619
vn -0.0000 -0.7921 0.6103
vn -0.0000 -0.6815 0.7318
vn -0.0000 -0.5619 0.8272
vn -0.0000 -0.4381 0.8989
vn -0.0000 -0.3129 0.9498
vn -0.0000 -0.1876 0.9823
vn -0.0000 -0.0625 0.9980
vn -0.0000 0.9951 0.0985
vn -0.0000 0.9573 0.2890
vn -0.0000 0.8869 0.4619
vn -0.0000 0.7921 0.6103
vn -0.0000 0.6815 0.7318
vn -0.0000 0.5619 0.8272
vn -0.0000 0.4381 0.8989
vn -0.0000 0.3129 0.9498
vn -0.0000 0.1876 0.9823
vn -0.0000 0.0625 0.9980
vn -0.0000 -0.9978 -0.0661
vn -0.0000 -0.9802 -0.1982
vn -0.0000 -0.9442 -0.3294
vn -0.0000 -0.8886 -0.4586
vn -0.0000 -0.8118 -0.5839
vn -0.0000 -0.7121 -0.7021
vn -0.0000 -0.5884 -0.8086
vn -0.0000 -0.4414 -0.8973
vn -0.0000 -0.2742 -0.9617
vn -0.0000 -0.0930 -0.9957
vn -0.0000 0.9978 -0.0661
vn -0.0000 0.9802 -0.1982
vn -0.0000 0.9442 -0.3294
vn -0.0000 0.8886 -0.4586
vn -0.0000 0.8118 -0.5839
vn -0.0000 0.7121 -0.7021
vn -0.0000 0.5884 -0.8086
vn -0.0000 0.4414 -0.8973
vn -0.0000 0.2742 -0.9617
vn -0.0000 0.0930 -0.9957
vn -0.0000 -0.9978 0.0661
vn -0.0000 -0.9802 0.1982
vn -0.0000 -0.9442 0.3294
vn -0.0000 -0.8886 0.4586
vn -0.0000 -0.8118 0.5839
vn -0.0000 -0.7121 0.7021
vn -0.0000 -0.5884 0.8086
vn -0.0000 -0.4414 0.8973
vn -0.0000 -0.2742 0.9617
vn -0.0000 -0.0930 0.9957
vn -0.0000 0.9978 0.0661
vn -0.0000 0.9802 0.1982
vn -0.0000 0.9442 0.3294
vn -0.0000 0.8886 0.4586
vn -0.0000 0.8118 0.5839
vn -0.0000 0.7121 0.7021
vn -0.0000 0.5884 0.8086
vn -0.0000 0.4414 0.8973
vn -0.0000 0.2742 0.9617
vn -0.0000 0.0930 0.9957
vn -0.0000 -0.1719 -0.9851
vn -0.0000 -0.1719 0.9851
vt 0.750000 0.490000
vt 0.796822 0.485388
vt 0.841844 0.471731
vt 0.883337 0.449553
vt 0.919706 0.419706
vt 0.949553 0.383337
vt 0.971731 0.341844
vt 0.985388 0.296822
vt 0.990000 0.250000
vt 0.985388 0.203178
vt 0.971731 0.158156
vt 0.949553 0.116663
vt 0.919706 0.080294
vt 0.883337 0.050447
vt 0.841844 0.028269
vt 0.796822 0.014612
vt 0.750000 0.010000
vt 0.703178 0.014612
vt 0.658156 0.028269
vt 0.616663 0.050447
vt 0.580294 0.080294
vt 0.550447 0.116663
vt 0.528269 0.158156
vt 0.514612 0.203178
vt 0.510000 0.250000
vt 0.514612 0.296822
vt 0.528269 0.341844
vt 0.550447 0.383337
vt 0.580294 0.419706
vt 0.616663 0.449553
vt 0.658156 0.471731
vt 0.703178 0.485388
vt 1.000000 0.500000
vt 0.968750 0.500000
vt 0.968750 1.000000
vt 1.000000 1.000000
vt 0.937500 0.500000
vt 0.937500 1.000000
vt 0.906250 0.500000
vt 0.906250 1.000000
vt 0.875000 0.500000
vt 0.875000 1.000000
vt 0.843750 0.500000
vt 0.843750 1.000000
vt 0.812500 0.500000
vt 0.812500 1.000000
vt 0.781250 0.500000
vt 0.781250 1.000000
vt 0.750000 0.500000
vt 0.750000 1.000000
vt 0.718750 0.500000
vt 0.718750 1.000000
vt 0.687500 0.500000
vt 0.687500 1.000000
vt 0.656250 0.500000
vt 0.656250 1.000000
vt 0.625000 0.500000
vt 0.625000 1.000000
vt 0.593750 0.500000
vt 0.593750 1.000000
vt 0.562500 0.500000
vt 0.562500 1.000000
vt 0.531250 0.500000
vt 0.531250 1.000000
vt 0.500000 0.500000
vt 0.500000 1.000000
vt 0.468750 0.500000
vt 0.468750 1.000000
vt 0.437500 0.500000
vt 0.437500 1.000000
vt 0.406250 0.500000
vt 0.406250 1.000000
vt 0.375000 0.500000
vt 0.375000 1.000000
vt 0.343750 0.500000
vt 0.343750 1.000000
vt 0.312500 0.500000
vt 0.312500 1.000000
vt 0.281250 0.500000
vt 0.281250 1.000000
vt 0.250000 0.500000
vt 0.250000 1.000000
vt 0.218750 0.500000
vt 0.218750 1.000000
vt 0.187500 0.500000
vt 0.187500 1.000000
vt 0.156250 0.500000
vt 0.156250 1.000000
vt 0.125000 0.500000
vt 0.125000 1.000000
vt 0.093750 0.500000
vt 0.093750 1.000000
vt 0.062500 0.500000
vt 0.062500 1.000000
vt 0.031250 0.500000
vt 0.031250 1.000000
vt 0.000000 0.500000
vt 0.000000 1.000000
vt 0.803093 0.378179
vt 0.803094 0.378179
vt 0.827080 0.365358
vt 0.794426 0.473346
vt 0.750000 0.477722
vt 0.837145 0.460388
vt 0.876515 0.439344
vt 0.911024 0.411024
vt 0.939344 0.376516
vt 0.960388 0.337145
vt 0.973346 0.294426
vt 0.977722 0.250000
vt 0.973347 0.205574
vt 0.960388 0.162854
vt 0.939344 0.123484
vt 0.911024 0.088976
vt 0.876516 0.060656
vt 0.837145 0.039612
vt 0.794426 0.026653
vt 0.750000 0.022278
vt 0.705574 0.026653
vt 0.662854 0.039612
vt 0.623484 0.060656
vt 0.588976 0.088976
vt 0.560656 0.123484
vt 0.539612 0.162854
vt 0.526653 0.205574
vt 0.522278 0.250000
vt 0.526654 0.294426
vt 0.539612 0.337146
vt 0.560656 0.376516
vt 0.588976 0.411024
vt 0.623484 0.439344
vt 0.662854 0.460388
vt 0.705573 0.473346
vt 0.790020 0.451194
vt 0.750000 0.455136
vt 0.828502 0.439521
vt 0.863967 0.420564
vt 0.895053 0.395053
vt 0.920564 0.363967
vt 0.939521 0.328502
vt 0.951194 0.290020
vt 0.955136 0.250000
vt 0.951195 0.209980
vt 0.939521 0.171498
vt 0.920564 0.136032
vt 0.895053 0.104947
vt 0.863968 0.079435
vt 0.828502 0.060479
vt 0.790020 0.048805
vt 0.750000 0.044864
vt 0.709980 0.048805
vt 0.671498 0.060479
vt 0.636032 0.079435
vt 0.604947 0.104947
vt 0.579435 0.136032
vt 0.560479 0.171498
vt 0.548805 0.209980
vt 0.544864 0.250000
vt 0.548805 0.290020
vt 0.560479 0.328502
vt 0.579435 0.363968
vt 0.604947 0.395053
vt 0.636032 0.420564
vt 0.671498 0.439521
vt 0.709980 0.451194
vt 0.777067 0.386074
vt 0.750000 0.388740
vt 0.848104 0.348104
vt 0.865358 0.327080
vt 0.878179 0.303093
vt 0.886074 0.277067
vt 0.888740 0.250000
vt 0.886074 0.222933
vt 0.878179 0.196906
vt 0.865358 0.172920
vt 0.848104 0.151896
vt 0.827080 0.134642
vt 0.803093 0.121821
vt 0.777067 0.113926
vt 0.750000 0.111260
vt 0.722933 0.113926
vt 0.696906 0.121821
vt 0.672920 0.134642
vt 0.651896 0.151896
vt 0.634642 0.172920
vt 0.621821 0.196906
vt 0.613926 0.222933
vt 0.611260 0.250000
vt 0.613926 0.277067
vt 0.621821 0.303094
vt 0.634642 0.327080
vt 0.651896 0.348104
vt 0.672920 0.365358
vt 0.696907 0.378179
vt 0.722933 0.386074
vt 0.750000 0.111260
vt 0.722933 0.113926
vt 0.848104 0.348104
vt 0.696907 0.378179
vt 0.848104 0.348104
vt 0.696906 0.121821
vt 0.865358 0.327080
vt 0.878179 0.303093
vt 0.672920 0.134642
vt 0.886074 0.277067
vt 0.634642 0.172920
vt 0.888740 0.250000
vt 0.621821 0.196906
vt 0.613926 0.222933
vt 0.886074 0.222933
vt 0.878179 0.196906
vt 0.611260 0.250000
vt 0.865358 0.172920
vt 0.621821 0.303094
vt 0.827080 0.134642
vt 0.750000 0.355941
vt 0.729332 0.353906
vt 0.709458 0.347877
vt 0.691142 0.338087
vt 0.675088 0.324912
vt 0.661913 0.308858
vt 0.652123 0.290542
vt 0.646094 0.270668
vt 0.644058 0.250000
vt 0.646094 0.229332
vt 0.652123 0.209458
vt 0.661913 0.191142
vt 0.675088 0.175088
vt 0.691142 0.161913
vt 0.709458 0.152123
vt 0.729332 0.146094
vt 0.750000 0.144058
vt 0.770668 0.146094
vt 0.790542 0.152123
vt 0.808858 0.161913
vt 0.824912 0.175088
vt 0.838087 0.191142
vt 0.847877 0.209458
vt 0.853906 0.229332
vt 0.855941 0.250000
vt 0.853906 0.270668
vt 0.847877 0.290542
vt 0.838087 0.308858
vt 0.824912 0.324912
vt 0.808858 0.338087
vt 0.790542 0.347877
vt 0.770668 0.353906
vt 0.777067 0.113926
vt 0.750000 0.388740
vt 0.296822 0.485388
vt 0.341844 0.471731
vt 0.383337 0.449553
vt 0.419706 0.419706
vt 0.449553 0.383337
vt 0.471731 0.341844
vt 0.485388 0.296822
vt 0.490000 0.250000
vt 0.485388 0.203178
vt 0.471731 0.158156
vt 0.449553 0.116663
vt 0.419706 0.080294
vt 0.383337 0.050447
vt 0.341844 0.028269
vt 0.296822 0.014612
vt 0.250000 0.010000
vt 0.203178 0.014612
vt 0.158156 0.028269
vt 0.116663 0.050447
vt 0.080294 0.080294
vt 0.050447 0.116663
vt 0.028269 0.158156
vt 0.014612 0.203178
vt 0.010000 0.250000
vt 0.014612 0.296822
vt 0.028269 0.341844
vt 0.050447 0.383337
vt 0.080294 0.419706
vt 0.116663 0.449553
vt 0.158156 0.471731
vt 0.203178 0.485388
vt 0.250000 0.490000
vt 0.375000 0.000000
vt 0.625000 0.000000
vt 0.625000 0.250000
vt 0.375000 0.250000
vt 0.737561 0.540668
vt 0.737561 0.551466
vt 0.375000 0.750000
vt 0.625000 0.750000
vt 0.125000 0.750000
vt 0.625000 0.862561
vt 0.625000 0.387439
vt 0.625000 0.000917
vt 0.625000 0.003645
vt 0.625000 0.008118
vt 0.625000 0.014225
vt 0.625000 0.021816
vt 0.625000 0.030703
vt 0.625000 0.040668
vt 0.625000 0.051466
vt 0.625000 0.062831
vt 0.625000 0.074483
vt 0.625000 0.175517
vt 0.625000 0.187169
vt 0.625000 0.198534
vt 0.625000 0.209332
vt 0.625000 0.219297
vt 0.625000 0.228184
vt 0.625000 0.235775
vt 0.625000 0.241882
vt 0.625000 0.246355
vt 0.625000 0.249083
vt 0.737561 0.574483
vt 0.737561 0.675517
vt 0.625000 0.744470
vt 0.625000 0.505530
vt 0.737561 0.698534
vt 0.737561 0.709332
vt 0.875000 0.574483
vt 0.875000 0.675517
vt 0.875000 0.750000
vt 0.737561 0.750000
vt 0.737561 0.719297
vt 0.875000 0.719297
vt 0.875000 0.709332
vt 0.875000 0.698534
vt 0.737561 0.687169
vt 0.875000 0.687169
vt 0.737561 0.562831
vt 0.875000 0.562831
vt 0.875000 0.551466
vt 0.875000 0.540668
vt 0.737561 0.530703
vt 0.875000 0.530703
vt 0.737561 0.500000
vt 0.625000 0.500068
vt 0.625000 0.500271
vt 0.625000 0.500603
vt 0.625000 0.501056
vt 0.625000 0.501620
vt 0.625000 0.502280
vt 0.625000 0.503020
vt 0.625000 0.503821
vt 0.625000 0.504665
vt 0.625000 0.745335
vt 0.625000 0.746179
vt 0.625000 0.746980
vt 0.625000 0.747720
vt 0.625000 0.748380
vt 0.625000 0.748944
vt 0.625000 0.749397
vt 0.625000 0.749729
vt 0.625000 0.749932
vt 0.375000 0.744470
vt 0.375000 0.505530
vt 0.413864 0.505530
vt 0.413864 0.744470
vt 0.416187 0.500000
vt 0.416187 0.750000
vt 0.625000 0.750000
vt 0.625000 0.749977
vt 0.625000 0.749910
vt 0.625000 0.749799
vt 0.625000 0.749648
vt 0.625000 0.749460
vt 0.625000 0.747720
vt 0.625000 0.746980
vt 0.625000 0.746179
vt 0.625000 0.503821
vt 0.625000 0.502280
vt 0.625000 0.500540
vt 0.625000 0.500352
vt 0.625000 0.500201
vt 0.625000 0.500090
vt 0.625000 0.500023
vt 0.737561 0.505530
vt 0.737561 0.744470
vt 0.737561 0.500917
vt 0.737561 0.503645
vt 0.737561 0.508118
vt 0.737561 0.514225
vt 0.737561 0.521816
vt 0.737561 0.687169
vt 0.737561 0.698534
vt 0.737561 0.728184
vt 0.737561 0.735775
vt 0.737561 0.741882
vt 0.737561 0.746355
vt 0.737561 0.749083
vt 0.375000 0.500023
vt 0.375000 0.500090
vt 0.375000 0.500201
vt 0.375000 0.500352
vt 0.375000 0.500540
vt 0.374500 0.502280
vt 0.374715 0.503020
vt 0.374872 0.503821
vt 0.374968 0.504665
vt 0.374968 0.745335
vt 0.374872 0.746179
vt 0.374715 0.746980
vt 0.374500 0.747720
vt 0.375000 0.749460
vt 0.375000 0.749648
vt 0.375000 0.749799
vt 0.375000 0.749910
vt 0.375000 0.749977
vt 0.625000 0.862561
vt 0.625000 0.862561
vt 0.625000 0.504665
vt 0.624999 0.503821
vt 0.624997 0.503020
vt 0.624996 0.502280
vt 0.624993 0.500000
vt 0.624993 0.750000
vt 0.624996 0.747720
vt 0.624997 0.746980
vt 0.625000 0.746980
vt 0.624999 0.746179
vt 0.625000 0.745335
vt 0.625000 0.745335
vt 0.625000 0.503821
vt 0.625000 0.747720
vt 0.625000 0.746179
vt 0.625000 0.494696
vt 0.630304 0.500000
vt 0.741020 0.502280
vt 0.628458 0.502280
vt 0.739535 0.503020
vt 0.626974 0.503020
vt 0.738447 0.503821
vt 0.625886 0.503821
vt 0.737784 0.504665
vt 0.625223 0.504665
vt 0.625000 0.755304
vt 0.630304 0.750000
vt 0.628459 0.747720
vt 0.741020 0.747720
vt 0.626974 0.746980
vt 0.739535 0.746980
vt 0.625886 0.746179
vt 0.738447 0.746179
vt 0.625223 0.745335
vt 0.737784 0.745335
vt 0.415824 0.750000
vt 0.415469 0.750000
vt 0.415132 0.750000
vt 0.414822 0.750000
vt 0.413963 0.750000
vt 0.413928 0.747720
vt 0.413901 0.746980
vt 0.413881 0.746179
vt 0.413868 0.745335
vt 0.415824 0.500000
vt 0.415469 0.500000
vt 0.415132 0.500000
vt 0.414822 0.500000
vt 0.413963 0.500000
vt 0.413928 0.502280
vt 0.413901 0.503020
vt 0.413881 0.503821
vt 0.413868 0.504665
vt 0.502759 0.750000
vt 0.497241 0.750000
vt 0.497241 1.000000
vt 0.502759 1.000000
vt 0.375000 0.627759
vt 0.376573 0.607773
vt 0.381253 0.588279
vt 0.388925 0.569758
vt 0.399400 0.552664
vt 0.412420 0.537420
vt 0.427664 0.524400
vt 0.444758 0.513925
vt 0.463279 0.506253
vt 0.482773 0.501573
vt 0.502759 0.500000
vt 0.497241 0.500000
vt 0.517227 0.501573
vt 0.536721 0.506253
vt 0.555242 0.513925
vt 0.572336 0.524400
vt 0.587580 0.537420
vt 0.600600 0.552664
vt 0.611075 0.569758
vt 0.618747 0.588279
vt 0.623427 0.607773
vt 0.625000 0.627759
vt 0.625000 0.622241
vt 0.623427 0.642227
vt 0.618747 0.661721
vt 0.611075 0.680242
vt 0.600600 0.697336
vt 0.587580 0.712580
vt 0.572336 0.725600
vt 0.555242 0.736075
vt 0.536721 0.743747
vt 0.517227 0.748427
vt 0.482773 0.748427
vt 0.463279 0.743747
vt 0.444758 0.736075
vt 0.427664 0.725600
vt 0.412420 0.712580
vt 0.399400 0.697336
vt 0.388925 0.680242
vt 0.381253 0.661721
vt 0.376573 0.642227
vt 0.375000 0.622241
vt 0.875000 0.627759
vt 0.875000 0.622241
vt 0.375000 0.127759
vt 0.376573 0.107773
vt 0.381253 0.088279
vt 0.388925 0.069758
vt 0.399400 0.052664
vt 0.412420 0.037420
vt 0.427664 0.024400
vt 0.444758 0.013925
vt 0.463279 0.006253
vt 0.482773 0.001573
vt 0.502759 0.000000
vt 0.497241 0.000000
vt 0.517227 0.001573
vt 0.536721 0.006253
vt 0.555242 0.013925
vt 0.572336 0.024400
vt 0.587580 0.037420
vt 0.600600 0.052664
vt 0.611075 0.069758
vt 0.618747 0.088279
vt 0.623427 0.107773
vt 0.625000 0.127759
vt 0.625000 0.122241
vt 0.623427 0.142227
vt 0.618747 0.161721
vt 0.611075 0.180242
vt 0.600600 0.197336
vt 0.587580 0.212580
vt 0.572336 0.225600
vt 0.555242 0.236075
vt 0.536721 0.243747
vt 0.517227 0.248427
vt 0.497241 0.250000
vt 0.502759 0.250000
vt 0.482773 0.248427
vt 0.463279 0.243747
vt 0.444758 0.236075
vt 0.427664 0.225600
vt 0.412420 0.212580
vt 0.399400 0.197336
vt 0.388925 0.180242
vt 0.381253 0.161721
vt 0.376573 0.142227
vt 0.375000 0.122241
vt 0.125000 0.627759
vt 0.125000 0.607773
vt 0.375000 0.607773
vt 0.125000 0.588279
vt 0.375000 0.588279
vt 0.125000 0.569758
vt 0.375000 0.569758
vt 0.125000 0.552664
vt 0.375000 0.552664
vt 0.427664 0.250000
vt 0.427664 0.500000
vt 0.444758 0.250000
vt 0.444758 0.500000
vt 0.463279 0.250000
vt 0.463279 0.500000
vt 0.482773 0.250000
vt 0.482773 0.500000
vt 0.625000 0.607773
vt 0.875000 0.607773
vt 0.625000 0.588279
vt 0.875000 0.588279
vt 0.625000 0.569758
vt 0.875000 0.569758
vt 0.625000 0.552664
vt 0.875000 0.552664
vt 0.572336 0.500000
vt 0.572336 0.250000
vt 0.555242 0.500000
vt 0.555242 0.250000
vt 0.536721 0.500000
vt 0.536721 0.250000
vt 0.517227 0.500000
vt 0.517227 0.250000
vt 0.125000 0.622241
vt 0.375000 0.642227
vt 0.125000 0.642227
vt 0.375000 0.661721
vt 0.125000 0.661721
vt 0.375000 0.680242
vt 0.125000 0.680242
vt 0.375000 0.697336
vt 0.125000 0.697336
vt 0.427664 0.750000
vt 0.427664 1.000000
vt 0.444758 0.750000
vt 0.444758 1.000000
vt 0.463279 0.750000
vt 0.463279 1.000000
vt 0.482773 0.750000
vt 0.482773 1.000000
vt 0.875000 0.642227
vt 0.625000 0.642227
vt 0.875000 0.661721
vt 0.625000 0.661721
vt 0.875000 0.680242
vt 0.625000 0.680242
vt 0.875000 0.697336
vt 0.625000 0.697336
vt 0.572336 1.000000
vt 0.572336 0.750000
vt 0.555242 1.000000
vt 0.555242 0.750000
vt 0.536721 1.000000
vt 0.536721 0.750000
vt 0.517227 1.000000
vt 0.517227 0.750000
vt 0.375000 0.875117
vt 0.376540 0.855545
vt 0.381124 0.836454
vt 0.388637 0.818315
vt 0.398895 0.801575
vt 0.411646 0.786646
vt 0.426575 0.773895
vt 0.443315 0.763637
vt 0.461454 0.756124
vt 0.480545 0.751540
vt 0.500117 0.750000
vt 0.499883 0.750000
vt 0.519455 0.751540
vt 0.538546 0.756124
vt 0.556685 0.763637
vt 0.573425 0.773895
vt 0.588354 0.786646
vt 0.601105 0.801575
vt 0.611363 0.818315
vt 0.618876 0.836454
vt 0.623460 0.855545
vt 0.625000 0.875117
vt 0.625000 0.874883
vt 0.623460 0.894455
vt 0.618876 0.913546
vt 0.611363 0.931685
vt 0.601105 0.948425
vt 0.588354 0.963354
vt 0.573425 0.976105
vt 0.556685 0.986363
vt 0.538546 0.993876
vt 0.519455 0.998460
vt 0.499883 1.000000
vt 0.500117 1.000000
vt 0.480545 0.998460
vt 0.461454 0.993876
vt 0.443315 0.986363
vt 0.426575 0.976105
vt 0.411646 0.963354
vt 0.398895 0.948425
vt 0.388637 0.931685
vt 0.381124 0.913546
vt 0.376540 0.894456
vt 0.375000 0.874883
vt 0.500117 0.500000
vt 0.499883 0.500000
vt 0.750117 0.500000
vt 0.749883 0.500000
vt 0.749883 0.750000
vt 0.750117 0.750000
vt 0.500117 0.000000
vt 0.499883 0.000000
vt 0.499883 0.250000
vt 0.500117 0.250000
vt 0.375000 0.375117
vt 0.376540 0.355545
vt 0.381124 0.336454
vt 0.388637 0.318315
vt 0.398895 0.301575
vt 0.411646 0.286646
vt 0.426575 0.273895
vt 0.443315 0.263637
vt 0.461454 0.256124
vt 0.480545 0.251540
vt 0.519455 0.251540
vt 0.538546 0.256124
vt 0.556685 0.263637
vt 0.573425 0.273895
vt 0.588354 0.286646
vt 0.601105 0.301575
vt 0.611363 0.318315
vt 0.618876 0.336454
vt 0.623460 0.355545
vt 0.625000 0.375117
vt 0.625000 0.374883
vt 0.623460 0.394455
vt 0.618876 0.413546
vt 0.611363 0.431685
vt 0.601105 0.448425
vt 0.588354 0.463354
vt 0.573425 0.476105
vt 0.556685 0.486363
vt 0.538546 0.493876
vt 0.519455 0.498460
vt 0.480545 0.498460
vt 0.461454 0.493876
vt 0.443315 0.486363
vt 0.426575 0.476105
vt 0.411646 0.463354
vt 0.398895 0.448425
vt 0.388637 0.431685
vt 0.381124 0.413546
vt 0.376540 0.394455
vt 0.375000 0.374883
vt 0.250117 0.500000
vt 0.250117 0.750000
vt 0.230545 0.750000
vt 0.230545 0.500000
vt 0.211454 0.750000
vt 0.211454 0.500000
vt 0.193315 0.750000
vt 0.193315 0.500000
vt 0.176575 0.750000
vt 0.176575 0.500000
vt 0.426575 0.000000
vt 0.426575 0.250000
vt 0.443315 0.000000
vt 0.443315 0.250000
vt 0.461454 0.000000
vt 0.461454 0.250000
vt 0.480545 0.000000
vt 0.480545 0.250000
vt 0.769455 0.500000
vt 0.769455 0.750000
vt 0.788546 0.500000
vt 0.788546 0.750000
vt 0.806685 0.500000
vt 0.806685 0.750000
vt 0.823425 0.500000
vt 0.823425 0.750000
vt 0.573425 0.250000
vt 0.573425 0.000000
vt 0.556685 0.250000
vt 0.556685 0.000000
vt 0.538546 0.250000
vt 0.538546 0.000000
vt 0.519455 0.250000
vt 0.519455 0.000000
vt 0.249883 0.750000
vt 0.249883 0.500000
vt 0.269455 0.500000
vt 0.269455 0.750000
vt 0.288546 0.500000
vt 0.288546 0.750000
vt 0.306685 0.500000
vt 0.306685 0.750000
vt 0.323425 0.500000
vt 0.323425 0.750000
vt 0.426575 0.500000
vt 0.426575 0.750000
vt 0.443315 0.500000
vt 0.443315 0.750000
vt 0.461454 0.500000
vt 0.461454 0.750000
vt 0.480545 0.500000
vt 0.480545 0.750000
vt 0.730545 0.750000
vt 0.730545 0.500000
vt 0.711454 0.750000
vt 0.711454 0.500000
vt 0.693315 0.750000
vt 0.693315 0.500000
vt 0.676575 0.750000
vt 0.676575 0.500000
vt 0.573425 0.750000
vt 0.573425 0.500000
vt 0.556685 0.750000
vt 0.556685 0.500000
vt 0.538546 0.750000
vt 0.538546 0.500000
vt 0.519455 0.750000
vt 0.519455 0.500000
vt 0.440988 0.000000
vt 0.625000 0.031466
vt 0.625000 0.211482
vt 0.399743 0.250000
vt 0.399743 0.500000
vt 0.625000 0.538518
vt 0.625000 0.718534
vt 0.440988 0.750000
vt 0.440988 1.000000
vt 0.875000 0.538518
vt 0.875000 0.718534
vt 0.585226 0.351487
vt 0.467344 0.351487
vt 0.467344 0.331980
vt 0.585226 0.331980
vt 0.585226 0.351487
vt 0.440922 0.331980
vt 0.440922 0.351487
s 0
f 3184/3128/1340 3185/3129/1340 3186/3130/1340 3187/3131/1340 3188/3132/1340 3189/3133/1340 3190/3134/1340 3191/3135/1340 3192/3136/1340 3193/3137/1340 3194/3138/1340 3195/3139/1340 3196/3140/1340 3197/3141/1340 3198/3142/1340 3199/3143/1340 3200/3144/1340 3201/3145/1340 3202/3146/1340 3203/3147/1340 3204/3148/1340 3205/3149/1340 3206/3150/1340 3207/3151/1340 3208/3152/1340 3209/3153/1340 3210/3154/1340 3211/3155/1340 3212/3156/1340 3213/3157/1340 3214/3158/1340 3215/3159/1340
f 3280/3160/1341 3281/3161/1341 3219/3162/1341 3217/3163/1341
f 3281/3161/1342 3282/3164/1342 3221/3165/1342 3219/3162/1342
f 3282/3164/1343 3283/3166/1343 3223/3167/1343 3221/3165/1343
f 3283/3166/1344 3284/3168/1344 3225/3169/1344 3223/3167/1344
f 3284/3168/1345 3285/3170/1345 3227/3171/1345 3225/3169/1345
f 3285/3170/1346 3286/3172/1346 3229/3173/1346 3227/3171/1346
f 3286/3172/1347 3287/3174/1347 3231/3175/1347 3229/3173/1347
f 3287/3174/1348 3288/3176/1348 3233/3177/1348 3231/3175/1348
f 3288/3176/1349 3289/3178/1349 3235/3179/1349 3233/3177/1349
f 3289/3178/1350 3290/3180/1350 3237/3181/1350 3235/3179/1350
f 3290/3180/1351 3291/3182/1351 3239/3183/1351 3237/3181/1351
f 3291/3182/1352 3292/3184/1352 3241/3185/1352 3239/3183/1352
f 3292/3184/1353 3293/3186/1353 3243/3187/1353 3241/3185/1353
f 3293/3186/1354 3294/3188/1354 3245/3189/1354 3243/3187/1354
f 3294/3188/1355 3295/3190/1355 3247/3191/1355 3245/3189/1355
f 3295/3190/1356 3296/3192/1356 3249/3193/1356 3247/3191/1356
f 3296/3192/1357 3297/3194/1357 3251/3195/1357 3249/3193/1357
f 3297/3194/1358 3298/3196/1358 3253/3197/1358 3251/3195/1358
f 3298/3196/1359 3299/3198/1359 3255/3199/1359 3253/3197/1359
f 3299/3198/1360 3300/3200/1360 3257/3201/1360 3255/3199/1360
f 3300/3200/1361 3301/3202/1361 3259/3203/1361 3257/3201/1361
f 3301/3202/1362 3302/3204/1362 3261/3205/1362 3259/3203/1362
f 3302/3204/1363 3303/3206/1363 3263/3207/1363 3261/3205/1363
f 3303/3206/1364 3304/3208/1364 3265/3209/1364 3263/3207/1364
f 3304/3208/1365 3305/3210/1365 3267/3211/1365 3265/3209/1365
f 3305/3210/1366 3306/3212/1366 3269/3213/1366 3267/3211/1366
f 3306/3212/1367 3307/3214/1367 3271/3215/1367 3269/3213/1367
f 3307/3214/1368 3308/3216/1368 3273/3217/1368 3271/3215/1368
f 3308/3216/1369 3309/3218/1369 3275/3219/1369 3273/3217/1369
f 3309/3218/1370 3310/3220/1370 3277/3221/1370 3275/3219/1370
f 3271/3215/1367 3563/3215/1367 3562/3213/1367 3269/3213/1367
f 3310/3220/1371 3311/3222/1371 3279/3223/1371 3277/3221/1371
f 3311/3222/1372 3280/3224/1372 3217/3225/1372 3279/3223/1372
f 3220/3226/1343 3476/3227/1343 3478/3228/1343 3222/3228/1343
f 3313/3129/1373 3281/3129/1373 3280/3128/1373 3312/3128/1373
f 3314/3130/1373 3282/3130/1373 3281/3129/1373 3313/3129/1373
f 3315/3131/1373 3283/3131/1373 3282/3130/1373 3314/3130/1373
f 3316/3132/1373 3284/3132/1373 3283/3131/1373 3315/3131/1373
f 3317/3133/1373 3285/3133/1373 3284/3132/1373 3316/3132/1373
f 3318/3134/1373 3286/3134/1373 3285/3133/1373 3317/3133/1373
f 3319/3135/1373 3287/3135/1373 3286/3134/1373 3318/3134/1373
f 3320/3136/1373 3288/3136/1373 3287/3135/1373 3319/3135/1373
f 3321/3137/1373 3289/3137/1373 3288/3136/1373 3320/3136/1373
f 3322/3138/1373 3290/3138/1373 3289/3137/1373 3321/3137/1373
f 3323/3139/1373 3291/3139/1373 3290/3138/1373 3322/3138/1373
f 3324/3140/1373 3292/3140/1373 3291/3139/1373 3323/3139/1373
f 3325/3141/1373 3293/3141/1373 3292/3140/1373 3324/3140/1373
f 3326/3142/1373 3294/3142/1373 3293/3141/1373 3325/3141/1373
f 3327/3143/1373 3295/3143/1373 3294/3142/1373 3326/3142/1373
f 3328/3144/1373 3296/3144/1373 3295/3143/1373 3327/3143/1373
f 3329/3145/1373 3297/3145/1373 3296/3144/1373 3328/3144/1373
f 3330/3146/1373 3298/3146/1373 3297/3145/1373 3329/3145/1373
f 3331/3147/1373 3299/3147/1373 3298/3146/1373 3330/3146/1373
f 3332/3148/1373 3300/3148/1373 3299/3147/1373 3331/3147/1373
f 3333/3149/1373 3301/3149/1373 3300/3148/1373 3332/3148/1373
f 3334/3150/1373 3302/3150/1373 3301/3149/1373 3333/3149/1373
f 3335/3151/1373 3303/3151/1373 3302/3150/1373 3334/3150/1373
f 3336/3152/1373 3304/3152/1373 3303/3151/1373 3335/3151/1373
f 3337/3153/1373 3305/3153/1373 3304/3152/1373 3336/3152/1373
f 3338/3154/1373 3306/3154/1373 3305/3153/1373 3337/3153/1373
f 3339/3155/1373 3307/3155/1373 3306/3154/1373 3338/3154/1373
f 3340/3156/1373 3308/3156/1373 3307/3155/1373 3339/3155/1373
f 3341/3157/1373 3309/3157/1373 3308/3156/1373 3340/3156/1373
f 3342/3158/1373 3310/3158/1373 3309/3157/1373 3341/3157/1373
f 3343/3159/1373 3311/3159/1373 3310/3158/1373 3342/3158/1373
f 3312/3128/1373 3280/3128/1373 3311/3159/1373 3343/3159/1373
f 3345/3229/1374 3313/3129/1374 3312/3128/1374 3344/3230/1374
f 3346/3231/1375 3314/3130/1375 3313/3129/1375 3345/3229/1375
f 3347/3232/1376 3315/3131/1376 3314/3130/1376 3346/3231/1376
f 3348/3233/1377 3316/3132/1377 3315/3131/1377 3347/3232/1377
f 3349/3234/1378 3317/3133/1378 3316/3132/1378 3348/3233/1378
f 3350/3235/1379 3318/3134/1379 3317/3133/1379 3349/3234/1379
f 3351/3236/1380 3319/3135/1380 3318/3134/1380 3350/3235/1380
f 3352/3237/1381 3320/3136/1381 3319/3135/1381 3351/3236/1381
f 3353/3238/1382 3321/3137/1382 3320/3136/1382 3352/3237/1382
f 3354/3239/1383 3322/3138/1383 3321/3137/1383 3353/3238/1383
f 3355/3240/1384 3323/3139/1384 3322/3138/1384 3354/3239/1384
f 3356/3241/1385 3324/3140/1385 3323/3139/1385 3355/3240/1385
f 3357/3242/1386 3325/3141/1386 3324/3140/1386 3356/3241/1386
f 3358/3243/1387 3326/3142/1387 3325/3141/1387 3357/3242/1387
f 3359/3244/1388 3327/3143/1388 3326/3142/1388 3358/3243/1388
f 3360/3245/1389 3328/3144/1389 3327/3143/1389 3359/3244/1389
f 3361/3246/1390 3329/3145/1390 3328/3144/1390 3360/3245/1390
f 3362/3247/1391 3330/3146/1391 3329/3145/1391 3361/3246/1391
f 3363/3248/1392 3331/3147/1392 3330/3146/1392 3362/3247/1392
f 3364/3249/1393 3332/3148/1393 3331/3147/1393 3363/3248/1393
f 3365/3250/1394 3333/3149/1394 3332/3148/1394 3364/3249/1394
f 3366/3251/1395 3334/3150/1395 3333/3149/1395 3365/3250/1395
f 3367/3252/1396 3335/3151/1396 3334/3150/1396 3366/3251/1396
f 3368/3253/1397 3336/3152/1397 3335/3151/1397 3367/3252/1397
f 3369/3254/1398 3337/3153/1398 3336/3152/1398 3368/3253/1398
f 3370/3255/1399 3338/3154/1399 3337/3153/1399 3369/3254/1399
f 3371/3256/1400 3339/3155/1400 3338/3154/1400 3370/3255/1400
f 3372/3257/1401 3340/3156/1401 3339/3155/1401 3371/3256/1401
f 3373/3258/1402 3341/3157/1402 3340/3156/1402 3372/3257/1402
f 3374/3259/1403 3342/3158/1403 3341/3157/1403 3373/3258/1403
f 3375/3260/1404 3343/3159/1404 3342/3158/1404 3374/3259/1404
f 3344/3230/1405 3312/3128/1405 3343/3159/1405 3375/3260/1405
f 3377/3229/1373 3345/3229/1373 3344/3230/1373 3376/3230/1373
f 3378/3231/1373 3346/3231/1373 3345/3229/1373 3377/3229/1373
f 3379/3232/1373 3347/3232/1373 3346/3231/1373 3378/3231/1373
f 3380/3233/1373 3348/3233/1373 3347/3232/1373 3379/3232/1373
f 3381/3234/1373 3349/3234/1373 3348/3233/1373 3380/3233/1373
f 3382/3235/1373 3350/3235/1373 3349/3234/1373 3381/3234/1373
f 3383/3236/1373 3351/3236/1373 3350/3235/1373 3382/3235/1373
f 3384/3237/1373 3352/3237/1373 3351/3236/1373 3383/3236/1373
f 3385/3238/1373 3353/3238/1373 3352/3237/1373 3384/3237/1373
f 3386/3239/1373 3354/3239/1373 3353/3238/1373 3385/3238/1373
f 3387/3240/1373 3355/3240/1373 3354/3239/1373 3386/3239/1373
f 3388/3241/1373 3356/3241/1373 3355/3240/1373 3387/3240/1373
f 3389/3242/1373 3357/3242/1373 3356/3241/1373 3388/3241/1373
f 3390/3243/1373 3358/3243/1373 3357/3242/1373 3389/3242/1373
f 3391/3244/1373 3359/3244/1373 3358/3243/1373 3390/3243/1373
f 3392/3245/1373 3360/3245/1373 3359/3244/1373 3391/3244/1373
f 3393/3246/1373 3361/3246/1373 3360/3245/1373 3392/3245/1373
f 3394/3247/1373 3362/3247/1373 3361/3246/1373 3393/3246/1373
f 3395/3248/1373 3363/3248/1373 3362/3247/1373 3394/3247/1373
f 3396/3249/1373 3364/3249/1373 3363/3248/1373 3395/3248/1373
f 3397/3250/1373 3365/3250/1373 3364/3249/1373 3396/3249/1373
f 3398/3251/1373 3366/3251/1373 3365/3250/1373 3397/3250/1373
f 3399/3252/1373 3367/3252/1373 3366/3251/1373 3398/3251/1373
f 3400/3253/1373 3368/3253/1373 3367/3252/1373 3399/3252/1373
f 3401/3254/1373 3369/3254/1373 3368/3253/1373 3400/3253/1373
f 3402/3255/1373 3370/3255/1373 3369/3254/1373 3401/3254/1373
f 3403/3256/1373 3371/3256/1373 3370/3255/1373 3402/3255/1373
f 3404/3257/1373 3372/3257/1373 3371/3256/1373 3403/3256/1373
f 3405/3258/1373 3373/3258/1373 3372/3257/1373 3404/3257/1373
f 3406/3259/1373 3374/3259/1373 3373/3258/1373 3405/3258/1373
f 3407/3260/1373 3375/3260/1373 3374/3259/1373 3406/3259/1373
f 3376/3230/1373 3344/3230/1373 3375/3260/1373 3407/3260/1373
f 3409/3261/1406 3377/3229/1406 3376/3230/1406 3408/3262/1406
f 3410/3263/1407 3378/3231/1407 3377/3229/1407 3409/3261/1407
f 3411/3264/1408 3379/3232/1408 3378/3231/1408 3410/3263/1408
f 3412/3265/1409 3380/3233/1409 3379/3232/1409 3411/3264/1409
f 3413/3266/1410 3381/3234/1410 3380/3233/1410 3412/3265/1410
f 3414/3267/1411 3382/3235/1411 3381/3234/1411 3413/3266/1411
f 3415/3268/1412 3383/3236/1412 3382/3235/1412 3414/3267/1412
f 3416/3269/1413 3384/3237/1413 3383/3236/1413 3415/3268/1413
f 3417/3270/1414 3385/3238/1414 3384/3237/1414 3416/3269/1414
f 3418/3271/1415 3386/3239/1415 3385/3238/1415 3417/3270/1415
f 3419/3272/1416 3387/3240/1416 3386/3239/1416 3418/3271/1416
f 3420/3273/1417 3388/3241/1417 3387/3240/1417 3419/3272/1417
f 3421/3274/1418 3389/3242/1418 3388/3241/1418 3420/3273/1418
f 3422/3275/1419 3390/3243/1419 3389/3242/1419 3421/3274/1419
f 3423/3276/1420 3391/3244/1420 3390/3243/1420 3422/3275/1420
f 3424/3277/1421 3392/3245/1421 3391/3244/1421 3423/3276/1421
f 3425/3278/1422 3393/3246/1422 3392/3245/1422 3424/3277/1422
f 3426/3279/1423 3394/3247/1423 3393/3246/1423 3425/3278/1423
f 3427/3280/1424 3395/3248/1424 3394/3247/1424 3426/3279/1424
f 3428/3281/1425 3396/3249/1425 3395/3248/1425 3427/3280/1425
f 3429/3282/1426 3397/3250/1426 3396/3249/1426 3428/3281/1426
f 3430/3283/1427 3398/3251/1427 3397/3250/1427 3429/3282/1427
f 3431/3284/1428 3399/3252/1428 3398/3251/1428 3430/3283/1428
f 3432/3285/1429 3400/3253/1429 3399/3252/1429 3431/3284/1429
f 3433/3286/1430 3401/3254/1430 3400/3253/1430 3432/3285/1430
f 3434/3287/1431 3402/3255/1431 3401/3254/1431 3433/3286/1431
f 3435/3288/1432 3403/3256/1432 3402/3255/1432 3434/3287/1432
f 3436/3289/1433 3404/3257/1433 3403/3256/1433 3435/3288/1433
f 3437/3290/1434 3405/3258/1434 3404/3257/1434 3436/3289/1434
f 3438/3291/1435 3406/3259/1435 3405/3258/1435 3437/3290/1435
f 3439/3292/1436 3407/3260/1436 3406/3259/1436 3438/3291/1436
f 3408/3262/1437 3376/3230/1437 3407/3260/1437 3439/3292/1437
f 3441/3261/1373 3409/3261/1373 3408/3262/1373 3440/3262/1373
f 3442/3263/1373 3410/3263/1373 3409/3261/1373 3441/3261/1373
f 3443/3264/1373 3411/3264/1373 3410/3263/1373 3442/3263/1373
f 3444/3265/1373 3412/3265/1373 3411/3264/1373 3443/3264/1373
f 3445/3266/1373 3413/3266/1373 3412/3265/1373 3444/3265/1373
f 3446/3267/1373 3414/3267/1373 3413/3266/1373 3445/3266/1373
f 3447/3268/1373 3415/3268/1373 3414/3267/1373 3446/3267/1373
f 3448/3269/1373 3416/3269/1373 3415/3268/1373 3447/3268/1373
f 3449/3270/1373 3417/3270/1373 3416/3269/1373 3448/3269/1373
f 3450/3271/1373 3418/3271/1373 3417/3270/1373 3449/3270/1373
f 3451/3272/1373 3419/3272/1373 3418/3271/1373 3450/3271/1373
f 3452/3273/1373 3420/3273/1373 3419/3272/1373 3451/3272/1373
f 3453/3274/1373 3421/3274/1373 3420/3273/1373 3452/3273/1373
f 3454/3275/1373 3422/3275/1373 3421/3274/1373 3453/3274/1373
f 3455/3276/1373 3423/3276/1373 3422/3275/1373 3454/3275/1373
f 3456/3277/1373 3424/3277/1373 3423/3276/1373 3455/3276/1373
f 3457/3278/1373 3425/3278/1373 3424/3277/1373 3456/3277/1373
f 3458/3279/1373 3426/3279/1373 3425/3278/1373 3457/3278/1373
f 3459/3280/1373 3427/3280/1373 3426/3279/1373 3458/3279/1373
f 3460/3281/1373 3428/3281/1373 3427/3280/1373 3459/3280/1373
f 3461/3282/1373 3429/3282/1373 3428/3281/1373 3460/3281/1373
f 3462/3283/1373 3430/3283/1373 3429/3282/1373 3461/3282/1373
f 3463/3284/1373 3431/3284/1373 3430/3283/1373 3462/3283/1373
f 3464/3285/1373 3432/3285/1373 3431/3284/1373 3463/3284/1373
f 3465/3286/1373 3433/3286/1373 3432/3285/1373 3464/3285/1373
f 3466/3287/1373 3434/3287/1373 3433/3286/1373 3465/3286/1373
f 3467/3288/1373 3435/3288/1373 3434/3287/1373 3466/3287/1373
f 3468/3289/1373 3436/3289/1373 3435/3288/1373 3467/3288/1373
f 3469/3290/1373 3437/3290/1373 3436/3289/1373 3468/3289/1373
f 3470/3291/1373 3438/3291/1373 3437/3290/1373 3469/3290/1373
f 3471/3292/1373 3439/3292/1373 3438/3291/1373 3470/3291/1373
f 3440/3262/1373 3408/3262/1373 3439/3292/1373 3471/3292/1373
f 3218/3293/1373 3441/3261/1373 3440/3262/1373 3216/3294/1373
f 3220/3226/1373 3442/3263/1373 3441/3261/1373 3218/3293/1373
f 3222/3228/1373 3443/3264/1373 3442/3263/1373 3220/3226/1373
f 3224/3295/1373 3444/3265/1373 3443/3264/1373 3222/3228/1373
f 3226/3296/1373 3445/3266/1373 3444/3265/1373 3224/3295/1373
f 3228/3297/1373 3446/3267/1373 3445/3266/1373 3226/3296/1373
f 3230/3298/1373 3447/3268/1373 3446/3267/1373 3228/3297/1373
f 3232/3299/1373 3448/3269/1373 3447/3268/1373 3230/3298/1373
f 3234/3300/1373 3449/3270/1373 3448/3269/1373 3232/3299/1373
f 3236/3301/1373 3450/3271/1373 3449/3270/1373 3234/3300/1373
f 3238/3302/1373 3451/3272/1373 3450/3271/1373 3236/3301/1373
f 3240/3303/1373 3452/3273/1373 3451/3272/1373 3238/3302/1373
f 3242/3304/1373 3453/3274/1373 3452/3273/1373 3240/3303/1373
f 3244/3305/1373 3454/3275/1373 3453/3274/1373 3242/3304/1373
f 3246/3306/1373 3455/3276/1373 3454/3275/1373 3244/3305/1373
f 3248/3307/1373 3456/3277/1373 3455/3276/1373 3246/3306/1373
f 3250/3308/1373 3457/3278/1373 3456/3277/1373 3248/3307/1373
f 3252/3309/1373 3458/3279/1373 3457/3278/1373 3250/3308/1373
f 3254/3310/1373 3459/3280/1373 3458/3279/1373 3252/3309/1373
f 3256/3311/1373 3460/3281/1373 3459/3280/1373 3254/3310/1373
f 3258/3312/1373 3461/3282/1373 3460/3281/1373 3256/3311/1373
f 3260/3313/1373 3462/3283/1373 3461/3282/1373 3258/3312/1373
f 3262/3314/1373 3463/3284/1373 3462/3283/1373 3260/3313/1373
f 3264/3315/1373 3464/3285/1373 3463/3284/1373 3262/3314/1373
f 3266/3316/1373 3465/3286/1373 3464/3285/1373 3264/3315/1373
f 3268/3317/1373 3466/3287/1373 3465/3286/1373 3266/3316/1373
f 3270/3318/1373 3467/3288/1373 3466/3287/1373 3268/3317/1373
f 3272/3319/1373 3468/3289/1373 3467/3288/1373 3270/3318/1373
f 3274/3320/1373 3469/3290/1373 3468/3289/1373 3272/3319/1373
f 3276/3321/1373 3470/3291/1373 3469/3290/1373 3274/3320/1373
f 3278/3322/1373 3471/3292/1373 3470/3291/1373 3276/3321/1373
f 3216/3294/1373 3440/3262/1373 3471/3292/1373 3278/3322/1373
f 3278/3322/1372 3534/3322/1372 3473/3294/1372 3216/3294/1372
f 3274/3320/1370 3530/3320/1370 3532/3321/1370 3276/3321/1370
f 3248/3307/1357 3504/3323/1357 3506/3324/1357 3250/3308/1357
f 3222/3228/1344 3478/3228/1344 3480/3325/1344 3224/3295/1344
f 3276/3321/1371 3532/3326/1371 3534/3322/1371 3278/3322/1371
f 3250/3308/1358 3506/3308/1358 3508/3309/1358 3252/3309/1358
f 3224/3295/1345 3480/3327/1345 3482/3296/1345 3226/3296/1345
f 3252/3309/1359 3508/3328/1359 3510/3310/1359 3254/3310/1359
f 3226/3296/1346 3482/3329/1346 3484/3330/1346 3228/3297/1346
f 3218/3293/1342 3474/3293/1342 3476/3226/1342 3220/3226/1342
f 3254/3310/1360 3510/3331/1360 3512/3311/1360 3256/3311/1360
f 3228/3297/1347 3484/3297/1347 3486/3332/1347 3230/3298/1347
f 3256/3311/1361 3512/3311/1361 3514/3312/1361 3258/3312/1361
f 3230/3298/1348 3486/3332/1348 3488/3299/1348 3232/3299/1348
f 3258/3312/1362 3514/3333/1362 3516/3313/1362 3260/3313/1362
f 3232/3299/1349 3488/3334/1349 3490/3300/1349 3234/3300/1349
f 3260/3313/1363 3516/3335/1363 3518/3336/1363 3262/3314/1363
f 3234/3300/1350 3490/3337/1350 3492/3338/1350 3236/3301/1350
f 3262/3314/1364 3518/3314/1364 3520/3315/1364 3264/3315/1364
f 3236/3301/1351 3492/3338/1351 3494/3302/1351 3238/3302/1351
f 3264/3315/1365 3520/3339/1365 3522/3316/1365 3266/3316/1365
f 3238/3302/1352 3494/3340/1352 3496/3303/1352 3240/3303/1352
f 3266/3316/1366 3522/3316/1366 3524/3317/1366 3268/3317/1366
f 3240/3303/1353 3496/3303/1353 3498/3304/1353 3242/3304/1353
f 3268/3317/1367 3524/3341/1367 3526/3318/1367 3270/3318/1367
f 3242/3304/1354 3498/3342/1354 3500/3305/1354 3244/3305/1354
f 3270/3318/1368 3526/3318/1368 3528/3319/1368 3272/3319/1368
f 3244/3305/1355 3500/3305/1355 3502/3306/1355 3246/3306/1355
f 3472/3343/1373 3535/3344/1373 3533/3345/1373 3531/3346/1373 3529/3347/1373 3527/3348/1373 3525/3349/1373 3523/3350/1373 3521/3351/1373 3519/3352/1373 3517/3353/1373 3515/3354/1373 3513/3355/1373 3511/3356/1373 3509/3357/1373 3507/3358/1373 3505/3359/1373 3503/3360/1373 3501/3361/1373 3499/3362/1373 3497/3363/1373 3495/3364/1373 3493/3365/1373 3491/3366/1373 3489/3367/1373 3487/3368/1373 3485/3369/1373 3483/3370/1373 3481/3371/1373 3479/3372/1373 3477/3373/1373 3475/3374/1373
f 3272/3319/1369 3528/3319/1369 3530/3320/1369 3274/3320/1369
f 3246/3306/1356 3502/3375/1356 3504/3307/1356 3248/3307/1356
f 3473/3376/1438 3472/3343/1438 3475/3374/1438 3474/3293/1438
f 3474/3293/1439 3475/3374/1439 3477/3373/1439 3476/3226/1439
f 3476/3227/1440 3477/3373/1440 3479/3372/1440 3478/3228/1440
f 3478/3228/1441 3479/3372/1441 3481/3371/1441 3480/3325/1441
f 3480/3327/1442 3481/3371/1442 3483/3370/1442 3482/3296/1442
f 3482/3329/1443 3483/3370/1443 3485/3369/1443 3484/3330/1443
f 3484/3297/1444 3485/3369/1444 3487/3368/1444 3486/3332/1444
f 3486/3332/1445 3487/3368/1445 3489/3367/1445 3488/3299/1445
f 3488/3334/1446 3489/3367/1446 3491/3366/1446 3490/3300/1446
f 3490/3337/1447 3491/3366/1447 3493/3365/1447 3492/3338/1447
f 3492/3338/1448 3493/3365/1448 3495/3364/1448 3494/3302/1448
f 3494/3340/1449 3495/3364/1449 3497/3363/1449 3496/3303/1449
f 3496/3303/1450 3497/3363/1450 3499/3362/1450 3498/3304/1450
f 3498/3342/1451 3499/3362/1451 3501/3361/1451 3500/3305/1451
f 3500/3305/1452 3501/3361/1452 3503/3360/1452 3502/3306/1452
f 3502/3375/1453 3503/3360/1453 3505/3359/1453 3504/3307/1453
f 3504/3323/1454 3505/3359/1454 3507/3358/1454 3506/3324/1454
f 3506/3308/1455 3507/3358/1455 3509/3357/1455 3508/3309/1455
f 3508/3328/1456 3509/3357/1456 3511/3356/1456 3510/3310/1456
f 3510/3331/1457 3511/3356/1457 3513/3355/1457 3512/3311/1457
f 3512/3311/1458 3513/3355/1458 3515/3354/1458 3514/3312/1458
f 3514/3333/1459 3515/3354/1459 3517/3353/1459 3516/3313/1459
f 3516/3335/1460 3517/3353/1460 3519/3352/1460 3518/3336/1460
f 3518/3314/1461 3519/3352/1461 3521/3351/1461 3520/3315/1461
f 3520/3339/1462 3521/3351/1462 3523/3350/1462 3522/3316/1462
f 3522/3316/1463 3523/3350/1463 3525/3349/1463 3524/3317/1463
f 3524/3341/1464 3525/3349/1464 3527/3348/1464 3526/3318/1464
f 3526/3318/1465 3527/3348/1465 3529/3347/1465 3528/3319/1465
f 3528/3319/1466 3529/3347/1466 3531/3346/1466 3530/3320/1466
f 3530/3320/1467 3531/3346/1467 3533/3345/1467 3532/3321/1467
f 3532/3326/1468 3533/3345/1468 3535/3344/1468 3534/3322/1468
f 3534/3322/1469 3535/3344/1469 3472/3343/1469 3473/3294/1469
f 3216/3294/1341 3473/3376/1341 3474/3293/1341 3218/3293/1341
f 3545/3179/1349 3577/3179/1349 3576/3177/1349 3544/3177/1349
f 3227/3171/1345 3541/3171/1345 3540/3169/1345 3225/3169/1345
f 3245/3189/1354 3550/3189/1354 3549/3187/1354 3243/3187/1354
f 3263/3207/1363 3559/3207/1363 3558/3205/1363 3261/3205/1363
f 3219/3162/1341 3536/3162/1341 3537/3163/1341 3217/3163/1341
f 3217/3225/1372 3537/3225/1372 3567/3223/1372 3279/3223/1372
f 3237/3181/1350 3546/3181/1350 3545/3179/1350 3235/3179/1350
f 3255/3199/1359 3555/3199/1359 3554/3197/1359 3253/3197/1359
f 3273/3217/1368 3564/3217/1368 3563/3215/1368 3271/3215/1368
f 3229/3173/1346 3542/3173/1346 3541/3171/1346 3227/3171/1346
f 3247/3191/1355 3551/3191/1355 3550/3189/1355 3245/3189/1355
f 3265/3209/1364 3560/3209/1364 3559/3207/1364 3263/3207/1364
f 3221/3165/1342 3538/3165/1342 3536/3162/1342 3219/3162/1342
f 3239/3183/1351 3547/3183/1351 3546/3181/1351 3237/3181/1351
f 3257/3201/1360 3556/3201/1360 3555/3199/1360 3255/3199/1360
f 3275/3219/1369 3565/3219/1369 3564/3217/1369 3273/3217/1369
f 3231/3175/1347 3543/3175/1347 3542/3173/1347 3229/3173/1347
f 3249/3193/1356 3552/3193/1356 3551/3191/1356 3247/3191/1356
f 3267/3211/1365 3561/3211/1365 3560/3209/1365 3265/3209/1365
f 3223/3167/1343 3539/3167/1343 3538/3165/1343 3221/3165/1343
f 3241/3185/1352 3548/3185/1352 3547/3183/1352 3239/3183/1352
f 3259/3203/1361 3557/3203/1361 3556/3201/1361 3257/3201/1361
f 3277/3221/1370 3566/3221/1370 3565/3219/1370 3275/3219/1370
f 3233/3177/1348 3544/3177/1348 3543/3175/1348 3231/3175/1348
f 3251/3195/1357 3553/3195/1357 3552/3193/1357 3249/3193/1357
f 3269/3213/1366 3562/3213/1366 3561/3211/1366 3267/3211/1366
f 3225/3169/1344 3540/3169/1344 3539/3167/1344 3223/3167/1344
f 3243/3187/1353 3549/3187/1353 3548/3185/1353 3241/3185/1353
f 3261/3205/1362 3558/3205/1362 3557/3203/1362 3259/3203/1362
f 3279/3223/1371 3567/3223/1371 3566/3221/1371 3277/3221/1371
f 3235/3179/1349 3545/3179/1349 3544/3177/1349 3233/3177/1349
f 3253/3197/1358 3554/3197/1358 3553/3195/1358 3251/3195/1358
f 3568/3377/1340 3570/3378/1340 3571/3379/1340 3572/3380/1340 3573/3381/1340 3574/3382/1340 3575/3383/1340 3576/3384/1340 3577/3385/1340 3578/3386/1340 3579/3387/1340 3580/3388/1340 3581/3389/1340 3582/3390/1340 3583/3391/1340 3584/3392/1340 3585/3393/1340 3586/3394/1340 3587/3395/1340 3588/3396/1340 3589/3397/1340 3590/3398/1340 3591/3399/1340 3592/3400/1340 3593/3401/1340 3594/3402/1340 3595/3403/1340 3596/3404/1340 3597/3405/1340 3598/3406/1340 3599/3407/1340 3569/3408/1340
f 3559/3207/1363 3591/3207/1363 3590/3205/1363 3558/3205/1363
f 3546/3181/1350 3578/3181/1350 3577/3179/1350 3545/3179/1350
f 3560/3209/1364 3592/3209/1364 3591/3207/1364 3559/3207/1364
f 3547/3183/1351 3579/3183/1351 3578/3181/1351 3546/3181/1351
f 3561/3211/1365 3593/3211/1365 3592/3209/1365 3560/3209/1365
f 3548/3185/1352 3580/3185/1352 3579/3183/1352 3547/3183/1352
f 3562/3213/1366 3594/3213/1366 3593/3211/1366 3561/3211/1366
f 3549/3187/1353 3581/3187/1353 3580/3185/1353 3548/3185/1353
f 3563/3215/1367 3595/3215/1367 3594/3213/1367 3562/3213/1367
f 3550/3189/1354 3582/3189/1354 3581/3187/1354 3549/3187/1354
f 3536/3162/1341 3568/3162/1341 3569/3163/1341 3537/3163/1341
f 3564/3217/1368 3596/3217/1368 3595/3215/1368 3563/3215/1368
f 3551/3191/1355 3583/3191/1355 3582/3189/1355 3550/3189/1355
f 3538/3165/1342 3570/3165/1342 3568/3162/1342 3536/3162/1342
f 3565/3219/1369 3597/3219/1369 3596/3217/1369 3564/3217/1369
f 3552/3193/1356 3584/3193/1356 3583/3191/1356 3551/3191/1356
f 3539/3167/1343 3571/3167/1343 3570/3165/1343 3538/3165/1343
f 3566/3221/1370 3598/3221/1370 3597/3219/1370 3565/3219/1370
f 3553/3195/1357 3585/3195/1357 3584/3193/1357 3552/3193/1357
f 3540/3169/1344 3572/3169/1344 3571/3167/1344 3539/3167/1344
f 3567/3223/1371 3599/3223/1371 3598/3221/1371 3566/3221/1371
f 3554/3197/1358 3586/3197/1358 3585/3195/1358 3553/3195/1358
f 3541/3171/1345 3573/3171/1345 3572/3169/1345 3540/3169/1345
f 3537/3225/1372 3569/3225/1372 3599/3223/1372 3567/3223/1372
f 3555/3199/1359 3587/3199/1359 3586/3197/1359 3554/3197/1359
f 3542/3173/1346 3574/3173/1346 3573/3171/1346 3541/3171/1346
f 3556/3201/1360 3588/3201/1360 3587/3199/1360 3555/3199/1360
f 3543/3175/1347 3575/3175/1347 3574/3173/1347 3542/3173/1347
f 3557/3203/1361 3589/3203/1361 3588/3201/1361 3556/3201/1361
f 3544/3177/1348 3576/3177/1348 3575/3175/1348 3543/3175/1348
f 3558/3205/1362 3590/3205/1362 3589/3203/1362 3557/3203/1362
f 3600/3409/1340 3601/3410/1340 3603/3411/1340 3602/3412/1340
f 3602/3412/1470 3603/3411/1470 3607/3184/1470 3606/3200/1470
f 3654/3413/1471 3655/3414/1471 3681/3414/1471 3682/3413/1471
f 3604/3415/1472 3605/3416/1472 3601/3185/1472 3600/3201/1472
f 3602/3216/1473 3606/3200/1473 3604/3415/1473 3600/3417/1473
f 3607/3184/1470 3603/3411/1470 3609/3411/1470 3610/3184/1470
f 3664/3418/1474 3665/3418/1474 3671/3418/1474 3672/3418/1474
f 3650/3419/1475 3651/3419/1475 3685/3419/1475 3686/3419/1475
f 3603/3411/1340 3601/3410/1340 3608/3410/1340 3609/3411/1340
f 3601/3185/1472 3605/3416/1472 3611/3416/1472 3608/3185/1472
f 3617/3411/1340 3616/3410/1340 3635/3410/1340 3637/3420/1340 3638/3421/1340 3639/3422/1340 3640/3423/1340 3641/3424/1340 3642/3425/1340 3643/3426/1340 3644/3427/1340 3645/3428/1340 3636/3429/1340 3624/3430/1340 3626/3431/1340 3627/3432/1340 3628/3433/1340 3629/3434/1340 3630/3435/1340 3631/3436/1340 3632/3437/1340 3633/3438/1340 3634/3439/1340 3625/3411/1340
f 3609/3411/1340 3608/3410/1340 3612/3410/1340 3613/3411/1340
f 3608/3185/1472 3611/3416/1472 3615/3416/1472 3612/3185/1472
f 3610/3184/1470 3609/3411/1470 3613/3411/1470 3614/3184/1470
f 3647/3440/1476 3657/3441/1476 3678/3441/1476 3679/3440/1476
f 3613/3411/1340 3612/3410/1340 3616/3410/1340 3617/3411/1340
f 3612/3185/1472 3615/3416/1472 3619/3416/1472 3622/3416/1472 3623/3418/1472 3616/3185/1472
f 3616/3185/1373 3623/3418/1373 3658/3418/1373 3635/3185/1373
f 3621/3184/1373 3622/3416/1373 3619/3416/1373 3618/3184/1373
f 3745/3442/1373 3735/3443/1373 3767/3443/1373 3757/3442/1373
f 3614/3184/1470 3613/3411/1470 3617/3411/1470 3620/3419/1470 3621/3184/1470 3618/3184/1470
f 3660/3444/1477 3661/3445/1477 3675/3445/1477 3676/3444/1477
f 3647/3440/1478 3624/3446/1478 3636/3447/1478 3657/3441/1478
f 3635/3185/1479 3658/3418/1479 3667/3418/1479 3637/3185/1479
f 3637/3185/1480 3667/3418/1480 3666/3418/1480 3638/3185/1480
f 3638/3185/1481 3666/3418/1481 3665/3418/1481 3639/3185/1481
f 3639/3185/1482 3665/3418/1482 3664/3418/1482 3640/3185/1482
f 3640/3185/1483 3664/3418/1483 3663/3418/1483 3641/3185/1483
f 3641/3448/1484 3663/3449/1484 3662/3450/1484 3642/3451/1484
f 3642/3451/1485 3662/3450/1485 3661/3445/1485 3643/3452/1485
f 3643/3452/1486 3661/3445/1486 3660/3444/1486 3644/3453/1486
f 3644/3453/1487 3660/3444/1487 3659/3454/1487 3645/3455/1487
f 3645/3455/1488 3659/3454/1488 3657/3441/1488 3636/3447/1488
f 3624/3446/1489 3647/3440/1489 3656/3456/1489 3626/3457/1489
f 3626/3457/1490 3656/3456/1490 3655/3414/1490 3627/3458/1490
f 3627/3458/1491 3655/3414/1491 3654/3413/1491 3628/3459/1491
f 3628/3459/1492 3654/3413/1492 3653/3460/1492 3629/3461/1492
f 3629/3461/1493 3653/3460/1493 3652/3462/1493 3630/3168/1493
f 3630/3411/1494 3652/3419/1494 3651/3419/1494 3631/3411/1494
f 3631/3411/1495 3651/3419/1495 3650/3419/1495 3632/3411/1495
f 3632/3411/1496 3650/3419/1496 3649/3419/1496 3633/3411/1496
f 3633/3411/1497 3649/3419/1497 3648/3419/1497 3634/3411/1497
f 3634/3411/1498 3648/3419/1498 3646/3419/1498 3625/3411/1498
f 3620/3419/1373 3617/3411/1373 3625/3411/1373 3646/3419/1373
f 3610/3184/1470 3614/3184/1470 3734/3184/1470 3712/3184/1470
f 3607/3184/1470 3610/3184/1470 3712/3184/1470 3691/3184/1470
f 3614/3184/1470 3618/3184/1470 3768/3184/1470 3734/3184/1470
f 3622/3416/1499 3621/3184/1499 3778/3184/1499 3780/3463/1499 3781/3464/1499 3782/3465/1499 3783/3466/1499 3784/3467/1499 3785/3468/1499 3786/3469/1499 3787/3470/1499 3788/3471/1499 3779/3443/1499 3813/3442/1499 3815/3472/1499 3816/3473/1499 3817/3474/1499 3818/3475/1499 3819/3476/1499 3820/3477/1499 3821/3478/1499 3822/3479/1499 3823/3480/1499 3814/3416/1499
f 3620/3419/1500 3646/3419/1500 3689/3419/1500 3791/3419/1500 3790/3419/1500
f 3659/3454/1501 3660/3444/1501 3676/3444/1501 3677/3454/1501
f 3846/3481/1502 3836/3482/1502 3825/3483/1502 3858/3484/1502
f 3649/3419/1503 3650/3419/1503 3686/3419/1503 3687/3419/1503
f 3663/3418/1504 3664/3418/1504 3672/3418/1504 3673/3418/1504
f 3653/3460/1505 3654/3413/1505 3682/3413/1505 3683/3460/1505
f 3606/3200/1470 3607/3184/1470 3691/3184/1470 3824/3485/1470 3835/3200/1470
f 3667/3418/1506 3658/3418/1506 3668/3418/1506 3669/3418/1506
f 3657/3441/1507 3659/3454/1507 3677/3454/1507 3678/3441/1507
f 3621/3184/1470 3620/3419/1470 3790/3419/1470 3778/3184/1470
f 3605/3416/1472 3604/3415/1472 3847/3415/1472 3857/3486/1472 3701/3487/1472
f 3648/3419/1508 3649/3419/1508 3687/3419/1508 3688/3419/1508
f 3619/3416/1472 3615/3416/1472 3746/3416/1472 3756/3487/1472
f 3662/3450/1509 3663/3449/1509 3673/3449/1509 3674/3450/1509
f 3702/3442/1373 3690/3443/1373 3713/3443/1373 3723/3442/1373
f 3618/3184/1476 3619/3416/1476 3756/3416/1476 3758/3488/1476 3759/3489/1476 3760/3490/1476 3761/3491/1476 3762/3492/1476 3763/3493/1476 3764/3494/1476 3765/3495/1476 3766/3472/1476 3875/3442/1476 3874/3443/1476 3769/3471/1476 3770/3496/1476 3771/3469/1476 3772/3497/1476 3773/3498/1476 3774/3499/1476 3775/3500/1476 3776/3501/1476 3777/3502/1476 3768/3184/1476
f 3652/3462/1510 3653/3460/1510 3683/3460/1510 3684/3462/1510
f 3666/3418/1511 3667/3418/1511 3669/3418/1511 3670/3418/1511
f 3723/3442/1373 3713/3443/1373 3735/3443/1373 3745/3442/1373
f 3789/3503/1512 3802/3504/1512 3813/3442/1512 3779/3443/1512
f 3656/3456/1513 3647/3440/1513 3679/3440/1513 3680/3456/1513
f 3646/3419/1514 3648/3419/1514 3688/3419/1514 3689/3419/1514
f 3661/3445/1515 3662/3450/1515 3674/3450/1515 3675/3445/1515
f 3658/3418/1516 3623/3418/1516 3801/3418/1516 3803/3418/1516 3668/3418/1516
f 3651/3419/1517 3652/3419/1517 3684/3419/1517 3685/3419/1517
f 3665/3418/1518 3666/3418/1518 3670/3418/1518 3671/3418/1518
f 3623/3418/1472 3622/3416/1472 3814/3416/1472 3801/3418/1472
f 3803/3449/1373 3802/3504/1373 3789/3503/1373 3791/3462/1373 3689/3462/1373 3688/3505/1373 3687/3506/1373 3686/3507/1373 3685/3508/1373 3684/3509/1373 3683/3460/1373 3682/3413/1373 3681/3414/1373 3680/3456/1373 3679/3440/1373 3678/3441/1373 3677/3510/1373 3676/3511/1373 3675/3445/1373 3674/3450/1373 3673/3512/1373 3672/3513/1373 3671/3514/1373 3670/3515/1373 3669/3516/1373 3668/3449/1373
f 3615/3416/1472 3611/3416/1472 3724/3416/1472 3746/3487/1472
f 3655/3414/1519 3656/3456/1519 3680/3456/1519 3681/3414/1519
f 3604/3415/1499 3606/3200/1499 3835/3200/1499 3837/3517/1499 3838/3518/1499 3839/3519/1499 3840/3520/1499 3841/3521/1499 3842/3522/1499 3843/3523/1499 3844/3524/1499 3845/3525/1499 3879/3482/1499 3876/3481/1499 3848/3526/1499 3849/3527/1499 3850/3528/1499 3851/3529/1499 3852/3530/1499 3853/3531/1499 3854/3532/1499 3855/3533/1499 3856/3534/1499 3847/3415/1499
f 3611/3416/1472 3605/3416/1472 3701/3416/1472 3724/3487/1472
f 3789/3419/1520 3792/3419/1520 3791/3419/1520
f 3792/3419/1521 3793/3419/1521 3791/3419/1521
f 3793/3419/1522 3794/3419/1522 3791/3419/1522
f 3794/3419/1521 3795/3419/1521 3791/3419/1521
f 3795/3419/1522 3796/3419/1522 3791/3419/1522
f 3796/3419/1521 3797/3419/1521 3791/3419/1521
f 3797/3419/1499 3798/3419/1499 3791/3419/1499
f 3798/3419/1499 3799/3419/1499 3791/3419/1499
f 3799/3419/1499 3800/3419/1499 3791/3419/1499
f 3800/3419/1499 3790/3419/1499 3791/3419/1499
f 3801/3418/1499 3804/3418/1499 3803/3418/1499
f 3804/3418/1499 3805/3535/1499 3803/3418/1499
f 3805/3535/1499 3806/3418/1499 3803/3418/1499
f 3806/3418/1523 3807/3418/1523 3803/3418/1523
f 3807/3418/1524 3808/3418/1524 3803/3418/1524
f 3808/3418/1522 3809/3418/1522 3803/3418/1522
f 3809/3418/1521 3810/3418/1521 3803/3418/1521
f 3810/3418/1522 3811/3536/1522 3803/3418/1522
f 3811/3536/1521 3812/3536/1521 3803/3418/1521
f 3812/3536/1520 3802/3418/1520 3803/3418/1520
f 3868/3443/1525 3869/3443/1525 3692/3537/1525 3722/3471/1525
f 3722/3471/1526 3692/3537/1526 3693/3538/1526 3721/3496/1526
f 3721/3496/1527 3693/3538/1527 3694/3539/1527 3720/3469/1527
f 3720/3469/1528 3694/3539/1528 3695/3540/1528 3719/3497/1528
f 3719/3497/1529 3695/3540/1529 3696/3541/1529 3718/3184/1529
f 3718/3184/1530 3696/3541/1530 3697/3184/1530 3717/3184/1530
f 3717/3184/1531 3697/3184/1531 3698/3184/1531 3716/3184/1531
f 3716/3184/1532 3698/3184/1532 3699/3184/1532 3715/3184/1532
f 3715/3184/1533 3699/3184/1533 3700/3184/1533 3714/3184/1533
f 3714/3184/1534 3700/3184/1534 3691/3184/1534 3712/3184/1534
f 3724/3487/1535 3701/3416/1535 3703/3416/1535 3733/3416/1535
f 3733/3416/1536 3703/3416/1536 3704/3416/1536 3732/3416/1536
f 3732/3416/1537 3704/3416/1537 3705/3416/1537 3731/3416/1537
f 3731/3416/1538 3705/3416/1538 3706/3416/1538 3730/3416/1538
f 3730/3416/1539 3706/3416/1539 3707/3542/1539 3729/3416/1539
f 3729/3416/1540 3707/3542/1540 3708/3543/1540 3728/3493/1540
f 3728/3493/1541 3708/3543/1541 3709/3544/1541 3727/3545/1541
f 3727/3545/1542 3709/3544/1542 3710/3546/1542 3726/3473/1542
f 3726/3473/1543 3710/3546/1543 3711/3547/1543 3725/3548/1543
f 3725/3548/1544 3711/3547/1544 3870/3442/1544 3871/3442/1544
f 3712/3184/1545 3734/3184/1545 3736/3184/1545 3714/3184/1545
f 3714/3184/1546 3736/3184/1546 3737/3184/1546 3715/3184/1546
f 3715/3184/1532 3737/3184/1532 3738/3184/1532 3716/3184/1532
f 3716/3184/1531 3738/3184/1531 3739/3184/1531 3717/3184/1531
f 3717/3184/1530 3739/3184/1530 3740/3184/1530 3718/3184/1530
f 3718/3184/1529 3740/3184/1529 3741/3497/1529 3719/3497/1529
f 3719/3497/1528 3741/3497/1528 3742/3469/1528 3720/3469/1528
f 3720/3469/1527 3742/3469/1527 3743/3549/1527 3721/3496/1527
f 3721/3496/1526 3743/3549/1526 3744/3471/1526 3722/3471/1526
f 3722/3471/1525 3744/3471/1525 3872/3443/1525 3868/3443/1525
f 3746/3487/1535 3724/3416/1535 3733/3416/1535 3755/3416/1535
f 3755/3416/1547 3733/3416/1547 3732/3416/1547 3754/3416/1547
f 3754/3416/1537 3732/3416/1537 3731/3416/1537 3753/3416/1537
f 3753/3416/1538 3731/3416/1538 3730/3416/1538 3752/3416/1538
f 3752/3416/1539 3730/3416/1539 3729/3416/1539 3751/3416/1539
f 3751/3416/1540 3729/3416/1540 3728/3493/1540 3750/3550/1540
f 3750/3550/1548 3728/3493/1548 3727/3545/1548 3749/3494/1548
f 3749/3494/1542 3727/3545/1542 3726/3473/1542 3748/3551/1542
f 3748/3551/1543 3726/3473/1543 3725/3548/1543 3747/3472/1543
f 3747/3472/1544 3725/3548/1544 3871/3442/1544 3873/3442/1544
f 3874/3443/1525 3872/3443/1525 3744/3471/1525 3769/3471/1525
f 3769/3471/1526 3744/3471/1526 3743/3549/1526 3770/3496/1526
f 3770/3496/1527 3743/3549/1527 3742/3469/1527 3771/3469/1527
f 3771/3469/1528 3742/3469/1528 3741/3497/1528 3772/3497/1528
f 3772/3497/1529 3741/3497/1529 3740/3184/1529 3773/3498/1529
f 3773/3498/1530 3740/3184/1530 3739/3184/1530 3774/3499/1530
f 3774/3499/1531 3739/3184/1531 3738/3184/1531 3775/3500/1531
f 3775/3500/1532 3738/3184/1532 3737/3184/1532 3776/3501/1532
f 3776/3501/1546 3737/3184/1546 3736/3184/1546 3777/3502/1546
f 3777/3502/1534 3736/3184/1534 3734/3184/1534 3768/3184/1534
f 3756/3487/1535 3746/3416/1535 3755/3416/1535 3758/3488/1535
f 3758/3488/1547 3755/3416/1547 3754/3416/1547 3759/3489/1547
f 3759/3489/1537 3754/3416/1537 3753/3416/1537 3760/3490/1537
f 3760/3490/1538 3753/3416/1538 3752/3416/1538 3761/3491/1538
f 3761/3491/1539 3752/3416/1539 3751/3416/1539 3762/3492/1539
f 3762/3492/1540 3751/3416/1540 3750/3550/1540 3763/3493/1540
f 3763/3493/1548 3750/3550/1548 3749/3494/1548 3764/3494/1548
f 3764/3494/1542 3749/3494/1542 3748/3551/1542 3765/3495/1542
f 3765/3495/1543 3748/3551/1543 3747/3472/1543 3766/3472/1543
f 3766/3472/1544 3747/3472/1544 3873/3442/1544 3875/3442/1544
f 3778/3184/1549 3790/3419/1549 3800/3419/1549 3780/3184/1549
f 3780/3184/1550 3800/3419/1550 3799/3419/1550 3781/3184/1550
f 3781/3184/1551 3799/3419/1551 3798/3419/1551 3782/3184/1551
f 3782/3184/1552 3798/3419/1552 3797/3419/1552 3783/3184/1552
f 3783/3184/1553 3797/3419/1553 3796/3419/1553 3784/3552/1553
f 3784/3553/1554 3796/3462/1554 3795/3554/1554 3785/3555/1554
f 3785/3555/1555 3795/3554/1555 3794/3556/1555 3786/3557/1555
f 3786/3557/1556 3794/3556/1556 3793/3558/1556 3787/3559/1556
f 3787/3559/1557 3793/3558/1557 3792/3560/1557 3788/3561/1557
f 3788/3561/1558 3792/3560/1558 3789/3503/1558 3779/3443/1558
f 3801/3418/1559 3814/3416/1559 3823/3416/1559 3804/3418/1559
f 3804/3418/1560 3823/3416/1560 3822/3416/1560 3805/3535/1560
f 3805/3535/1561 3822/3416/1561 3821/3416/1561 3806/3418/1561
f 3806/3418/1562 3821/3416/1562 3820/3416/1562 3807/3418/1562
f 3807/3418/1563 3820/3416/1563 3819/3562/1563 3808/3418/1563
f 3808/3449/1564 3819/3563/1564 3818/3564/1564 3809/3565/1564
f 3809/3565/1565 3818/3564/1565 3817/3566/1565 3810/3567/1565
f 3810/3567/1566 3817/3566/1566 3816/3568/1566 3811/3569/1566
f 3811/3569/1567 3816/3568/1567 3815/3570/1567 3812/3571/1567
f 3812/3571/1568 3815/3570/1568 3813/3442/1568 3802/3504/1568
f 3857/3486/1569 3847/3415/1569 3856/3534/1569 3859/3572/1569
f 3859/3572/1570 3856/3534/1570 3855/3533/1570 3860/3573/1570
f 3860/3573/1571 3855/3533/1571 3854/3532/1571 3861/3574/1571
f 3861/3574/1572 3854/3532/1572 3853/3531/1572 3862/3575/1572
f 3862/3575/1573 3853/3531/1573 3852/3530/1573 3863/3576/1573
f 3863/3576/1574 3852/3530/1574 3851/3529/1574 3864/3577/1574
f 3864/3577/1575 3851/3529/1575 3850/3528/1575 3865/3578/1575
f 3865/3578/1576 3850/3528/1576 3849/3527/1576 3866/3579/1576
f 3866/3579/1577 3849/3527/1577 3848/3526/1577 3867/3580/1577
f 3867/3580/1578 3848/3526/1578 3876/3481/1578 3877/3484/1578
f 3835/3200/1579 3824/3485/1579 3826/3581/1579 3837/3517/1579
f 3837/3517/1580 3826/3581/1580 3827/3582/1580 3838/3518/1580
f 3838/3518/1581 3827/3582/1581 3828/3583/1581 3839/3519/1581
f 3839/3519/1582 3828/3583/1582 3829/3584/1582 3840/3520/1582
f 3840/3520/1583 3829/3584/1583 3830/3585/1583 3841/3521/1583
f 3841/3521/1584 3830/3585/1584 3831/3586/1584 3842/3522/1584
f 3842/3522/1585 3831/3586/1585 3832/3587/1585 3843/3523/1585
f 3843/3523/1586 3832/3587/1586 3833/3588/1586 3844/3524/1586
f 3844/3524/1587 3833/3588/1587 3834/3589/1587 3845/3525/1587
f 3845/3525/1588 3834/3589/1588 3878/3483/1588 3879/3482/1588
f 3869/3443/1525 3878/3483/1525 3834/3589/1525 3692/3537/1525
f 3692/3537/1589 3834/3589/1589 3833/3588/1589 3693/3538/1589
f 3693/3538/1590 3833/3588/1590 3832/3587/1590 3694/3539/1590
f 3694/3539/1528 3832/3587/1528 3831/3586/1528 3695/3540/1528
f 3695/3540/1529 3831/3586/1529 3830/3585/1529 3696/3541/1529
f 3696/3541/1530 3830/3585/1530 3829/3584/1530 3697/3184/1530
f 3697/3184/1531 3829/3584/1531 3828/3583/1531 3698/3184/1531
f 3698/3184/1532 3828/3583/1532 3827/3582/1532 3699/3184/1532
f 3699/3184/1533 3827/3582/1533 3826/3581/1533 3700/3184/1533
f 3700/3184/1534 3826/3581/1534 3824/3485/1534 3691/3184/1534
f 3701/3487/1535 3857/3486/1535 3859/3572/1535 3703/3416/1535
f 3703/3416/1536 3859/3572/1536 3860/3573/1536 3704/3416/1536
f 3704/3416/1537 3860/3573/1537 3861/3574/1537 3705/3416/1537
f 3705/3416/1538 3861/3574/1538 3862/3575/1538 3706/3416/1538
f 3706/3416/1539 3862/3575/1539 3863/3576/1539 3707/3542/1539
f 3707/3542/1540 3863/3576/1540 3864/3577/1540 3708/3543/1540
f 3708/3543/1548 3864/3577/1548 3865/3578/1548 3709/3544/1548
f 3709/3544/1591 3865/3578/1591 3866/3579/1591 3710/3546/1591
f 3710/3546/1592 3866/3579/1592 3867/3580/1592 3711/3547/1592
f 3711/3547/1544 3867/3580/1544 3877/3484/1544 3870/3442/1544
f 3825/3483/1373 3690/3443/1373 3702/3442/1373 3858/3484/1373
f 3713/3443/1373 3690/3443/1373 3869/3443/1373 3868/3443/1373
f 3702/3442/1373 3723/3442/1373 3871/3442/1373 3870/3442/1373
f 3735/3443/1373 3713/3443/1373 3868/3443/1373 3872/3443/1373
f 3723/3442/1373 3745/3442/1373 3873/3442/1373 3871/3442/1373
f 3767/3443/1373 3735/3443/1373 3872/3443/1373 3874/3443/1373
f 3745/3442/1373 3757/3442/1373 3875/3442/1373 3873/3442/1373
f 3846/3481/1373 3858/3484/1373 3877/3484/1373 3876/3481/1373
f 3825/3483/1373 3836/3482/1373 3879/3482/1373 3878/3483/1373
f 3690/3443/1373 3825/3483/1373 3878/3483/1373 3869/3443/1373
f 3858/3484/1373 3702/3442/1373 3870/3442/1373 3877/3484/1373
f 3757/3442/1373 3767/3443/1373 3874/3443/1373 3875/3442/1373
f 3836/3482/1373 3846/3481/1373 3876/3481/1373 3879/3482/1373
f 3924/3590/1472 3936/3591/1472 3891/3592/1472 3881/3593/1472
f 3946/3594/1373 3948/3595/1373 3949/3596/1373 3950/3597/1373 3951/3598/1373 3952/3599/1373 3953/3600/1373 3954/3601/1373 3955/3602/1373 3956/3603/1373 3947/3604/1373 3957/3605/1373 3959/3606/1373 3960/3607/1373 3961/3608/1373 3962/3609/1373 3963/3610/1373 3964/3611/1373 3965/3612/1373 3966/3613/1373 3967/3614/1373 3958/3615/1373 3935/3616/1373 3937/3617/1373 3938/3618/1373 3939/3619/1373 3940/3620/1373 3941/3621/1373 3942/3622/1373 3943/3623/1373 3944/3624/1373 3945/3625/1373 3936/3591/1373 3924/3590/1373 3926/3626/1373 3927/3627/1373 3928/3628/1373 3929/3629/1373 3930/3630/1373 3931/3631/1373 3932/3632/1373 3933/3633/1373 3934/3634/1373 3925/3635/1373
f 3958/3615/1478 3913/3636/1478 3892/3637/1478 3935/3616/1478
f 3880/3638/1340 3882/3639/1340 3883/3640/1340 3884/3641/1340 3885/3642/1340 3886/3643/1340 3887/3644/1340 3888/3645/1340 3889/3646/1340 3890/3647/1340 3881/3648/1340 3891/3649/1340 3893/3650/1340 3894/3651/1340 3895/3652/1340 3896/3653/1340 3897/3654/1340 3898/3655/1340 3899/3656/1340 3900/3657/1340 3901/3658/1340 3892/3659/1340 3913/3660/1340 3915/3661/1340 3916/3662/1340 3917/3663/1340 3918/3664/1340 3919/3665/1340 3920/3666/1340 3921/3667/1340 3922/3668/1340 3923/3669/1340 3914/3670/1340 3902/3671/1340 3904/3672/1340 3905/3673/1340 3906/3674/1340 3907/3675/1340 3908/3676/1340 3909/3677/1340 3910/3678/1340 3911/3679/1340 3912/3680/1340 3903/3681/1340
f 3902/3671/1470 3914/3670/1470 3957/3605/1470 3947/3604/1470
f 3946/3594/1593 3903/3682/1593 3912/3683/1593 3948/3684/1593
f 3948/3684/1594 3912/3683/1594 3911/3685/1594 3949/3686/1594
f 3949/3686/1595 3911/3685/1595 3910/3687/1595 3950/3688/1595
f 3950/3688/1596 3910/3687/1596 3909/3689/1596 3951/3690/1596
f 3951/3690/1597 3909/3689/1597 3908/3216/1597 3952/3200/1597
f 3952/3200/1598 3908/3412/1598 3907/3691/1598 3953/3692/1598
f 3953/3692/1599 3907/3691/1599 3906/3693/1599 3954/3694/1599
f 3954/3694/1600 3906/3693/1600 3905/3695/1600 3955/3696/1600
f 3955/3696/1601 3905/3695/1601 3904/3697/1601 3956/3698/1601
f 3956/3698/1602 3904/3697/1602 3902/3671/1602 3947/3604/1602
f 3913/3636/1603 3958/3615/1603 3967/3699/1603 3915/3700/1603
f 3915/3700/1604 3967/3699/1604 3966/3701/1604 3916/3702/1604
f 3916/3702/1605 3966/3701/1605 3965/3703/1605 3917/3704/1605
f 3917/3704/1606 3965/3703/1606 3964/3705/1606 3918/3706/1606
f 3918/3706/1607 3964/3705/1607 3963/3184/1607 3919/3168/1607
f 3919/3411/1608 3963/3184/1608 3962/3707/1608 3920/3708/1608
f 3920/3708/1609 3962/3707/1609 3961/3709/1609 3921/3710/1609
f 3921/3710/1610 3961/3709/1610 3960/3711/1610 3922/3712/1610
f 3922/3712/1611 3960/3711/1611 3959/3713/1611 3923/3714/1611
f 3923/3714/1612 3959/3713/1612 3957/3605/1612 3914/3670/1612
f 3880/3715/1613 3925/3635/1613 3934/3716/1613 3882/3717/1613
f 3882/3717/1614 3934/3716/1614 3933/3718/1614 3883/3719/1614
f 3883/3719/1615 3933/3718/1615 3932/3720/1615 3884/3721/1615
f 3884/3721/1616 3932/3720/1616 3931/3722/1616 3885/3723/1616
f 3885/3723/1617 3931/3722/1617 3930/3415/1617 3886/3417/1617
f 3886/3201/1618 3930/3415/1618 3929/3724/1618 3887/3725/1618
f 3887/3725/1619 3929/3724/1619 3928/3726/1619 3888/3727/1619
f 3888/3727/1620 3928/3726/1620 3927/3728/1620 3889/3729/1620
f 3889/3729/1621 3927/3728/1621 3926/3730/1621 3890/3731/1621
f 3890/3731/1622 3926/3730/1622 3924/3590/1622 3881/3593/1622
f 3935/3616/1623 3892/3637/1623 3901/3732/1623 3937/3733/1623
f 3937/3733/1624 3901/3732/1624 3900/3734/1624 3938/3735/1624
f 3938/3735/1625 3900/3734/1625 3899/3736/1625 3939/3737/1625
f 3939/3737/1626 3899/3736/1626 3898/3738/1626 3940/3739/1626
f 3940/3739/1627 3898/3738/1627 3897/3448/1627 3941/3416/1627
f 3941/3416/1628 3897/3185/1628 3896/3740/1628 3942/3741/1628
f 3942/3741/1629 3896/3740/1629 3895/3742/1629 3943/3743/1629
f 3943/3743/1630 3895/3742/1630 3894/3744/1630 3944/3745/1630
f 3944/3745/1631 3894/3744/1631 3893/3746/1631 3945/3747/1631
f 3945/3747/1632 3893/3746/1632 3891/3592/1632 3936/3591/1632
f 3903/3682/1473 3946/3594/1473 3925/3635/1473 3880/3715/1473
f 4012/3748/1340 4014/3749/1340 4015/3750/1340 4016/3751/1340 4017/3752/1340 4018/3753/1340 4019/3754/1340 4020/3755/1340 4021/3756/1340 4022/3757/1340 4013/3758/1340 4023/3759/1340 4025/3760/1340 4026/3761/1340 4027/3762/1340 4028/3763/1340 4029/3764/1340 4030/3765/1340 4031/3766/1340 4032/3767/1340 4033/3768/1340 4024/3769/1340 3979/3770/1340 3981/3771/1340 3982/3772/1340 3983/3773/1340 3984/3774/1340 3985/3775/1340 3986/3776/1340 3987/3777/1340 3988/3778/1340 3989/3779/1340 3980/3780/1340 3968/3781/1340 3970/3782/1340 3971/3783/1340 3972/3784/1340 3973/3785/1340 3974/3786/1340 3975/3787/1340 3976/3788/1340 3977/3789/1340 3978/3790/1340 3969/3791/1340
f 4034/3792/1472 4046/3793/1472 4023/3759/1472 4013/3758/1472
f 4045/3794/1478 4002/3795/1478 3979/3796/1478 4024/3797/1478
f 3968/3798/1470 3980/3799/1470 4001/3800/1470 3991/3801/1470
f 3990/3802/1373 3992/3803/1373 3993/3804/1373 3994/3805/1373 3995/3806/1373 3996/3807/1373 3997/3808/1373 3998/3809/1373 3999/3810/1373 4000/3811/1373 3991/3801/1373 4001/3800/1373 4003/3812/1373 4004/3813/1373 4005/3814/1373 4006/3815/1373 4007/3816/1373 4008/3817/1373 4009/3818/1373 4010/3819/1373 4011/3820/1373 4002/3821/1373 4045/3822/1373 4047/3823/1373 4048/3824/1373 4049/3825/1373 4050/3826/1373 4051/3827/1373 4052/3828/1373 4053/3829/1373 4054/3830/1373 4055/3831/1373 4046/3793/1373 4034/3792/1373 4036/3832/1373 4037/3833/1373 4038/3834/1373 4039/3835/1373 4040/3836/1373 4041/3837/1373 4042/3838/1373 4043/3839/1373 4044/3840/1373 4035/3841/1373
f 3990/3842/1633 3969/3843/1633 3978/3844/1633 3992/3845/1633
f 3992/3845/1634 3978/3844/1634 3977/3846/1634 3993/3847/1634
f 3993/3847/1635 3977/3846/1635 3976/3848/1635 3994/3849/1635
f 3994/3849/1636 3976/3848/1636 3975/3850/1636 3995/3851/1636
f 3995/3851/1637 3975/3850/1637 3974/3417/1637 3996/3216/1637
f 3996/3412/1638 3974/3409/1638 3973/3852/1638 3997/3853/1638
f 3997/3853/1639 3973/3852/1639 3972/3854/1639 3998/3855/1639
f 3998/3855/1640 3972/3854/1640 3971/3856/1640 3999/3857/1640
f 3999/3857/1641 3971/3856/1641 3970/3858/1641 4000/3859/1641
f 4000/3859/1642 3970/3858/1642 3968/3798/1642 3991/3801/1642
f 3979/3796/1643 4002/3795/1643 4011/3860/1643 3981/3861/1643
f 3981/3861/1644 4011/3860/1644 4010/3862/1644 3982/3863/1644
f 3982/3863/1645 4010/3862/1645 4009/3864/1645 3983/3865/1645
f 3983/3865/1646 4009/3864/1646 4008/3866/1646 3984/3867/1646
f 3984/3867/1647 4008/3866/1647 4007/3168/1647 3985/3448/1647
f 3985/3410/1648 4007/3411/1648 4006/3868/1648 3986/3869/1648
f 3986/3869/1649 4006/3868/1649 4005/3870/1649 3987/3871/1649
f 3987/3871/1650 4005/3870/1650 4004/3872/1650 3988/3873/1650
f 3988/3873/1651 4004/3872/1651 4003/3874/1651 3989/3875/1651
f 3989/3875/1652 4003/3874/1652 4001/3800/1652 3980/3799/1652
f 4012/3876/1653 4035/3877/1653 4044/3878/1653 4014/3879/1653
f 4014/3879/1654 4044/3878/1654 4043/3880/1654 4015/3881/1654
f 4015/3881/1655 4043/3880/1655 4042/3882/1655 4016/3883/1655
f 4016/3883/1656 4042/3882/1656 4041/3884/1656 4017/3885/1656
f 4017/3885/1657 4041/3884/1657 4040/3200/1657 4018/3415/1657
f 4018/3415/1658 4040/3200/1658 4039/3886/1658 4019/3887/1658
f 4019/3887/1659 4039/3886/1659 4038/3888/1659 4020/3889/1659
f 4020/3889/1660 4038/3888/1660 4037/3890/1660 4021/3891/1660
f 4021/3891/1661 4037/3890/1661 4036/3892/1661 4022/3893/1661
f 4022/3893/1662 4036/3892/1662 4034/3792/1662 4013/3758/1662
f 4045/3794/1663 4024/3797/1663 4033/3894/1663 4047/3895/1663
f 4047/3895/1664 4033/3894/1664 4032/3896/1664 4048/3897/1664
f 4048/3897/1665 4032/3896/1665 4031/3898/1665 4049/3899/1665
f 4049/3899/1666 4031/3898/1666 4030/3900/1666 4050/3901/1666
f 4050/3901/1667 4030/3900/1667 4029/3416/1667 4051/3184/1667
f 4051/3184/1668 4029/3416/1668 4028/3902/1668 4052/3903/1668
f 4052/3903/1669 4028/3902/1669 4027/3904/1669 4053/3905/1669
f 4053/3905/1670 4027/3904/1670 4026/3906/1670 4054/3907/1670
f 4054/3907/1671 4026/3906/1671 4025/3908/1671 4055/3909/1671
f 4055/3909/1672 4025/3908/1672 4023/3759/1672 4046/3793/1672
f 3990/3842/1473 4035/3877/1473 4012/3876/1473 3969/3843/1473
f 4057/3412/1340 4056/3409/1340 4061/3910/1340 4060/3911/1340 4064/3912/1340 4065/3913/1340
f 4059/3200/1470 4057/3412/1470 4065/3913/1470 4066/3914/1470
f 4067/3915/1373 4062/3916/1373 4063/3917/1373 4058/3415/1373 4059/3200/1373 4066/3914/1373
f 4061/3918/1472 4056/3201/1472 4058/3415/1472 4063/3917/1472
f 4057/3216/1473 4059/3200/1473 4058/3415/1473 4056/3417/1473
f 4064/3919/1478 4060/3920/1478 4062/3916/1478 4067/3915/1478
f 4060/3921/1673 4061/3922/1673 4063/3923/1673 4062/3924/1673
f 4064/3925/1674 4067/3924/1674 4066/3926/1674 4065/3927/1674
